module,variable_name,label,values,question_text,response_options,wave_count,waves,in_public_data
ID/Geography,respondent_id,respondent id,,"Constructed, assigned by shift",,17,"1, 2, 3, 4, 5, 6, 7, 8, 9, 10, 11, 12, 13, 14, 15, 16, 17",True
ID/Geography,email,email,,Please enter your email address below for a chance to win a $500 Amazon gift card!,,17,"1, 2, 3, 4, 5, 6, 7, 8, 9, 10, 11, 12, 13, 14, 15, 16, 17",False
ID/Geography,phone,phone number,,"Finally, could you please also enter your cell phone number? We will only use this to notify you if you are a gift card winner or to invite you to participate in our follow-up survey.",,16,"1, 2, 3, 4, 5, 6, 7, 9, 10, 11, 12, 13, 14, 15, 16, 17",False
ID/Geography,qualtrics_id,Qualtrics Var - qualtrics id,,"System variable, from Qualtrics",,17,"1, 2, 3, 4, 5, 6, 7, 8, 9, 10, 11, 12, 13, 14, 15, 16, 17",False
ID/Geography,emp_status_harm,"employment status, clean","1. I am employed,
2. I was furloughed,
3. I was laid off,
4. None of the above,
5. I quit my job and am now unemployed,
6. I am retired (no longer working),
9. Unidentified folks",What is your employment status?,,17,"1, 2, 3, 4, 5, 6, 7, 8, 9, 10, 11, 12, 13, 14, 15, 16, 17",True
ID/Geography,q1_employer,employer name,"1. 1 Walmart,
2. 2 Target,
3. 3 Kmart,
4. 4 Sears,
5. 5 Other,
6. 6 Kroger/QFC,
7. 7 Home Depot,
8. 8 Lowe's,
9. 9 Walgreens,
10. 10 McDonald's,
11. 11 Best Buy,
12. 12 Safeway,
14. 14 I am not employed,
16. 16 Don't know/refuse,
17. 17 CVS,
21. 21 Costco,
35. 35 Macy's,
36. 36 Publix,
37. 37 Starbucks,
38. 38 Subway,
39. 39 Taco Bell,
40. 40 Wendy's,
41. 41 Burger King,
42. 42 Pizza Hut,
43. 43 Marshalls,
44. 44 T.J. Maxx,
45. 45 Gap,
46. 46 Old Navy,
47. 47 Athleta,
48. 48 Banana Republic,
49. 49 Dollar Tree,
50. 50 Dollar General,
51. 51 Family Dollar,
52. 52 JCPenney,
53. 53 Toys 'R' Us,
54. 54 Babies 'R' Us,
55. 55 Kohls,
56. 56 Dunkin Donuts,
57. 57 Victoria's Secret,
58. 58 Albertsons,
59. 59 American Eagle,
60. 60 Arby's,
61. 61 Buffalo Wild Wings,
62. 62 Cheesecake Factory,
63. 63 Chipotle,
64. 64 Denny's,
65. 65 Domino's,
66. 66 Fred Meyer,
67. 67 GameStop,
68. 68 HomeGoods,
69. 69 IHOP,
70. 70 Jack in the Box,
71. 71 Jimmy John's,
72. 72 KFC,
73. 73 Little Caesars,
74. 74 Nordstrom,
75. 75 PCC Natural Markets,
76. 76 Panda Express,
77. 77 Panera,
78. 78 Papa John's,
79. 79 PetSmart,
80. 80 Petco,
81. 81 Potbelly,
82. 82 Red Robin,
83. 83 Rite Aid,
84. 84 Sams Club,
85. 85 ShopRite,
86. 86 Trader Joe's,
87. 87 Verizon,
88. 88 Whole Foods,
89. 89 7-Eleven,
90. 90 Ace Hardware,
91. 91 Advance Auto Parts,
92. 92 Aldi,
93. 93 Allegiance/Foodtown,
94. 94 Associated,
95. 95 Au Bon Pain,
96. 96 Baskin Robbins,
97. 97 Bed Bath &amp; Beyond,
98. 98 Blimpie,
99. 99 Boston Market,
100. 100 Bravo,
101. 101 C-Town,
102. 102 Charley's Philly Steaks,
103. 103 Checker's Drive-In,
104. 104 Chester's Chicken,
105. 105 Chick-Fil-A,
106. 106 Chuck E. Cheese's,
107. 107 Church's Chicken,
108. 108 Cinnabon,
109. 109 Club Foods,
110. 110 Cold Stone Creamery,
111. 111 Dairy Queen,
112. 112 Dick's Sporting Goods,
113. 113 Duane Reade,
114. 114 Fairway Market,
115. 115 Farm Fresh,
116. 116 Five Guys,
117. 117 Giant,
118. 118 Hornbacher's,
120. 120 Ikea,
121. 121 Jamba Juice,
122. 122 Jersey Mike's Subs,
123. 123 Johnny Rockets,
124. 124 Key Food,
125. 125 Le Pain Quotidien,
126. 126 Moe's Southwest Grill,
127. 127 Mrs. Fields,
128. 128 Nathan's Famous,
129. 129 Noodles &amp; Co.,
130. 130 O'Reilly Auto Parts,
131. 131 Office Depot,
132. 132 Olive Garden,
133. 133 Pret a Manger,
134. 134 Qdoba,
135. 135 Quiznos,
136. 136 Sbarro,
137. 137 Shaw's,
138. 138 Shop n Save,
139. 139 Shoppers,
140. 140 Smashburger,
141. 141 Sonic,
142. 142 Sprouts Farmers Market,
143. 143 Steak 'n Shake,
144. 144 Stop &amp; Shop,
145. 145 White Castle,
146. 146 Wingstop,
147. 147 Wegmans,
148. 148 Tim Horton's,
149. 149 T-Mobile,
150. 150 Staples,
151. 151 Ross,
152. 152 Red Lobster,
153. 153 Price Chopper,
154. 154 AT&amp;T,
155. 155 Amazon,
156. 156 Applebees,
157. 157 AutoZone,
158. 158 BJ's Wholesale,
159. 159 Barnes &amp; Noble,
160. 160 Carl's Jr.,
161. 161 Chick-fil-A,
162. 162 Chili's,
163. 163 Food Lion,
164. 164 Food Locker,
165. 165 Forever 21,
166. 166 H&amp;M,
167. 167 HEB,
168. 168 Hannaford,
169. 169 Hardee's,
170. 170 Hy-Vee,
171. 171 Meijer,
172. 172 Tops Food Market,
173. 173 Sprouts Farmers Markets,
174. 174 The Fresh Market,
175. 175 Express,
176. 176 Abercombie &amp; Fitch,
177. 177 NY&amp;C,
178. 178 J.Crew,
179. 179 Apple,
180. 180 Sprint,
181. 181 Urban Outfitters,
182. 182 Cracker Barrel,
183. 183 Perkins,
184. 184 Shoney's,
185. 185 Ruby Tuesday,
186. 186 California Pizza Kitchen,
187. 187 P.F. Chang's,
188. 188 Maggiano's,
189. 189 Morton's,
190. 190 Big Lots,
191. 191 Jo-Ann Fabrics,
192. 192 Hobby Lobby,
193. 193 A.C. Moore,
194. 194 Sam's Club,
195. 195 Moe's,
196. 196 Rally's,
197. 197 Bob Evans,
198. 198 Waffle House,
199. 199 Golden Corral,
200. 200 J. C. Penny,
201. 201 Boscov's,
202. 202 Krispy Kreme,
203. 203 Mister Donut,
204. 204 Honey Dew Donuts,
205. 205 Winchell's Donuts,
206. 206 Mountain Mike's Pizza,
207. 207 Pizza Pizza,
208. 208 Papa Murphy's,
209. 209 99 Cents Only Stores,
210. 210 Harris Teeter,
211. 211 Winn Dixie,
212. 212 Menards,
213. 213 Sherwin Williams,
214. 214 Harbor Freight Tools,
215. 215 Lumber Liquidators Inc.,
216. 216 Dillard's,
217. 217 LongHorn Steakhouse,
218. 218 Texas Roadhouse,
219. 219 Sizzler,
220. 220 TGI Friday's,
221. 221 In-N-Out Burgers,
222. 222 Whataburrger,
223. 223 OfficeMax,
224. 224 Michaels,
225. 225 Culvers,
226. 226 Disney,
227. 227 Exxon,
228. 228 Giant Eagle,
229. 229 Jiffy Lube,
230. 230 Levi's,
231. 231 Nike,
232. 232 Outback Steakhouse,
233. 233 QVC,
234. 234 Saks Fifth Avenue,
235. 235 Shell,
236. 236 Ulta Beauty,
237. 237 Wawa,
238. 238 Zaxby's,
239. 239 Jason's Deli,
240. 240 Bartell Drug,
241. 241 Bath &amp; Body Works,
242. 242 Mobil,
243. 243 REI,
244. 244 Harbor Freight Tools,
245. 245 Payless Shoes,
246. 246 UPS,
247. 247 Marriott,
248. 248 Fedex,
249. 249 Holiday Inn,
250. 250 QuikTrip,
251. 251 Hilton,
252. 252 Wyndham,
253. 253 Best Western,
254. 254 DHL,
255. 255 XPO Logistics,
256. 256 Days Inn,
257. 257 La Quinta,
258. 258 Crowne Plaza Hotels &amp; Resorts,
259. 259 Vons,
260. 260 Ralph's,
261. 261 Hyatt,
262. 262 Sheraton,
263. 263 Ritz Carlton,
264. 264 Westin,
265. 265 Smith's Food and Drug,
266. 266 Kimpton Hotels,
267. 267 Food 4 Less,
268. 268 Round Table,
269. 269 IHG,
270. 270 BJ's Restaurants,
271. 271 Tractor Supply Co.,
272. 272 Acme Markets,
273. 273 Speedway,
274. 274 Popeye's,
275. 275 Burlington,
276. 276 Sephora,
277. 277 Bojangles","Constructed, assigned by shift",,17,"1, 2, 3, 4, 5, 6, 7, 8, 9, 10, 11, 12, 13, 14, 15, 16, 17",False
ID/Geography,q1_employer_text,employer name - text version,,"Constructed, assigned by shift (text version)",,16,"2, 3, 4, 5, 6, 7, 8, 9, 10, 11, 12, 13, 14, 15, 16, 17",False
ID/Geography,ip_address,Qualtrics Var - IP address,,"System variable, from Qualtrics",,17,"1, 2, 3, 4, 5, 6, 7, 8, 9, 10, 11, 12, 13, 14, 15, 16, 17",False
ID/Geography,duration,Qualtrics Var - Survey Duration,,"System variable, from Qualtrics",,9,"9, 10, 11, 12, 13, 14, 15, 16, 17",False
ID/Geography,start_time,Qualtrics Var - survey start time,,"System variable, from Qualtrics",,17,"1, 2, 3, 4, 5, 6, 7, 8, 9, 10, 11, 12, 13, 14, 15, 16, 17",False
ID/Geography,end_time,Qualtrics Var - survey end time,,"System variable, from Qualtrics",,17,"1, 2, 3, 4, 5, 6, 7, 8, 9, 10, 11, 12, 13, 14, 15, 16, 17",False
ID/Geography,finished,Qualtrics Var - Qualtrics indicated survey completed,,"System variable, from Qualtrics",,9,"9, 10, 11, 12, 13, 14, 15, 16, 17",False
ID/Geography,check,Qualtrics Var - attention check,"-99. ,
1.  All of the time,
2.  Most of the time,
3.  Some of the time,
4.  A little of the time,
5.  None of the time","System variable, from Qualtrics",,17,"1, 2, 3, 4, 5, 6, 7, 8, 9, 10, 11, 12, 13, 14, 15, 16, 17",False
ID/Geography,check_employed,Qualtrics Var - attention check,"1. All of the time,
2. Most of the time,
3. Some of the time,
4. A little of the time,
5. None of the time","select ""A little of the time""",,4,"14, 15, 16, 17",False
ID/Geography,latitude,Qualtrics Var - latitude,,"Constructed, assigned by Shift using geocoding in R",,17,"1, 2, 3, 4, 5, 6, 7, 8, 9, 10, 11, 12, 13, 14, 15, 16, 17",False
ID/Geography,longitude,Qualtrics Var - longitude,,"Constructed, assigned by Shift using geocoding in R",,17,"1, 2, 3, 4, 5, 6, 7, 8, 9, 10, 11, 12, 13, 14, 15, 16, 17",False
ID/Geography,month,Qualtrics Survey Distribution Month,,Qualtrics Administrative Variable,,17,"1, 2, 3, 4, 5, 6, 7, 8, 9, 10, 11, 12, 13, 14, 15, 16, 17",True
ID/Geography,year,Qualtrics Survey Distribution Year,,Qualtrics Administrative Variable,,17,"1, 2, 3, 4, 5, 6, 7, 8, 9, 10, 11, 12, 13, 14, 15, 16, 17",True
ID/Geography,month_week,Qualtrics Survey Distribution Date,,Qualtrics Administrative Variable,,1,11,False
ID/Geography,survey,Corresponding Qualtrics Survey,,Qualtrics Administrative Variable,,17,"1, 2, 3, 4, 5, 6, 7, 8, 9, 10, 11, 12, 13, 14, 15, 16, 17",False
ID/Geography,survey_template,Single or Multi Firm Qualtrics Survey,"1.  Single,
2.  Multi,
3.  Reinterview",Qualtrics Administrative Variable,,12,"6, 7, 8, 9, 10, 11, 12, 13, 14, 15, 16, 17",False
ID/Geography,store_num,store number,,"If you know your [EMPLOYER] store number, please enter it here: - Store number",,16,"2, 3, 4, 5, 6, 7, 8, 9, 10, 11, 12, 13, 14, 15, 16, 17",False
ID/Geography,store_st,store street,,Where is the store you work at located? - Street,,15,"2, 3, 4, 5, 6, 7, 8, 9, 10, 11, 12, 13, 14, 15, 16",False
ID/Geography,store_city,store city,,Where is the store you work at located? - City or town,,15,"2, 3, 4, 5, 6, 7, 8, 9, 10, 11, 12, 13, 14, 15, 16",False
ID/Geography,store_state,store state,,Where is the store you work at located? - State,,9,"2, 3, 4, 5, 6, 7, 8, 9, 11",False
ID/Geography,store_ph,store phone,,Where is the store you work at located? - Phone number,,12,"3, 4, 5, 6, 7, 8, 9, 11, 12, 15, 16, 17",False
ID/Geography,store_xst,store cross street,,Where is the store you work at located? - Cross street,,8,"2, 3, 4, 5, 6, 7, 8, 9",False
ID/Geography,statelist_harm_all,state -harmonized with geoIP,"1.  Alabama,
2.  Alaska,
3.  Arizona,
4.  Arkansas,
5.  California,
6.  Colorado,
7.  Connecticut,
8.  Delaware,
9.  Florida,
10.  Georgia,
11.  Hawaii,
12.  Idaho,
13.  Illinois,
14.  Indiana,
15.  Iowa,
16.  Kansas,
17.  Kentucky,
18.  Louisiana,
19.  Maine,
20.  Maryland,
21.  Massachusetts,
22.  Michigan,
23.  Minnesota,
24.  Mississippi,
25.  Missouri,
26.  Montana,
27.  Nebraska,
28.  Nevada,
29.  New Hampshire,
30.  New Jersey,
31.  New Mexico,
32.  New York,
33.  North Carolina,
34.  North Dakota,
35.  Ohio,
36.  Oklahoma,
37.  Oregon,
38.  Pennsylvania,
39.  Rhode Island,
40.  South Carolina,
41.  South Dakota,
42.  Tennessee,
43.  Texas,
44.  Utah,
45.  Vermont,
46.  Virginia,
47.  Washington,
48.  West Virginia,
49.  Wisconsin,
50.  Wyoming,
51.   District of Columbia,
52.  I do not work in the United States",Please select the state where your [Field-EMPLOYERNAME] workplace is located.,,2,"1, 17",False
ID/Geography,statelist_harm,state - harmonized,"1.  Alabama,
2.  Alaska,
3.  Arizona,
4.  Arkansas,
5.  California,
6.  Colorado,
7.  Connecticut,
8.  Delaware,
9.  Florida,
10.  Georgia,
11.  Hawaii,
12.  Idaho,
13.  Illinois,
14.  Indiana,
15.  Iowa,
16.  Kansas,
17.  Kentucky,
18.  Louisiana,
19.  Maine,
20.  Maryland,
21.  Massachusetts,
22.  Michigan,
23.  Minnesota,
24.  Mississippi,
25.  Missouri,
26.  Montana,
27.  Nebraska,
28.  Nevada,
29.  New Hampshire,
30.  New Jersey,
31.  New Mexico,
32.  New York,
33.  North Carolina,
34.  North Dakota,
35.  Ohio,
36.  Oklahoma,
37.  Oregon,
38.  Pennsylvania,
39.  Rhode Island,
40.  South Carolina,
41.  South Dakota,
42.  Tennessee,
43.  Texas,
44.  Utah,
45.  Vermont,
46.  Virginia,
47.  Washington,
48.  West Virginia,
49.  Wisconsin,
50.  Wyoming,
51.   District of Columbia,
52.  I do not work in the United States",Please select the state where your [Field-EMPLOYERNAME] workplace is located.,,15,"3, 4, 5, 6, 7, 8, 9, 10, 11, 12, 13, 14, 15, 16, 17",True
ID/Geography,store_st_autocomplete,"street address of store/establishment, autocompleted",,"Please enter the street address of the store/establishment where you work.
(If you are not satisfied with the autocomplete option, you can edit the information manually).",if employed,1,17,False
ID/Geography,chicago,chicago,"0. No,
1. Yes,
2.  No,
3.  Don't know/refuse",Is your [EMPLOYER] workplace located in Chicago city limits?,if statelist = IL,14,"3, 5, 6, 7, 8, 9, 10, 11, 12, 13, 14, 15, 16, 17",False
ID/Geography,losangeles,los angeles,"0. No,
1. Yes,
2.  No,
3.  Don't know/refuse",Is your [EMPLOYER] workplace located in Los Angeles city limits?,if statelist = CA,15,"3, 4, 5, 6, 7, 8, 9, 10, 11, 12, 13, 14, 15, 16, 17",False
ID/Geography,philadelphia,philidelphia,"0. No,
1. Yes,
2.  No,
3.  Don't know/refuse",Is your[EMPLOYER] workplace located in Philadelphia city limits?,if statelist = PA,15,"3, 4, 5, 6, 7, 8, 9, 10, 11, 12, 13, 14, 15, 16, 17",False
ID/Geography,colorado,colorado,"0. No,
1. Yes,
2.  No,
3.  Don't know/refuse",Is your [EMPLOYER] workplace located in the state of Colorado?,if statelist = CO,2,"6, 7",False
ID/Geography,connecticut,connecticut,"0. No,
1. Yes,
2. No,
3. Don't know/refuse",Is your [EMPLOYER] workplace located in the state of Connecticut?,if statelist = CT,3,"5, 6, 7",False
ID/Geography,washington,washington,"0. No,
1. Yes,
2. No,
3.  Don't know/refuse",Is your [EMPLOYER]  workplace located in the state of Washington?,if statelist = WA,15,"3, 4, 5, 6, 7, 8, 9, 10, 11, 12, 13, 14, 15, 16, 17",False
ID/Geography,seattle,seattle,"0. No,
1. Yes,
2.  No,
3.  Don't know/refuse",Is your [EMPLOYER]  workplace located in Seattle city limits?,if statelist = WA,15,"3, 4, 5, 6, 7, 8, 9, 10, 11, 12, 13, 14, 15, 16, 17",False
ID/Geography,oregon,oregon,"0. No,
1. Yes,
2.  No,
3.  Don't know/refuse",Is your [EMPLOYER]  workplace located in the state of Oregon?,if statelist = OR,14,"4, 5, 6, 7, 8, 9, 10, 11, 12, 13, 14, 15, 16, 17",False
ID/Geography,nycfive,nyc 5 boroughs,"0. No,
1. Yes,
2. No,
3. Don't Know/refuse","Is your [EMPLOYER] workplace located in one of the five boroughs of New York City (Manhattan, Brooklyn, Queens, Staten Island, or the Bronx)?",if statelist = NY,14,"4, 5, 6, 7, 8, 9, 10, 11, 12, 13, 14, 15, 16, 17",False
ID/Geography,nyc,new york city,"1.  Yes,
2.  No,
3.  Don't know/refuse","Constructed, assigned by shift",,15,"3, 4, 5, 6, 7, 8, 9, 10, 11, 12, 13, 14, 15, 16, 17",False
ID/Geography,nys,new york state,"1. Yes,
2. No,
3. Don't know/refuse","Constructed, assigned by shift",if statelist = NY,14,"4, 5, 6, 7, 8, 9, 10, 11, 12, 13, 14, 15, 16, 17",False
ID/Geography,ca_nv_ak,"california, nevada, or alaska","0. No,
1. Yes,
2.  No,
3.  Don't know/refuse","Is your [EMPLOYER] workplace located in the state of California, Nevada, or Alaska?","if geoip in CA, NV, or AK",2,"6, 7",False
ID/Geography,county_fips_fcc,county fips code,,"Constructed, assigned by Shift from geo-code of IP",,17,"1, 2, 3, 4, 5, 6, 7, 8, 9, 10, 11, 12, 13, 14, 15, 16, 17",False
ID/Geography,county_name_fcc,county name,,"Constructed, assigned by Shift from geo-code of IP",,17,"1, 2, 3, 4, 5, 6, 7, 8, 9, 10, 11, 12, 13, 14, 15, 16, 17",False
ID/Geography,state_fips_fcc,state fips code,,"Constructed, assigned by Shift from geo-code of IP",,17,"1, 2, 3, 4, 5, 6, 7, 8, 9, 10, 11, 12, 13, 14, 15, 16, 17",False
ID/Geography,state_name_fcc,state name,,"Constructed, assigned by Shift from geo-code of IP",,17,"1, 2, 3, 4, 5, 6, 7, 8, 9, 10, 11, 12, 13, 14, 15, 16, 17",False
ID/Geography,store_name,store name - text entry,,"Many companies assign each store/establishment an ID number or a name. If your [EMPLOYER NAME] store/establishment has an ID number or name that you know, please enter it here:",,1,16,False
Work Basics,union,union member,"-99. ,
0. No,
1. Yes,
2.  No",Do you belong to a labor union at [EMPLOYER]?,,16,"2, 3, 4, 5, 6, 7, 8, 9, 10, 11, 12, 13, 14, 15, 16, 17",True
Work Basics,longwork,tenure,"1. Less than 1 year,
2. 1-2 years,
3. 3-5 years,
4. 6+ years",How long have you been working at [EMPLOYER] ?,if employed,4,"1, 2, 3, 4",False
Work Basics,longwork_yrs,tenure (yrs),"1.  less than 1 year,
2.  1 year,
3.  2 years,
4.  3 years,
5.  4 years,
6.  5 years,
7.  6 or more years,
8.  I don't work at [Named Employer],
9.  Don't know/refuse",How long have you been working at [EMPLOYER] ?,if employed,16,"2, 3, 4, 5, 6, 7, 8, 9, 10, 11, 12, 13, 14, 15, 16, 17",True
Work Basics,longwork_m,tenure (months),"1.  Less than 1 month,
2.  1 month,
3.  2 months,
4.  3 months,
5.  4 months,
6.  5 months,
7.  6 months,
8.  7 months,
9.  8 months,
10.  9 months,
11.  10 months,
12.  11 months,
13.  Don't know/refuse",How many months have you worked at [EMPLOYER] ?,if employed,16,"2, 3, 4, 5, 6, 7, 8, 9, 10, 11, 12, 13, 14, 15, 16, 17",True
Work Basics,longwork_yrs_new,tenure (yrs) update,"1. Less than 1 year,
2. 1 year,
3. 2 years,
4. 3 years,
5. 4 years,
6. 5 years,
7. 6 years,
8. 7 years,
9. 8 years,
10. 9 years,
11. 10+ years,
12. I don't work at [Named Employer],
13. Don't know/refuse","Constructed, assigned by shift",if employed,11,"6, 7, 8, 9, 10, 11, 12, 13, 14, 15, 16",False
Work Basics,paidhour,paid by hour,"0. No,
1. Yes,
2.  No,
3.  Don't know/Refuse",Are you paid by the hour at [EMPLOYER] ?,if employed,17,"1, 2, 3, 4, 5, 6, 7, 8, 9, 10, 11, 12, 13, 14, 15, 16, 17",False
Work Basics,hourwage_clean,hourly wage,,"How much are you paid per hour at [EMPLOYER] ? 
Please enter dollars per hour (for example, if you earn $10 per hour, enter 10.00).",if employed,17,"1, 2, 3, 4, 5, 6, 7, 8, 9, 10, 11, 12, 13, 14, 15, 16, 17",True
Work Basics,paidtips,wage includes tips,"1.  Hourly pay includes tips,
2.  Hourly pay doesn't include tips,
3.  Does not receive tips",Does that include any tips you might receive at [EMPLOYER] ?,if employed,13,"5, 6, 7, 8, 9, 10, 11, 12, 13, 14, 15, 16, 17",True
Work Basics,weektips,weekly tips amount,,"Please enter the amount you usually earn in tips per week at [EMPLOYER] . Please enter a dollar amount (for example, if you earn $100 in tips per week, enter 100).",if employed,13,"5, 6, 7, 8, 9, 10, 11, 12, 13, 14, 15, 16, 17",True
Work Basics,salary,annual salary,,What is your annual salary at [EMPLOYER] ? Please enter a dollar amount.,if employed,13,"5, 6, 7, 8, 9, 10, 11, 12, 13, 14, 15, 16, 17",False
Work Basics,manager,manager,"0. No,
1. Yes,
2.  No,
4.  Don't know/Refuse",Are you a manager at [EMPLOYER] ?,if employed,17,"1, 2, 3, 4, 5, 6, 7, 8, 9, 10, 11, 12, 13, 14, 15, 16, 17",True
Work Basics,jobtitle,"job title, open",,What is your job title at [EMPLOYER] ?,if employed,17,"1, 2, 3, 4, 5, 6, 7, 8, 9, 10, 11, 12, 13, 14, 15, 16, 17",False
Work Basics,jobtitlelist_simplified,"job title, list, simplified (harmonized)","1. Cashier or clerk,
2. Salesperson,
3. Customer service,
4. Waiter/waitress/server,
5. Host/hostess,
6. Bartender,
7. Barista,
8. Cook,
9. Baker,
10. Butcher/meat cutter,
11. Produce,
12. Sandwich artist or other food preparation,
13. Delivery person,
14. Stocker/stocking/unloading,
15. Driver,
16. Other,
17. Picker,
18. Package handling,
19. Pharmacy technician,
20. Housekeeper,
21. Maintenance,
22. Supervisor",Which job description most closely resembles your primary day-to-day responsibilities at [EMPLOYER] ? - Selected Choice,if employed,12,"6, 7, 8, 9, 10, 11, 12, 13, 14, 15, 16, 17",False
Work Basics,jobtitlelist,"job title, list","1. Cashier or clerk,
2. Salesperson,
3. Customer service,
4. Waiter/waitress/server,
5. Host/hostess,
6. Bartender,
7. Barista,
8. Cook,
9. Baker,
10. Butcher/meat cutter,
11. Produce,
12. Sandwich artist or other food preparation,
13. Delivery person,
14. Stocker/stocking/unloading,
15. Driver,
16. Other,
17. Picker,
18. Package handling,
19. Pharmacy technician,
20. Housekeeper,
21. Maintenance,
22. Supervisor",Which job description most closely resembles your primary day-to-day responsibilities at [EMPLOYER] ? - Selected Choice,if employed,12,"6, 7, 8, 9, 10, 11, 12, 13, 14, 15, 16, 17",False
Work Basics,jobtitlelist_text,"job title, text",,Which job description most closely resembles your primary day-to-day responsibilities at [EMPLOYER] ? - Other - Text,if employed,8,"6, 7, 8, 9, 10, 11, 12, 13",False
Work Basics,workplace,workplace,"1.  Big-box superstore,
2.  Department store,
3.  Retail store,
4.  Grocery store or food market,
5.  Restaurant,
6.  Fast food place,
7.  Coffee shop or cafe,
8.  Hotel or motel,
9.  Warehouse,
10.  Fulfillment center,
11.  Delivery vehicle,
12.  Convenience store or gas station,
13.  Drugstore or pharmacy,
14.  Corporate office or training center,
15.  Call center,
16.  Other","Which of the following best describes your [EMPLOYER] workplace?
 

I work in a... - Selected Choice",if employed,6,"8, 9, 10, 11, 12, 13",False
Work Basics,workplace_text,"workplace, text",,"Which of the following best describes your [EMPLOYER] workplace?
 

I work in a... - Other (specify) - Text",if employed,6,"8, 9, 10, 11, 12, 13",False
Work Basics,paycheck,paycheck amount,,"Thinking about each paycheck you receive from [EMPLOYER] ,...",if employed,3,"5, 6, 7",False
Work Basics,paycheckfreq,paycheck frequency,"1.  Daily,
2.  Weekly,
3.  Every two weeks,
4.  Monthly,
5.  Other,
6.  Don't know/refuse",How often do you receive your paychecks from EMPLOYERNAME?,if employed,3,"5, 6, 7",False
Work Basics,paycheckfreq_text,"paycheck frequency, text",,How often do you receive your paychecks from EMPLOYERNAME?,if employed,3,"5, 6, 7",False
Work Basics,overtime40hr,overtime pay? - 40+ hours per week,"0. No,
1. Yes,
2.  No,
3.  Don't know/refuse","At [EMPLOYER], if you work more than 40 hours in a work week, do you receive overtime pay of at least 1.5 times your regular pay for every additional hour worked above 40 hours that week?",if employed,2,"5, 6",False
Work Basics,overtime12h,overtime pay? - 12+ hours per day,,"At [EMPLOYER] , if you work more than 12 hours in a work d...",if employed,2,"5, 6",False
Work Basics,overtime8hr,overtime pay? - 8+ hours per day,"0. No,
1. Yes,
2.  No,
3.  Don't know/refuse","At [EMPLOYER] , if you work more than 8 hours in a work da...",if employed,2,"5, 6",False
Work Basics,benefits_paidsick,benefits? - paid sick leave,"-99. ,
0.  No,
1.  Yes",Please look at the following list of benefits that employers sometimes make available to their employees. Which of the benefits on this list can you receive as part of your job at [Field-EMPLOYERNAME]? Please mark all that apply. - Paid sick days,if employed,15,"3, 4, 5, 6, 7, 8, 9, 10, 11, 12, 13, 14, 15, 16, 17",True
Work Basics,benefits_paidvacation,benefits? - paid vacation,"-99. ,
0.  No,
1.  Yes",Please look at the following list of benefits that employers sometimes make available to their employees. Which of the benefits on this list can you receive as part of your job at [Field-EMPLOYERNAME]? Please mark all that apply. - Paid vacation days,if employed,15,"3, 4, 5, 6, 7, 8, 9, 10, 11, 12, 13, 14, 15, 16, 17",True
Work Basics,benefits_health,benefits? - health insurance,"-99. ,
0.  No,
1.  Yes",Please look at the following list of benefits that employers sometimes make available to their employees. Which of the benefits on this list can you receive as part of your job at [Field-EMPLOYERNAME]? Please mark all that apply. - Health plan or medical insurance,if employed,15,"3, 4, 5, 6, 7, 8, 9, 10, 11, 12, 13, 14, 15, 16, 17",True
Work Basics,benefits_dental,benefits? - dental insurance,"-99. ,
0.  No,
1.  Yes",Please look at the following list of benefits that employers sometimes make available to their employees. Which of the benefits on this list can you receive as part of your job at [Field-EMPLOYERNAME]? Please mark all that apply. - Dental benefits,if employed,15,"3, 4, 5, 6, 7, 8, 9, 10, 11, 12, 13, 14, 15, 16, 17",True
Work Basics,benefits_paidleave,benefits? - paid leave,"-99. ,
0.  No,
1.  Yes",Please look at the following list of benefits that employers sometimes make available to their employees. Which of the benefits on this list can you receive as part of your job at [Field-EMPLOYERNAME]? Please mark all that apply. - Paid maternity or paternity leave,if employed,15,"3, 4, 5, 6, 7, 8, 9, 10, 11, 12, 13, 14, 15, 16, 17",True
Work Basics,benefits_unpaidleave,benefits? - unpaid leave,"-99. ,
0.  No,
1.  Yes","Please look at the following list of benefits that employers sometimes make available to their employees. Which of the benefits on this list can you receive as part of your job at [Field-EMPLOYERNAME]? Please mark all that apply. - Unpaid maternity or paternity leave which would allow you to return to the same job, or one similar to it",if employed,15,"3, 4, 5, 6, 7, 8, 9, 10, 11, 12, 13, 14, 15, 16, 17",True
Work Basics,benefits_retirementplan,benefits? - retirement plan,"-99. ,
0.  No,
1.  Yes",Please look at the following list of benefits that employers sometimes make available to their employees. Which of the benefits on this list can you receive as part of your job at [Field-EMPLOYERNAME]? Please mark all that apply. - A retirement plan other than Social Security,if employed,15,"3, 4, 5, 6, 7, 8, 9, 10, 11, 12, 13, 14, 15, 16, 17",True
Work Basics,benefits_tuition,benefits? - tuition assistance,"-99. ,
0.  No,
1.  Yes",Please look at the following list of benefits that employers sometimes make available to their employees. Which of the benefits on this list can you receive as part of your job at [Field-EMPLOYERNAME]? Please mark all that apply. - Tuition reimbursement for certain types of schooling,if employed,15,"3, 4, 5, 6, 7, 8, 9, 10, 11, 12, 13, 14, 15, 16, 17",True
Work Basics,benefits_childcare,benefits? - child care,"-99. ,
0.  No,
1.  Yes",Please look at the following list of benefits that employers sometimes make available to their employees. Which of the benefits on this list can you receive as part of your job at [Field-EMPLOYERNAME]? Please mark all that apply. - Company provided or subsidized child care,if employed,15,"3, 4, 5, 6, 7, 8, 9, 10, 11, 12, 13, 14, 15, 16, 17",True
Work Basics,benefits_none,benefits? - none,,Please look at the following list of benefits that employers sometimes make available to their employees. Which of the benefits on this list can you receive as part of your job at [Field-EMPLOYERNAME]? Please mark all that apply. - None of these,if employed,14,"4, 5, 6, 7, 8, 9, 10, 11, 12, 13, 14, 15, 16, 17",True
Work Basics,healthplan,do you have a health plan?,"0. No,
1. Yes,
2.  No,
4.  Don't know/refuse",Do you now have any type of health plan or health coverage?,if employed,16,"2, 3, 4, 5, 6, 7, 8, 9, 10, 11, 12, 13, 14, 15, 16, 17",False
Work Basics,whynoplanfromjob,why no health plan from job?,"-99. ,
1.  I do not work enough hours to qualify,
2.  I have not worked here long enough to qualify,
3.  It's too expensive,
4.  I have a pre-existing condition,
6. Other,
7.  My employer does not offer a health plan,
8.  Missing enrollment or have not not yet enrolled,
9. Choose not to have,
10. Lost insurance,
11. Don't know,
12. Already covered or will receive coverage soon",What is the main reason you do not have a health plan from your main job?,if employed,16,"2, 3, 4, 5, 6, 7, 8, 9, 10, 11, 12, 13, 14, 15, 16, 17",False
Work Basics,whynoplan_text,why no health plan from job? - text,,What is the main reason you do not have a health plan from your main job?-TEXT,if employed,16,"2, 3, 4, 5, 6, 7, 8, 9, 10, 11, 12, 13, 14, 15, 16, 17",False
Work Basics,jobplan,where did you get health plan from?,"-99. ,
1.  I get health coverage through my job,
2.  I bought a health plan myself,
3.  I get health coverage through my spouse or parent's health plan,
4.  I get health coverage from Medicaid or another state or government health plan,
5. Other,
6. I get health coverage through my college or university,
7. More than one source of healthcare","Did you get that health coverage through your job, or did you get it some other way?",if employed,16,"2, 3, 4, 5, 6, 7, 8, 9, 10, 11, 12, 13, 14, 15, 16, 17",False
Work Basics,jobplan_text,where did you get health plan from? - text,,"Did you get that health coverage through your job, or did you get it some other way?-TEXT",if employed,16,"2, 3, 4, 5, 6, 7, 8, 9, 10, 11, 12, 13, 14, 15, 16, 17",False
Work Basics,overtime12hr,received overtime for 12+ hr workday (CO),"0. No,
1. Yes,
2.  No,
3.  Don't know/refuse","At [EMPLOYER NAME], if you work more than 12 hours in a work day, do you receive overtime pay of at least 1.5 times your regular pay for every additional hour worked above 12 hours that day?",if employed,1,6,False
Work Basics,workplace_simplified,workplace (simplified),"1. Store (Big-box, retail, grocery, etc.),
2. Restaurant,
4. Warehouse or fulfillment center,
5. Office,
6. Delivery vehicle,
17. Other (specify):",Which of the following best describes your [EMPLOYER NAME] workplace? I work in a...,if employed,10,"8, 9, 10, 11, 12, 13, 14, 15, 16, 17",False
Work Basics,workplace_simplified_text,"workplace (simplified), text",,Which of the following best describes your [EMPLOYER NAME] workplace? I work in a...,if employed,4,"14, 15, 16, 17",False
Work Basics,jobtitlelist_store,"job title, store workplace","1. Cashier,
2. Salesperson,
3. Customer service,
4. Stocking/unloading,
5. Food prep,
6. Other",Which job description most closely resembles your primary day-to-day responsibilities at your current job?,if employed,4,"14, 15, 16, 17",False
Work Basics,jobtitlelist_store_text,"job title, store workplace",,Which job description most closely resembles your primary day-to-day responsibilities at your current job?,if employed,4,"14, 15, 16, 17",False
Work Basics,jobtitlelist_dining,"job title, dining workplace","1. Cashier,
3. Customer service,
4. Waiter/server,
5. Barista,
6. Other (specify):,
7. Cook,
8. Other food prep,
9. Delivery person",Which job description most closely resembles your primary day-to-day responsibilities at your current job?,if employed,4,"14, 15, 16, 17",False
Work Basics,jobtitlelist_dining_text,"job title, dining workplace",,Which job description most closely resembles your primary day-to-day responsibilities at your current job?,if employed,4,"14, 15, 16, 17",False
Work Basics,jobtitlelist_warehouse,"job title, warehouse workplace","1. Cashier,
3. Customer service,
4. Stocking/unloading,
5. Picker,
6. Other (specify):,
7. Package handling,
8. Driver",Which job description most closely resembles your primary day-to-day responsibilities at your current job?,if employed,4,"14, 15, 16, 17",False
Work Basics,jobtitlelist_warehouse_text,"job title, warehouse workplace",,Which job description most closely resembles your primary day-to-day responsibilities at your current job?,if employed,4,"14, 15, 16, 17",False
Work Basics,jobtitlelist_delivery_oth,"job title, other workplace","3. Customer service,
4. Delivery person,
5. Driver,
6. Other (specify):,
7. Cashier or clerk",Which job description most closely resembles your primary day-to-day responsibilities at your current job?,if employed,4,"14, 15, 16, 17",False
Work Basics,jobtitlelist_deliv_oth_txt,"job title, other workplace",,Which job description most closely resembles your primary day-to-day responsibilities at your current job?,if employed,4,"14, 15, 16, 17",False
Work Basics,workplace_owner,owner of workplace (franchise indicator),"1. My workplace is owned by  directly,
4. My workplace is owned by a franchisee,
5. Don't know/refuse",Who is the owner of the [EMPLOYER NAME] where you work?,if employed,4,"14, 15, 16, 17",False
Work Basics,major_changes_text,text description of recent major company policy changes,,"In the past year, has [EMPLOYER NAME] made any major changes to company policies or practices, at the corporate level, that affect your working conditions? For example, change to company wages/hours, benefits, staffing, equipment/technology, etc.). If yes, please describe the changes and when they happened:",if employed,1,14,False
Work Basics,franchised_owner_mult_est,franchise owner of workplace owns more than one store,"1. Yes,
2. No,
3. Don't know/refuse",Does the owner of your franchised [EMPLOYER NAME] own more than one store/establishment?,if workplace is owned by a franchisee,3,"15, 16, 17",False
Work Basics,franchised_owner_num_est,number of stores franchise owner of workplace owns,"1. 2 - 5,
4. 6 - 10,
5. 11 - 20,
6. 21+,
7. Don't know/refuse","As far as you know, how many stores/establishments does the owner of your franchised [EMPLOYER NAME] own?",if workplace is owned by a franchisee,3,"15, 16, 17",False
Gig,gig,have worked a gig job in last 6 mo,"0. No,
1. Yes,
2.  No","In the last 6 months, have you looked for jobs or earned money by taking on jobs through a website or mobile app (for example, by driving someone from one place to another, caring for kids or elderly people, cleaning someone’s home, or doing online tasks)? ",,2,"5, 6",False
Gig,gig_uber,uber job in last 6 mo,"0.  No,
1.  Yes",What sorts of jobs or tasks have you performed in the last 6 months using these services? Please ,if gig = 1,2,"5, 6",False
Gig,gig_delivery,Delivery service job in last 6 mo,"0.  No,
1.  Yes",What sorts of jobs or tasks have you performed in the last 6 months using these services? Please ,if gig = 1,2,"5, 6",False
Gig,gig_care,care gig job in last 6 mo,"0.  No,
1.  Yes",What sorts of jobs or tasks have you performed in the last 6 months using these services? Please ,if gig = 1,2,"5, 6",False
Gig,gig_homeservice,home service gig job in last 6 mo,"0.  No,
1.  Yes",What sorts of jobs or tasks have you performed in the last 6 months using these services? Please ,if gig = 1,2,"5, 6",False
Gig,gig_online,online gig job in last 6 mo,"0.  No,
1.  Yes",What sorts of jobs or tasks have you performed in the last 6 months using these services? Please ,if gig = 1,2,"5, 6",False
Gig,gig_other,other gig job in last 6 mo,"0.  No,
1.  Yes",What sorts of jobs or tasks have you performed in the last 6 months using these services? Please ,if gig = 1,2,"5, 6",False
Gig,gig_other_text,"other gig job in last 6 mo, text",,What sorts of jobs or tasks have you performed in the last 6 months using these services? Please ,if gig = 1,2,"5, 6",False
Gig,gig_income,importance of gig income?,"1.  It is essential for meeting my basic needs,
2.  It is an important component of my budget, but not essential,
3.  It is nice to have, but I could live comfortably without it,
4.  Don't know/refuse",Which of the following statements best describes the income you earn from using these services? ,if gig = 1,2,"5, 6",False
Gig,gig_control,control over start and stop of gig work?,"1.  Total control,
2.  Almost total control,
3.  Some control,
4.  Little control,
5.  No control","In order to make the income you need or want from these types of services, how much control would you say you have over when you start and stop work?",if gig = 1,2,"5, 6",False
Work Scheduling,usualhours_clean,usual hours worked/week,,How many hours per week do you usually work at [EMPLOYER]?,if employed,16,"2, 3, 4, 5, 6, 7, 8, 9, 10, 11, 12, 13, 14, 15, 16, 17",True
Work Scheduling,greatesthr_clean,greatest hours worked/week in last mo,,"In the last month, what is the greatest number of hours you've worked in a week at [EMPLOYER]? (Please consider all hours, including any extra hours, overtime, work you did at home, and so forth). 
Please enter a number between 0 and 80 hours per week.",if employed,17,"1, 2, 3, 4, 5, 6, 7, 8, 9, 10, 11, 12, 13, 14, 15, 16, 17",False
Work Scheduling,greatesthr,greatest hours worked/week in last mo,,"In the last month, what is the greatest number of hours you've worked in a week at [EMPLOYER]? (Please consider all hours, including any extra hours, overtime, work you did at home, and so forth). 
Please enter a number between 0 and 80 hours per week.",if employed,2,"1, 2",False
Work Scheduling,leasthr,least hours worked/week in last mo,,"In the last month, what is the fewest hours you've worked in a week at [EMPLOYER]? (Please do not include weeks in which you missed work because of illness or vacation.) 
Please enter a number between 0 and 80 hours per week.",if employed,2,"1, 2",False
Work Scheduling,leasthr_clean,least hours worked/week in last mo,,"In the last month, what is the fewest hours you've worked in a week at [EMPLOYER]? (Please do not include weeks in which you missed work because of illness or vacation.) 
Please enter a number between 0 and 80 hours per week.",if employed,17,"1, 2, 3, 4, 5, 6, 7, 8, 9, 10, 11, 12, 13, 14, 15, 16, 17",False
Work Scheduling,schedule,schedule type - harm,"1. 1 Variable schedule,
2. 2 Regular daytime schedule,
3. 3 Regular evening schedule,
4. 4 Regular night shift,
5. 5 Rotating schedule,
6. 6 Split Shift,
7. 7 Other,
8. 8 DK/ref,
9. Mornings,
10. Weekends,
11. Variable and either predictable or uncertain whether predictable (variable and unpredictable is code 1),
12. Set around another schedule (other job, school schedule)","Constructed, assigned by shift",if employed,3,"1, 2, 3",False
Work Scheduling,othsched,schedule type - other,,,if employed AND q1_employer != Other,2,"1, 2",False
Work Scheduling,schedule4,schedule type,"1.  Variable schedule (one that changes from day to day),
2.  Regular daytime schedule,
3.  Regular evening shift,
4.  Regular night shift,
5.  Rotating shift (one that changes regularly from days to evenings or nights),
6.  Split shift (one consisting of two distinct periods each day),
7. Other,
8.  Don't know/Refuse,
9. Mornings,
10. Weekends,
11. Variable and either predictable or uncertain whether predictable (variable and unpredictable is code 1),
12. Set around another schedule (other job, school schedule)",Which of the following best describes your work schedule at [EMPLOYER]? - Selected Choice,if employed,15,"3, 4, 5, 6, 7, 8, 9, 10, 11, 12, 13, 14, 15, 16, 17",False
Work Scheduling,schedule4_text,schedule type text,,Which of the following best describes your work schedule at [EMPLOYER]? - Other (specify) - Text,if employed,15,"3, 4, 5, 6, 7, 8, 9, 10, 11, 12, 13, 14, 15, 16, 17",False
Work Scheduling,hourdecide,how are work hours decided?,"1.  Starting and finishing times are decided by my employer and I cannot change them on my own.,
2.  Starting and finishing times are decided by my employer but with my input.,
3.  I can decide the time I start and finish work, within certain limits.,
4.  I am entirely free to decide when I start and finish work.,
5.  When I start and finish work depends on things outside of my control and outside of my employer's control.,
6.  Don't know/Refuse",Which of the following statements best describes how the times you start and finish work are decided at [EMPLOYER?,if employed,17,"1, 2, 3, 4, 5, 6, 7, 8, 9, 10, 11, 12, 13, 14, 15, 16, 17",False
Work Scheduling,keepschedopen,keep schedule open and available,"-99. ,
0. No,
1. Yes,
2.  No,
3.  Don't know/refuse",Some employees may feel they have to keep their schedule open to be available for their job. Do y...,if employed,17,"1, 2, 3, 4, 5, 6, 7, 8, 9, 10, 11, 12, 13, 14, 15, 16, 17",False
Work Scheduling,choicetotalhr,how much choice over weekly hours?,"1.  None,
2.  Very little,
3.  A little,
4.  A moderate amount,
5.  A lot,
6.  Don't know/refuse",How much choice do you have over the total number of hours you work each week?,if employed,10,"8, 9, 10, 11, 12, 13, 14, 15, 16, 17",False
Work Scheduling,totalhours,how much choice over weekly hours? - older version,"1. A lot,
2. Some,
3. A little,
4. None",,if employed AND q1_employer != Other,1,1,False
Work Scheduling,daytime,freq work day shift,"-99. ,
1. often,
2. sometimes,
3. never","Thinking about your job at [EMPLOYER]}, please say whether...-daytime hours between 8 a.m. and 6 p.m.",if employed,7,"2, 3, 4, 5, 6, 7, 8",False
Work Scheduling,evening,freq work evening shift,"-99. ,
1. often,
2. sometimes,
3. never","Thinking about your job at [EMPLOYER], please say whether...-evening hours after 6 p.m.",if employed,7,"2, 3, 4, 5, 6, 7, 8",False
Work Scheduling,overnight,freq work overnight shift,"-99. ,
1. often,
2. sometimes,
3. never",Thinking about your job at [EMPLOYER]  please say whether...-overnight hours between midnight and 8 a.m.,if employed,7,"2, 3, 4, 5, 6, 7, 8",False
Work Scheduling,earlymorn,freq work early morn shift,"-99. ,
1. often,
2. sometimes,
3. never",Thinking about your job at [EMPLOYER]  please say whether...-early morning hours before 8 a.m.,if employed,7,"2, 3, 4, 5, 6, 7, 8",False
Work Scheduling,workweekends,freq work weekends,"-99. ,
1. often,
2. sometimes,
3. never","Still thinking about your job at [EMPLOYER], please say w...",if employed,5,"5, 6, 7, 8, 9",False
Work Scheduling,mon,freq work Mondays,"-99. ,
1. often,
2. sometimes,
3. never","Still thinking about your job at [EMPLOYER NAME], please say whether you often, sometimes, or never work on..",if employed,3,"2, 3, 4",False
Work Scheduling,tues,freq work Tuesdays,"-99. ,
1. often,
2. sometimes,
3. never","Still thinking about your job at [EMPLOYER NAME], please say whether you often, sometimes, or never work on..",if employed,3,"2, 3, 4",False
Work Scheduling,wed,freq work Wednesdays,"-99. ,
1. often,
2. sometimes,
3. never","Still thinking about your job at [EMPLOYER NAME], please say whether you often, sometimes, or never work on..",if employed,3,"2, 3, 4",False
Work Scheduling,thurs,freq work Thursdays,"-99. ,
1. often,
2. sometimes,
3. never","Still thinking about your job at [EMPLOYER NAME], please say whether you often, sometimes, or never work on..",if employed,3,"2, 3, 4",False
Work Scheduling,fri,freq work Fridays,"-99. ,
1. often,
2. sometimes,
3. never",,if employed,3,"2, 3, 4",False
Work Scheduling,sat,freq work Saturdays,"-99. ,
1. often,
2. sometimes,
3. never","Still thinking about your job at [EMPLOYER NAME], please say whether you often, sometimes, or never work on..",if employed,3,"2, 3, 4",False
Work Scheduling,sun,freq work Sundays,"-99. ,
1. often,
2. sometimes,
3. never","Still thinking about your job at [EMPLOYER NAME], please say whether you often, sometimes, or never work on..",if employed,3,"2, 3, 4",False
Work Scheduling,leasthr_clean3,least hours worked/week in last mo,,"Still thinking about your job at [EMPLOYER NAME], please say whether you often, sometimes, or never work on..",if employed,17,"1, 2, 3, 4, 5, 6, 7, 8, 9, 10, 11, 12, 13, 14, 15, 16, 17",True
Work Scheduling,greatesthr_clean3,greatest hours worked/week in last mo,,"Still thinking about your job at [EMPLOYER NAME], please say whether you often, sometimes, or never work on..",if employed,17,"1, 2, 3, 4, 5, 6, 7, 8, 9, 10, 11, 12, 13, 14, 15, 16, 17",True
Work Scheduling,usualhours,usual hours worked/week (unprocessed),"1. 5 or less,
2. 5-10,
3. 10-15,
4. 15-20,
5. 20-25,
6. 25-30,
7. 30-35,
8. 35-40,
9. 40-45,
10. 45-50,
11. 50+,
12. It varies,
13. Don't know/refuse",,if employed,17,"1, 2, 3, 4, 5, 6, 7, 8, 9, 10, 11, 12, 13, 14, 15, 16, 17",True
Work Scheduling,weekend,recode of workweekends,,,if employed,6,"2, 5, 6, 7, 8, 9",False
Work Scheduling,overtimepay,receive pay for overtime hours,"1. Always paid time and half,
2. Sometimes paid time and half,
3. Never paid time and half,
5. Don't know/refuse",,if employed AND q1_employer != Other,1,1,False
Work Scheduling,daysoff,how much choice over taking days off?,"1. A lot,
2. Some,
3. A little,
4. None",,if employed AND q1_employer != Other,1,1,False
Secure Scheduling,notice,advance notice amount (wks),"1.  Less than 1 week,
2.  At least 1 week but less than 2 weeks,
3.  At least 2 weeks but less than 3 weeks,
4.  At least 3 weeks but less than 4 weeks,
5.  4 weeks or more,
6.  Don't know/Refuse",How far in advance do you usually know what days and hours you will need to work at [EMPLOYER]?,,17,"1, 2, 3, 4, 5, 6, 7, 8, 9, 10, 11, 12, 13, 14, 15, 16, 17",True
Secure Scheduling,daysnotice,advance notice amount (days),"1.  Less than 1 day,
2.  1 day,
3.  2 days,
4.  3 days,
5.  4 days,
6.  5 days,
7.  6 days,
8.  Don't know/refuse",How many days in advance do you usually know your work schedule at[EMPLOYER]?,"If notice = ""Less than 1 week""",17,"1, 2, 3, 4, 5, 6, 7, 8, 9, 10, 11, 12, 13, 14, 15, 16, 17",True
Secure Scheduling,oncall,"worked on-call, in past mo","0. No,
1. Yes,
2.  No,
3.  Don't know/refuse","In the past month or so, have you ever been asked to be ""on-call"" for work at [EMPLOYER] ? By ""on-call,"" we mean you have to be available to work, and you find out if you are needed to work just a few hours before your shift.",1,17,"1, 2, 3, 4, 5, 6, 7, 8, 9, 10, 11, 12, 13, 14, 15, 16, 17",True
Secure Scheduling,num_oncall,"how often on-call, in past mo",,"How many times were you asked to be ""on-call"" for work at [EMPLOYER] in the past month?",if oncall = 1,6,"10, 11, 12, 13, 14, 15",False
Secure Scheduling,num_oncall_text,"how often on-call, in past mo - text",,"How many times were you asked to be ""on-call"" for work at [EMPLOYER] in the past month? - text",,2,"14, 15",False
Secure Scheduling,oncallnoneed,"on-call but not needed, in past mo","0. No,
1. Yes,
2.  No,
3.  Don't know/refuse","In the past month or so, have you ever been asked to be ""on-call"" for work at [EMPLOYER], but then your employer did not need you to work? ",if oncall = 1,7,"2, 3, 4, 5, 6, 7, 8",False
Secure Scheduling,payoncallnoneed,"paid for being on call, in past mo","1.  I was not paid,
2.  I was paid for half of my originally-scheduled hours,
3.  I was paid for all of my originally-scheduled hours,
4. Other,
5.  Don't know/refuse,
9. Salaried,
10. On-call part of job (e.g. management)","The last time this happened, how much were you paid for being ""on-call""? ",if oncall = 1,7,"2, 3, 4, 5, 6, 7, 8",False
Secure Scheduling,cancelshift,"cancelled shift, in past mo","0. No,
1. Yes,
2.  No,
3.  Don't know/refuse","In the past month or so, did your employer ever cancel one of your scheduled shifts at [EMPLOYER]?",if oncall = 1,17,"1, 2, 3, 4, 5, 6, 7, 8, 9, 10, 11, 12, 13, 14, 15, 16, 17",True
Secure Scheduling,num_cancelshift,"how often cancelled shift, in past mo",,How many times did your employer cancel one of your scheduled shifts at [EMPLOYER] in the past month?,if cancelshift = 1,6,"10, 11, 12, 13, 14, 15",False
Secure Scheduling,num_cancelshift_text,"how often cancelled shift, in past mo - text",,How many times did your employer cancel one of your scheduled shifts at [EMPLOYER] in the past month? - text,,2,"14, 15",False
Secure Scheduling,noticecancel,advance notice of cancelled shift,"1.  Less than 24 hours,
2.  1 day,
3.  2 days,
4.  3 days,
5.  4 days,
6.  5 days,
7.  6 days,
8.  at least 1 week but less than 2 weeks,
9.  2 weeks or more,
11.  Don't know/refuse","The last time this happened, how far in advance did you find out about the shift being canceled at [EMPLOYER]?",if cancelshift = 1,7,"2, 3, 4, 5, 6, 7, 8",False
Secure Scheduling,paycancel,paid for cancelled shift,"1.  I was not paid,
2.  I was paid for at least half of my originally-scheduled hours,
3. Other,
4.  Don't know/refuse,
9. Salaried,
10.  Paid using sick day or vacation pay,
12. Not paid but had shift rescheduled","The last time this happened, how much were you paid for the cancelled shift? ",if cancelshift = 1,8,"1, 2, 3, 4, 5, 6, 7, 8",False
Secure Scheduling,happycancel,happy about cancel shift,"1. I was happy about the cancellation,
2. I was neither happy nor unhappy,
3. I was unhappy about the cancellation,
4. Don't know/refuse","The last time your employer canceled a shift, were you happy or unhappy about the shift cancellation? ",if cancelshift = 1,5,"4, 5, 6, 7, 8",False
Secure Scheduling,clopening,"clopening, in past mo","0. No,
1. Yes,
2.  No,
3.  Don't know/refuse","In the past month or so, have you ever worked a closing shift and then worked the very next opening shift with less than 11 hours off in between your shifts at [EMPLOYER]? This is sometimes called ""clopening.""",,17,"1, 2, 3, 4, 5, 6, 7, 8, 9, 10, 11, 12, 13, 14, 15, 16, 17",True
Secure Scheduling,num_clopening,"how often clopening, in past mo",,How many times did you work a closing shift and then work the very next opening shift with less than 11 hours off in between your shifts at [EMPLOYER] in the last month? (clopening),if clopening = 1,6,"10, 11, 12, 13, 14, 15",False
Secure Scheduling,num_clopening_text,"how often clopening, in past mo - text",,How many times did you work a closing shift and then work the very next opening shift with less than 11 hours off in between your shifts at [EMPLOYER] in the last month? (clopening) - text,,2,"14, 15",False
Secure Scheduling,payclopen,paid for clopening,"1.  I was paid only for the hours I actually worked,
2.  I was paid for the hours I worked plus some extra pay because I didn't get at least 10 hours off between shifts,
3. Other,
4.  Don't know/refuse,
9. Salaried,
10. Tips or commission,
11. Not paid for extra time or at all","The last time this happened, how much were you paid for these shifts? ",if clopening = 1,7,"2, 3, 4, 5, 6, 7, 8",False
Secure Scheduling,timing,"change shift timing, in past mo","0. No,
1. Yes,
2.  No,
3.  Don't know/refuse","In the past month or so, did your employer ever change the timing or the length of your scheduled shift at [EMPLOYER]?  For example, your employer asked you to come in early or late, or asked you to leave early or to stay later than the hours you were originally scheduled for.",,15,"3, 4, 5, 6, 7, 8, 9, 10, 11, 12, 13, 14, 15, 16, 17",True
Secure Scheduling,num_timing,"how often shift changed, in past mo",,How many times did your employer change the timing or the length of your scheduled shift at [EMPLOYER] in the last month?,if timing = 1,6,"10, 11, 12, 13, 14, 15",False
Secure Scheduling,num_timing_text,"how often shift changed, in past mo - text",,How many times did your employer change the timing or the length of your scheduled shift at [EMPLOYER] in the last month? - text,,2,"14, 15",False
Secure Scheduling,noticetiming,advance notice of changed shift,"1.  Less than 24 hours,
2.  1 day,
3.  2 days,
4.  3 days,
5.  4 days,
6.  5 days,
7.  6 days,
8.  at least 1 week but less than 2 weeks,
9.  2 weeks or more,
11.  Don't know/refuse","The last time this happened, how far in advance did you find out about the shift being changed at [EMPLOYER]?",if timing = 1,6,"3, 4, 5, 6, 7, 8",False
Secure Scheduling,paytiming,paid for changed shift,"1.  I was paid only for the hours I actually worked,
2.  I was paid for all of the hours I worked, plus some extra pay for the shift change,
3.  Other (please explain),
4.  Don't know/refuse,
9. Salaried,
10. Hours worked plus overtime,
11. Not paid for extra time or at all,
12. Tips or Commission,
13. Paid with vacation time/PTO","The last time this happened, how much were you paid for the changed shift? ",if timing = 1,6,"3, 4, 5, 6, 7, 8",False
Secure Scheduling,paytiming_text,"paid for changed shift, text",,"The last time this happened, how much were you paid for the changed shift? - text",if timing = 1,6,"3, 4, 5, 6, 7, 8",False
Secure Scheduling,happytiming,happy about shift change,"1. I was happy about the change,
2. I was neither happy nor unhappy,
3. I was unhappy about the change,
4. Don't know/refuse","The last time your employer timing or length of your shift, were you happy or unhappy about the shift change? ",if timing = 1,5,"4, 5, 6, 7, 8",False
Secure Scheduling,num_shifts,"number of shifts worked, in past mo (text)",,"You indicated that you worked [EMPLOYER]. Within that range, please estimate the number of shifts you worked last month.",,6,"10, 11, 12, 13, 14, 15",False
Secure Scheduling,num_shifts_cat,"number of shifts worked,  in past mo (range)","1.  1-4 shifts (about 1 shift per week),
2.  5-9 shifts (about 2 shift per week),
3.  10-14 shifts (about 3 shift per week),
4.  15-19 shifts (about 4 shift per week),
5.  20-24 shifts (about 5 shift per week),
6.  25-29 shifts (about 6 shift per week),
7.  more than 30 shifts","Over the past month, can you give an estimate of about how many shifts you have worked at [EMPLOYER]?",if num_shifts = text response is empty,7,"10, 11, 12, 13, 14, 15, 16",False
Secure Scheduling,hourschange,"how have overall work hours changed, in past mo","1. Hours increased,
2. Stayed the same,
3. Hours decreased,
4. Don't know/refuse","Over the past few months, has your number of work hours at [EMPLOYER]  increased, stayed the same, or decreased?",,6,"4, 5, 6, 7, 8, 9",False
Secure Scheduling,hiresimilar,"new employees hired, in past mo","0. No,
1. Yes,
2.  No,
3.  Don't know/refuse","In the past month or so, has your employer hired any new employees to do work that is similar to the job you do at [EMPLOYER]? ",,7,"2, 3, 4, 5, 6, 7, 8",False
Secure Scheduling,offerfirst,offer hours to current employees before hiring,"0. No,
1. Yes,
2.  No,
3.  Don't know/refuse","Did your employer offer current employees more hours first, before hiring the new employee or employees at [EMPLOYER]? ",if hiresimilar = 1,7,"2, 3, 4, 5, 6, 7, 8",False
Secure Scheduling,numhours_change,how have your number of work hours changed over past few months?,,"Over the past few months, has your number of work hours at [EMPLOYER NAME] increased, stayed the same, or decreased?",,1,4,False
Secure Scheduling,schedule_improve,how has your schedule changed  over past few months?,,"Over the past few months, would you say that overall your work schedule at [EMPLOYER NAME] has gotten better, stayed the same, or gotten worse? ",,1,4,False
Secure Scheduling,noticeshort,notice of shortened shift - before W3 checking w/ Danny,"1.  Less than 24 hours,
2.  1 day,
3.  2 days,
4.  3 days,
5.  4 days,
6.  5 days,
7.  6 days,
8.  at least 1 week but less than 2 weeks,
9.  2 weeks or more,
11.  Don't know/refuse","The last time this happened, how far in advance did you find out about your shift getting shortened at ${q://QID202/ChoiceGroup/SelectedChoicesTextEntry}?",,2,"2, 3",False
Secure Scheduling,payshort,pay for shortened shift - before W3 checking w/ Danny,"1.  I was paid only for the hours I actually worked,
2.  I was paid for all of the hours I worked, plus some extra pay for the shift change,
3. Other,
4. Don't know/refuse,
9. Salaried","The last time this happened, how much were you paid? ",,2,"2, 3",False
Secure Scheduling,payshort_text,pay for shortened shift text - before W3 checking w/ Danny,,"The last time this happened, how much were you paid? - Other",,2,"2, 3",False
Secure Scheduling,changeshift,shift timing change - before W3 checking w/ Danny,"0. No,
1. Yes,
2.  No,
3.  Don't know/refuse","In the past month or so, did your employer ever change the timing of your shift at ${q://QID202/ChoiceGroup/SelectedChoicesTextEntry}? For example, changing your morning shift to an afternoon shift or something like that?",,2,"2, 3",False
Secure Scheduling,noticechange,notice of shift timing change - before W3 checking w/ Danny,"1.  Less than 24 hours,
2.  1 day,
3.  2 days,
4.  3 days,
5.  4 days,
6.  5 days,
7.  6 days,
8.  at least 1 week but less than 2 weeks,
9.  2 weeks or more,
10.  Don't know/refuse","The last time this happened, how far in advance did you find out about the timing of your shift being changed at ${q://QID202/ChoiceGroup/SelectedChoicesTextEntry}?",,2,"2, 3",False
Secure Scheduling,paychange,pay for shift timing change - before W3 checking w/ Danny,"1.  I was paid only for the actual hours I worked,
2.  I was paid for the actual hours I worked, plus some extra pay because my shift got moved,
3. Other,
4.  Don't know/refuse","The last time this happened, how much were you paid?",,2,"2, 3",False
Secure Scheduling,paychange_text,pay for shift timing change text - before W3 checking w/ Danny,,"The last time this happened, how much were you paid? - Other",,2,"2, 3",False
Secure Scheduling,noticelong,notice of lengthened shift - before W3 checking w/ Danny,"1.  Less than 24 hours,
2.  1 day,
3.  2 days,
4.  3 days,
5.  4 days,
6.  5 days,
7.  6 days,
8.  at least 1 week but less than 2 weeks,
9.  2 weeks or more,
10.  Don't know/refuse","The last time this happened, how far in advance did you find out about your shift getting lengthened at ${q://QID202/ChoiceGroup/SelectedChoicesTextEntry}?",,2,"2, 3",False
Secure Scheduling,paylong,pay for lengthened shift - before W3 checking w/ Danny,"1.  I was paid only for the hours I actually worked,
2.  I was paid for all of the hours I worked, plus some extra pay for the shift change,
3. Other,
4.  Don't know/refuse,
9. Salaried,
10. Overtime","The last time that happened, how much were you paid?",,2,"2, 3",False
Secure Scheduling,paylong_text,pay for lengthened shift text - before W3 checking w/ Danny,,"The last time that happened, how much were you paid? - other",,2,"2, 3",False
Secure Scheduling,bettersched_advance,how has schedule gotten better - more notice,"0.  No,
1.  Yes","Over the past few months, in what ways has your work schedule gotten better? - I get more advance notice",,4,"5, 6, 7, 8",False
Secure Scheduling,bettersched_change,how has schedule gotten better - less likely to change,"0.  No,
1.  Yes","Over the past few months, in what ways has your work schedule gotten better? - My schedule is less likely to change at the last minute",,4,"5, 6, 7, 8",False
Secure Scheduling,bettersched_convenient,how has schedule gotten better - more convenient times,"0.  No,
1.  Yes","Over the past few months, in what ways has your work schedule gotten better? - I am working at more convenient times",,4,"5, 6, 7, 8",False
Secure Scheduling,bettersched_control,how has schedule gotten better - more control,"0.  No,
1.  Yes","Over the past few months, in what ways has your work schedule gotten better? - I have more control over my schedule",,4,"5, 6, 7, 8",False
Secure Scheduling,bettersched_other,how has schedule gotten better - other,"0.  No,
1.  Yes","Over the past few months, in what ways has your work schedule gotten better? - other",,4,"5, 6, 7, 8",False
Secure Scheduling,bettersched_other_text,how has schedule gotten better - text response,,"Over the past few months, in what ways has your work schedule gotten better? - text response",,4,"5, 6, 7, 8",False
Secure Scheduling,worsesched_advance,how has schedule gotten worse - more notice,"0.  No,
1.  Yes","Over the past few months, in what ways has your work schedule gotten worse? - I get less advance notice",,4,"5, 6, 7, 8",False
Secure Scheduling,worsesched_change,how has schedule gotten worse - less likely to change,"0.  No,
1.  Yes","Over the past few months, in what ways has your work schedule gotten worse? - My schedule is more likely to change at the last minute",,4,"5, 6, 7, 8",False
Secure Scheduling,worsesched_convenient,how has schedule gotten worse - more convenient times,"0.  No,
1.  Yes","Over the past few months, in what ways has your work schedule gotten worse? - I am working at less convenient times",,4,"5, 6, 7, 8",False
Secure Scheduling,worsesched_control,how has schedule gotten worse - more control,"0.  No,
1.  Yes","Over the past few months, in what ways has your work schedule gotten worse? - I have less control over my schedule",,4,"5, 6, 7, 8",False
Secure Scheduling,worsesched_other,how has schedule gotten worse - other,"0.  No,
1.  Yes","Over the past few months, in what ways has your work schedule gotten worse? - other",,4,"5, 6, 7, 8",False
Secure Scheduling,worsesched_other_text,how has schedule gotten worse - text response,,"Over the past few months, in what ways has your work schedule gotten worse? - text response",,4,"5, 6, 7, 8",False
Secure Scheduling,schedqualitychange,how work schedule has changed in past month,"1. Gotten better,
2. Stayed the same,
3. Gotten Worse,
4. Don't know/refuse","Over the past few months, would you say that overall your work schedule at [EMPLOYER NAME] has gotten better, stayed the same, or gotten worse?",,5,"4, 5, 6, 7, 8",False
Knowledge Of Law,secsched_manager,Hear about secure scheduling?  Manager,"-99. ,
0. No,
1. Yes",How did you hear about the secure scheduling ordinance? - From my manager,,5,"2, 3, 4, 6, 8",False
Knowledge Of Law,secsched_workpost,Hear about secure scheduling? - Work post,"-99. ,
0. No,
1. Yes",How did you hear about the secure scheduling ordinance? - From a posting at work,,5,"2, 3, 4, 6, 8",False
Knowledge Of Law,secsched_coworker,Hear about secure scheduling? - Coworker,"-99. ,
0. No,
1. Yes",How did you hear about the secure scheduling ordinance? - From a co-worker,,5,"2, 3, 4, 6, 8",False
Knowledge Of Law,secsched_friend,Hear about secure scheduling? - From friend or family,"-99. ,
0. No,
1. Yes",How did you hear about the secure scheduling ordinance? - From a friend or family member,,5,"2, 3, 4, 6, 8",False
Knowledge Of Law,secsched_media,Hear about secure scheduling? - From media,"-99. ,
0. No,
1. Yes","How did you hear about the secure scheduling ordinance? - From the media (news, internet, etc.)",,5,"2, 3, 4, 6, 8",False
Knowledge Of Law,secsched_org,Hear about secure scheduling? - From a community org,"-99. ,
0. No,
1. Yes",How did you hear about the secure scheduling ordinance? - From a community organization or nonprofit.,,5,"2, 3, 4, 6, 8",False
Knowledge Of Law,secsched_union,Hear about secure scheduling? - From a union,"-99. ,
0. No,
1. Yes",How did you hear about the secure scheduling ordinance? - From a labor union,,5,"2, 3, 4, 6, 8",False
Knowledge Of Law,secsched_other,Hear about secure scheduling? -other,"-99. ,
0. No,
1. Yes",How did you hear about the secure scheduling ordinance? - other,,5,"2, 3, 4, 6, 8",False
Knowledge Of Law,secsched_text,Hear about secure scheduling? - From city gov,,How did you hear about the secure scheduling ordinance? - text,,6,"1, 2, 3, 4, 6, 8",False
Knowledge Of Law,secsched_refuse,CHECKING WITH DANNY,"0. No,
1. Yes",,,2,"2, 3",False
Knowledge Of Law,secsched_state,CHECKING WITH DANNY,,,,2,"6, 8",False
Knowledge Of Law,secsched_city,CHECKING WITH DANNY,,,,3,"4, 6, 8",False
Knowledge Of Law,secsched_manager_nyc,Hear about NYC secure scheduling?  - Manager,,How did you hear about the secure scheduling ordinance? - From my manager,If in NYC,1,6,False
Knowledge Of Law,secsched_workpost_nyc,Hear about NYC secure scheduling? - Work post,,How did you hear about the secure scheduling ordinance? - From a posting at work,If in NYC,1,6,False
Knowledge Of Law,secsched_coworker_nyc,Hear about NYC secure scheduling? - From a co-worker,,How did you hear about the secure scheduling ordinance? - From a co-worker,If in NYC,1,6,False
Knowledge Of Law,secsched_friend_nyc,Hear about secure scheduling? - From friend or family,,How did you hear about the secure scheduling ordinance? - From a friend or family member,If in NYC,1,6,False
Knowledge Of Law,secsched_media_nyc,Hear about secure scheduling? - From media,,"How did you hear about the secure scheduling ordinance? - From the media (news, internet, etc.)",If in NYC,1,6,False
Knowledge Of Law,secsched_org_nyc,Hear about secure scheduling? - From a community org,,How did you hear about the secure scheduling ordinance? - From a community organization or nonprofit.,If in NYC,1,6,False
Knowledge Of Law,secsched_union_nyc,Hear about secure scheduling? - From a union,,How did you hear about the secure scheduling ordinance? - From a labor union,If in NYC,1,6,False
Knowledge Of Law,secsched_other_nyc,Hear about secure scheduling? -other,,How did you hear about the secure scheduling ordinance? - other,If in NYC,1,6,False
Knowledge Of Law,secsched_state_city_nyc,Hear about secure scheduling? - From city gov,,How did you hear about the secure scheduling ordinance? - City government?,If in NYC,1,6,False
Knowledge Of Law,nyclaw_paidsicksafe,Hear about NYC Paid Safe and Sick Leave Law?,"0. No,
1. Yes",Have you heard anything about the following New York laws? - Paid Safe and Sick Leave Law,if in New York state,2,"6, 8",False
Knowledge Of Law,nyclaw_secsched,Hear about NYC Fair Workweek Law for fast-food workers?,"0. No,
1. Yes",Have you heard anything about the following New York laws? - Fair workweek law for fast food workers,if in New York state,2,"6, 8",False
Knowledge Of Law,nyclaw_schedchange,Hear about NYC Temporary Schedule Change Law?,"0. No,
1. Yes,
2. No",Have you heard anything about the following New York laws? - Temporary schedule change law,if in New York state,1,8,False
Knowledge Of Law,nyslaw_minwage,Hear about NY State Minimum Wage Laws?,"0. No,
1. Yes,
2. No",Have you heard anything about the following New York laws? - State minimum wage laws,if in New York state,1,8,False
Knowledge Of Law,nyslaw_famleave,Hear about NY Paid Family Leave Policy?,"0. No,
1. Yes,
2. No",Have you heard anything about the following New York laws? - Paid family leave policy,if in New York state,1,8,False
Knowledge Of Law,secsched_manager_or,Hear about OR secure scheduling?  - Manager,,How did you hear about the secure scheduling ordinance? - From my manager,If in OR,2,"6, 8",False
Knowledge Of Law,secsched_workpost_or,Hear about OR secure scheduling? - Work post,,How did you hear about the secure scheduling ordinance? - From a posting at work,If in OR,2,"6, 8",False
Knowledge Of Law,secsched_coworker_or,Hear about OR secure scheduling? - From a co-worker,,How did you hear about the secure scheduling ordinance? - From a co-worker,If in OR,2,"6, 8",False
Knowledge Of Law,secsched_friend_or,Hear about OR secure scheduling? - From friend or family,,How did you hear about the secure scheduling ordinance? - From a friend or family member,If in OR,2,"6, 8",False
Knowledge Of Law,secsched_state_or,Hear about OR secure scheduling? - From media,,"How did you hear about the secure scheduling ordinance? - From the media (news, internet, etc.)",If in OR,2,"6, 8",False
Knowledge Of Law,secsched_media_or,Hear about OR secure scheduling? - From a community org,,How did you hear about the secure scheduling ordinance? - From a community organization or nonprofit.,If in OR,2,"6, 8",False
Knowledge Of Law,secsched_org_or,Hear about OR secure scheduling? - From a union,,How did you hear about the secure scheduling ordinance? - From a labor union,If in OR,2,"6, 8",False
Knowledge Of Law,secsched_union_or,Hear about OR secure scheduling? -other,,How did you hear about the secure scheduling ordinance? - City government?,If in OR,2,"6, 8",False
Knowledge Of Law,secsched_other_or,Hear about OR secure scheduling? - From city gov,,How did you hear about the secure scheduling ordinance? - other,If in OR,2,"6, 8",False
Knowledge Of Law,secsched_text_or,Hear about OR secure scheduling? -other text,,,If in OR,2,"6, 8",False
Knowledge Of Law,orlaw_schedchange,Hear about Oregon fair scheduling?,"0. No,
1. Yes",Have you heard anything about the following laws recent passed in Oregon? - Fair Scheduling,If in OR,1,6,False
Knowledge Of Law,orlaw_famleave,Hear about Oregon paid sick leave?,"0. No,
1. Yes",Have you heard anything about the following laws recent passed in Oregon? - Paid Sick Leave,If in OR,1,6,False
Knowledge Of Law,orlaw_minwage,Hear about Oregon Minimum Wage Increases?,"0. No,
1. Yes",Have you heard anything about the following laws recently passed in Oregon? - Minimum wage increases,If in OR,2,"6, 8",False
Knowledge Of Law,orlaw_paidsick,Hear about Oregon Paid Sick Leave Law?,"0. No,
1. Yes",Have you heard anything about the following laws recently passed in Oregon? - paid sick leave,If in OR,2,"6, 8",False
Knowledge Of Law,orlaw_secsched,Hear about Oregon Fair Scheduling Law?,"0. No,
1. Yes",Have you heard anything about the following laws recently passed in Oregon? - fair scheduling,If in OR,2,"6, 8",False
Knowledge Of Law,orlaw_equalpay,Hear about Oregon Equal Pay Act?,"0. No,
1. Yes",Have you heard anything about the following laws recently passed in Oregon? - equal pay act,If in OR,2,"6, 8",False
Knowledge Of Law,orlaw_volunteer,Employer has voluntary 'stand by' employees list,"0. No,
1. Yes,
3. Don't know/refuse","Does your employer, [EMPLOYER NAME], have a list of employees who have volunteered to be on “stand-by” to cover unanticipated absences or business needs?",If in OR,2,"6, 8",False
Knowledge Of Law,orlaw_volunteerresp,Volunteered to be on 'stand by',"0. No,
1. Yes,
3. Don't know/refuse",Did you choose to be a volunteer employee on stand-by to cover unanticipated absences or business needs?,If in OR,2,"6, 8",False
Hours Pref And Wlc,satisfywork2,overall job satisfaction,"-99. ,
1.  Very satisfied,
2.  Somewhat satisfied,
3.  Not too satisfied,
4.  Not at all satisfied","All in all, how satisfied would you say you are with your job at [EMPLOYERNAME]?",,16,"2, 3, 4, 5, 6, 7, 8, 9, 10, 11, 12, 13, 14, 15, 16, 17",True
Hours Pref And Wlc,satisfysched,overall schedule satisfaction,"-99. ,
1.  Very satisfied,
2.  Somewhat satisfied,
3.  Not too satisfied,
4.  Not at all satisfied","All in all, how satisfied are you with your work schedule",,7,"2, 3, 4, 5, 6, 7, 8",False
Hours Pref And Wlc,likemorehours,like more hours,"1.  Strongly agree,
2.  Agree,
3.  Disagree,
4.  Strongly disagree,
6.  Agree,
8.  Strongly disagree",Do you agree or disagree?: I would like to work more hours at [EMPLOYERNAME].,,17,"1, 2, 3, 4, 5, 6, 7, 8, 9, 10, 11, 12, 13, 14, 15, 16, 17",True
Hours Pref And Wlc,likemorepredict,like more predictable schedule,"-99. ,
1. Strongly Agree,
2. Agree,
3. Disagree,
4. Strongly Disagree",Do you agree or disagree?: I would like to have a more stable and predictable schedule.,,14,"1, 2, 3, 4, 5, 6, 7, 8, 12, 13, 14, 15, 16, 17",True
Hours Pref And Wlc,likepredictsched,like more predictable schedule,"1. Strongly agree,
2. Agree,
3. Disagree,
4. Strongly disagree",Do you agree or disagree?: I would like to have a more stable and predictable schedule.,,1,11,False
Hours Pref And Wlc,newjob3m,likely to look for new job,"-99. ,
1.  Very likely,
2.  Somewhat likely,
3.  Not at all likely","Taking everything into consideration, how likely is it you will make a genuine effort to find a
new job within the next 3 months?",,16,"2, 3, 4, 5, 6, 7, 8, 9, 10, 11, 12, 13, 14, 15, 16, 17",True
Hours Pref And Wlc,advopp,carreer advancement opportunities,"1. It is likely that I will be promoted at my primary job,
2. It is unlikely that I will be promoted at my primary job,
3. There are no promotion opportunities available at my primary job,
4. Don't know/refuse",Which of the following best describes your career advancement opportunities at [EMPLOYERNAME]?,,10,"8, 9, 10, 11, 12, 13, 14, 15, 16, 17",False
Hours Pref And Wlc,gettimeoff,easy to get time off,"-99. ,
1. Strongly Agree,
2. Agree,
3. Disagree,
4. Strongly Disagree",Do you agree or disagree?: It is easy to get time off from [EMPLOYERNAME] when I need it.,,17,"1, 2, 3, 4, 5, 6, 7, 8, 9, 10, 11, 12, 13, 14, 15, 16, 17",True
Hours Pref And Wlc,hardcaregive,schedule makes it hard to provide care to family,"-99. ,
1.  Always true,
2.  Often true,
3.  Sometimes true,
4.  Never true",My shift and work schedule at EMPLOYERNAME make it hard for me to provide caregiving for my famil,,7,"2, 3, 4, 5, 6, 7, 8",False
Hours Pref And Wlc,shiftfamilystress,schedule causes stress for family,"-99. ,
1.  Always true,
2.  Often true,
3.  Sometimes true,
4.  Never true",My shift and work schedule at EMPLOYERNAME cause extra stress for me and my family.,,8,"1, 2, 3, 4, 5, 6, 7, 8",False
Hours Pref And Wlc,handlpersatwork,difficult to handle personal matters at work,"-99. ,
1.  Always true,
2.  Often true,
3.  Sometimes true,
4.  Never true","At [EMPLOYERNAME], it is difficult to deal with family or personal matters during working hours.",,17,"1, 2, 3, 4, 5, 6, 7, 8, 9, 10, 11, 12, 13, 14, 15, 16, 17",True
Hours Pref And Wlc,flexhandlefamily,schedule flexibile to family needs,"-99. ,
1.  Always true,
2.  Often true,
3.  Sometimes true,
4.  Never true","In my work schedule at [EMPLOYERNAME], I have enough flexibility to handle family needs.",,17,"1, 2, 3, 4, 5, 6, 7, 8, 9, 10, 11, 12, 13, 14, 15, 16, 17",True
Hours Pref And Wlc,betherefamily,schedule makes it hard to be there for family,"1. Strongly Agree,
2. Agree,
3. Disagree,
4. Strongly Disagree",Do you agree or disagree?: My work schedule makes it hard to be there for my family.,,1,1,False
Hours Pref And Wlc,timejobfulfill,work hours make it difficult to fulfill family responsbilities,"1. Strongly Agree,
2. Agree,
3. Disagree,
4. Strongly Disagree",Do you agree or disagree?: The amount of time your job takes up makes it difficult to fulfill your family or personal responsibilities,,1,1,False
Hours Pref And Wlc,homeinterferejob,home life interferes with work responsibilities,"1. Strongly Agree,
2. Agree,
3. Disagree,
4. Strongly Disagree","Do you agree or disagree?: Your home life interferes with your responsibilities at work, such as getting to work on time, accomplishing daily tasks, and working overtime. ",,1,1,False
Hours Pref And Wlc,mgrcovershift,If can't make shift - manager finds cover,"1.  Very true,
2.  Somewhat true,
3.  Not at all true",If something happens and I can't make it to my scheduled shift... - My manager will find someone to cover my shift,,10,"7, 8, 10, 11, 12, 13, 14, 15, 16, 17",False
Hours Pref And Wlc,icovershift,If can't make shift - I find cover,"1.  Very true,
2.  Somewhat true,
3.  Not at all true",If something happens and I can't make it to my scheduled shift... - I am responsible for finding someone to cover my shift,,9,"7, 10, 11, 12, 13, 14, 15, 16, 17",False
Hours Pref And Wlc,swapshiftapp2,If can't make shift - use app to swap shift,"1.  Very true,
2.  Somewhat true,
3.  Not at all true",If something happens and I can't make it to my scheduled shift... - I can use an app or other online tool to swap shifts with with coworkers,,1,11,False
Hours Pref And Wlc,trycovershift,If can't make shift - co-workers try to cover,"1.  Very true,
2.  Somewhat true,
3.  Not at all true",If something happens and I can't make it to my scheduled shift... - My co-workers will try their best to cover for me,,9,"7, 10, 11, 12, 13, 14, 15, 16, 17",False
Hours Pref And Wlc,swapshiftapp,have app to swap shifts,"1.  Very true,
2.  Somewhat true,
3.  Not at all true","At my [EMPLOYERNAME] workplace, I have access to an app or other online tool to swap shifts with co-workers.",,5,"7, 8, 10, 11, 12",False
Hours Pref And Wlc,coworkersupport,feel supported by co-workers,"1.  Very true,
2.  Somewhat true,
3.  Not at all true","At my [EMPLOYERNAME] workplace, I feel supported by my co-workers.",,6,"7, 10, 11, 12, 13, 14",False
Hours Pref And Wlc,superfair,supervisor - treats me fairly,"-99. ,
1.  Always true,
2.  Often true,
3.  Sometimes true,
4.  Never true","At EMPLOYERNAME, my immediate supervisor treats me fairly.",,7,"2, 3, 4, 5, 6, 7, 8, 2, 3, 4, 5, 6, 7, 8",False
Hours Pref And Wlc,supergender,supervisor - gender,"-99. ,
1.  Male,
2.  Female,
3.  I do not have an immediate supervisor or do not have just one immediate supervisor,
4. Other",Is your immediate supervisor at EMPLOYERNAME male or female?,,7,"2, 3, 4, 5, 6, 7, 8, 2, 3, 4, 5, 6, 7, 8",False
Hours Pref And Wlc,superwhite,supervisor - race  - white,"-99. ,
0. No,
1. Yes",How would you describe the race/ethnicity of your immediate supervisor at EMPLOYERNAME? Please ma...-White,,7,"2, 3, 4, 5, 6, 7, 8, 2, 3, 4, 5, 6, 7, 8",False
Hours Pref And Wlc,superhisp,supervisor - race - hisp,"-99. ,
0. No,
1. Yes",How would you describe the race/ethnicity of your immediate supervisor at EMPLOYERNAME? Please ma...-Hispanic or Latino/Latina,,7,"2, 3, 4, 5, 6, 7, 8, 2, 3, 4, 5, 6, 7, 8",False
Hours Pref And Wlc,superblack,supervisor - race - black,"-99. ,
0. No,
1. Yes",How would you describe the race/ethnicity of your immediate supervisor at EMPLOYERNAME? Please ma...-Black or African American,,7,"2, 3, 4, 5, 6, 7, 8, 2, 3, 4, 5, 6, 7, 8",False
Hours Pref And Wlc,superapi,supervisor - race - api,"-99. ,
0. No,
1. Yes",How would you describe the race/ethnicity of your immediate supervisor at EMPLOYERNAME? Please ma...-Asian or Pacific Islander,,7,"2, 3, 4, 5, 6, 7, 8, 2, 3, 4, 5, 6, 7, 8",False
Hours Pref And Wlc,superaian,supervisor - race - aian,"-99. ,
0. No,
1. Yes",How would you describe the race/ethnicity of your immediate supervisor at EMPLOYERNAME? Please ma...-American Indian or Alaskan Native,,7,"2, 3, 4, 5, 6, 7, 8, 2, 3, 4, 5, 6, 7, 8",False
Hours Pref And Wlc,superoth,supervisor - race - other,"0. No,
1. Yes",How would you describe the race/ethnicity of your immediate supervisor at EMPLOYERNAME? Please ma...-Other,,7,"2, 3, 4, 5, 6, 7, 8, 2, 3, 4, 5, 6, 7, 8",False
Hours Pref And Wlc,unpaidcare,"provided care to loved one, in past mo?","0.  No,
1.  Yes","In the past month, have you provided unpaid care to a relative or friend to help them take care o...",,2,"7, 8, 8, 9",False
Hours Pref And Wlc,care_missshift,caregiving responsibilities - had to miss shift,"0.  No,
1.  Yes","In your experience as both a worker and a caregiver, have you ever had to miss a shift of work?",if unpaidcare = yes,2,"7, 8, 8, 9",False
Hours Pref And Wlc,care_noprom,caregiving responsibilities - had to turn down promotion,"0.  No,
1.  Yes","In your experience as both a worker and a caregiver, have you ever had to turn down a promotion?",if unpaidcare = yes,2,"7, 8, 8, 9",False
Hours Pref And Wlc,care_pt_quit,caregiving responsibilities - had to quit work,"0.  No,
1.  Yes","In your experience as both a worker and a caregiver, have you ever had to go from working fulltim...",if unpaidcare = yes,2,"7, 8, 8, 9",False
Hours Pref And Wlc,care_timeoff,caregiving responsibilities - had to take time off work,"0.  No,
1.  Yes","In your experience as both a worker and a caregiver, have you ever had to go in late, leave early...",if unpaidcare = yes,2,"7, 8, 8, 9",False
Hours Pref And Wlc,plan,difficult to make committed plans ourside of work,"-99. ,
1.  Always true,
2.  Often true,
3.  Sometimes true,
4.  Never true","Outside of work, it is difficult to make firm commitments to be at a certain place at a certain t...",,1,8,False
Hours Pref And Wlc,goodjob_pay,important part of a good job? Level of pay,"1. Not at all important,
2. Not very important,
3. Neither important nor unimportant,
4. Somewhat important,
5. Extremely important",How important are each of the following characteristics for you personally to consider a job to b...-Level of pay,,2,"8, 9",False
Hours Pref And Wlc,goodjob_predpay,important part of a good job? Predictable pay,"1. Not at all important,
2. Not very important,
3. Neither important nor unimportant,
4. Somewhat important,
5. Extremely important",How important are each of the following characteristics for you personally to consider a job to b...-Stable and predictable pay,,2,"8, 9",False
Hours Pref And Wlc,goodjob_predhr,important part of a good job? Predictable hours,"1. Not at all important,
2. Not very important,
3. Neither important nor unimportant,
4. Somewhat important,
5. Extremely important",How important are each of the following characteristics for you personally to consider a job to b...-Stable and predictable hours,,2,"8, 9",False
Hours Pref And Wlc,goodjob_cntrl,important part of a good job? Control over hours,"1. Not at all important,
2. Not very important,
3. Neither important nor unimportant,
4. Somewhat important,
5. Extremely important","How important are each of the following characteristics for you personally to consider a job to b...-Control over hours and/or location (e.g., ability to work flexible hours, work remotely)",,2,"8, 9",False
Hours Pref And Wlc,goodjob_secure,important part of a good job? Job security,"1. Not at all important,
2. Not very important,
3. Neither important nor unimportant,
4. Somewhat important,
5. Extremely important",How important are each of the following characteristics for you personally to consider a job to b...-Job security,,2,"8, 9",False
Hours Pref And Wlc,goodjob_benefit,important part of a good job? Benefits,"1. Not at all important,
2. Not very important,
3. Neither important nor unimportant,
4. Somewhat important,
5. Extremely important","How important are each of the following characteristics for you personally to consider a job to b...-Employee benefits (e.g., healthcare, retirement)",,2,"8, 9",False
Hours Pref And Wlc,goodjob_career,important part of a good job? Career advancement,"1. Not at all important,
2. Not very important,
3. Neither important nor unimportant,
4. Somewhat important,
5. Extremely important","How important are each of the following characteristics for you personally to consider a job to b...-Career advancement opportunities (e.g., promotion path, learning new skills)",,2,"8, 9",False
Hours Pref And Wlc,goodjob_day2day,important part of a good job? Day to day enjoyment,"1. Not at all important,
2. Not very important,
3. Neither important nor unimportant,
4. Somewhat important,
5. Extremely important","How important are each of the following characteristics for you personally to consider a job to b...-Enjoying your day-to-day work (e.g., good co-workers/managers, pleasant work environment, manageable stress level)",,2,"8, 9",False
Hours Pref And Wlc,goodjob_dignity,important part of a good job? Sense of purpose,"1. Not at all important,
2. Not very important,
3. Neither important nor unimportant,
4. Somewhat important,
5. Extremely important",How important are each of the following characteristics for you personally to consider a job to b...-Having a sense of purpose and dignity in your work,,2,"8, 9",False
Hours Pref And Wlc,goodjob_change,important part of a good job? Power to change things,"1. Not at all important,
2. Not very important,
3. Neither important nor unimportant,
4. Somewhat important,
5. Extremely important",How important are each of the following characteristics for you personally to consider a job to b...-Having the power to change things about your job that you're not satisfied with,,2,"8, 9",False
Hours Pref And Wlc,goodjob_safety,important part of a good job? Workplace safety,"1. Not at all important,
2. Not very important,
3. Neither important nor unimportant,
4. Somewhat important,
5. Extremely important",How important are each of the following characteristics for you personally to consider a job to b...- Workplace safety,,1,9,False
Hours Pref And Wlc,satisfy_pay,Satisfied with -  Level of pay,"1. Not at all satisfied,
2. Not very satisfied,
3. Neither satisfied nor unsatisfied,
4. Somewhat satisfied,
5. Extremely satisfied",How satisfied are you with each of the following characteristics of your job at EMPLOYERNAME?-Level of pay,,2,"8, 9",False
Hours Pref And Wlc,satisfy_predpay,Satisfied with -  Predictable pay,"1. Not at all satisfied,
2. Not very satisfied,
3. Neither satisfied nor unsatisfied,
4. Somewhat satisfied,
5. Extremely satisfied",How satisfied are you with each of the following characteristics of your job at EMPLOYERNAME?-Stable and predictable pay,,2,"8, 9",False
Hours Pref And Wlc,satisfy_predhr,Satisfied with -  Predictable hours,"1. Not at all satisfied,
2. Not very satisfied,
3. Neither satisfied nor unsatisfied,
4. Somewhat satisfied,
5. Extremely satisfied",How satisfied are you with each of the following characteristics of your job at EMPLOYERNAME?-Stable and predictable hours,,2,"8, 9",False
Hours Pref And Wlc,satisfy_cntrl,Satisfied with -  Control over hours,"1. Not at all satisfied,
2. Not very satisfied,
3. Neither satisfied nor unsatisfied,
4. Somewhat satisfied,
5. Extremely satisfied","How satisfied are you with each of the following characteristics of your job at EMPLOYERNAME?-Control over hours and/or location (e.g., ability to work flexible hours, work remotely)",,2,"8, 9",False
Hours Pref And Wlc,satisfy_secure,Satisfied with -  Job security,"1. Not at all satisfied,
2. Not very satisfied,
3. Neither satisfied nor unsatisfied,
4. Somewhat satisfied,
5. Extremely satisfied",How satisfied are you with each of the following characteristics of your job at EMPLOYERNAME?-Job security,,2,"8, 9",False
Hours Pref And Wlc,satisfy_benefit,Satisfied with -  Benefits,"1. Not at all satisfied,
2. Not very satisfied,
3. Neither satisfied nor unsatisfied,
4. Somewhat satisfied,
5. Extremely satisfied","How satisfied are you with each of the following characteristics of your job at EMPLOYERNAME?-Employee benefits (e.g., healthcare, retirement)",,2,"8, 9",False
Hours Pref And Wlc,satisfy_career,Satisfied with -  Career advancement,"1. Not at all satisfied,
2. Not very satisfied,
3. Neither satisfied nor unsatisfied,
4. Somewhat satisfied,
5. Extremely satisfied","How satisfied are you with each of the following characteristics of your job at EMPLOYERNAME?-Career advancement opportunities (e.g., promotion path, learning new skills)",,2,"8, 9",False
Hours Pref And Wlc,satisfy_day2day,Satisfied with -  Day to day enjoyment,"1. Not at all satisfied,
2. Not very satisfied,
3. Neither satisfied nor unsatisfied,
4. Somewhat satisfied,
5. Extremely satisfied","How satisfied are you with each of the following characteristics of your job at EMPLOYERNAME?-Enjoying your day-to-day work (e.g., good co-workers/managers, pleasant work environment, manageable stress level)",,2,"8, 9",False
Hours Pref And Wlc,satisfy_dignity,Satisfied with -  Sense of purpose,"1. Not at all satisfied,
2. Not very satisfied,
3. Neither satisfied nor unsatisfied,
4. Somewhat satisfied,
5. Extremely satisfied",How satisfied are you with each of the following characteristics of your job at EMPLOYERNAME?-Having a sense of purpose and dignity in your work,,2,"8, 9",False
Hours Pref And Wlc,satisfy_change,Satisfied with -  Power to change things,"1. Not at all satisfied,
2. Not very satisfied,
3. Neither satisfied nor unsatisfied,
4. Somewhat satisfied,
5. Extremely satisfied",How satisfied are you with each of the following characteristics of your job at EMPLOYERNAME?-Having the power to change things about your job that you're not satisfied with,,2,"8, 9",False
Hours Pref And Wlc,satisfy_safety,Satisfied with - Workplace safety,"1. Not at all satisfied,
2. Not very satisfied,
3. Neither satisfied nor unsatisfied,
4. Somewhat satisfied,
5. Extremely satisfied",How satisfied are you with each of the following characteristics of your job at EMPLOYERNAME?- Workplace safety,,1,9,False
Hours Pref And Wlc,toomuchwork,too much work,"1. Stongly agree,
2. Agree,
3. Disagree,
4. Strongly disagree","At [EMPLOYER NAME], I have too much work to do",,2,"4, 6",False
Hours Pref And Wlc,lowstaff,understaffed frequency,"1. Always,
2. Often,
3. Sometimes,
4. Rarely,
5. Never","At [EMPLOYER NAME], how often are there not enough people or staff to get all the
work done?",,8,"4, 5, 6, 7, 8, 15, 16, 17",False
Hours Pref And Wlc,lowstaff_no_breaks,past month understaffing consequence - work with no breaks,"0. No,
1. Yes","In the past month, has understaffing at your [EMPLOYER NAME] workplace led you to... Mark all that apply.  - Work a shift without taking any breaks",,3,"15, 16, 17",False
Hours Pref And Wlc,lowstaff_work_sick,past month understaffing consequence -  work sick,"0. No,
1. Yes","In the past month, has understaffing at your [EMPLOYER NAME] workplace led you to... Mark all that apply.  -  Come in to work even when you are sick",,3,"15, 16, 17",False
Hours Pref And Wlc,lowstaff_fail_job_duties,past month understaffing consequence -  fail job duties,"0. No,
1. Yes","In the past month, has understaffing at your [EMPLOYER NAME] workplace led you to... Mark all that apply.  - Fall behind on your assigned job duties",,3,"15, 16, 17",False
Hours Pref And Wlc,lowstaff_stay_late,past month understaffing consequence - stay late at work,"0. No,
1. Yes","In the past month, has understaffing at your [EMPLOYER NAME] workplace led you to... Mark all that apply.  - Stay late at work",,3,"15, 16, 17",False
Hours Pref And Wlc,lowstaff_short_notice,past month understaffing consequence - called in on short notice,"0. No,
1. Yes","In the past month, has understaffing at your [EMPLOYER NAME] workplace led you to... Mark all that apply.  - Get called in on short notice",,3,"15, 16, 17",False
Hours Pref And Wlc,lowstaff_only_worker,past month understaffing consequence - be the only person working,"0. No,
1. Yes","In the past month, has understaffing at your [EMPLOYER NAME] workplace led you to... Mark all that apply.  - Be the only person working",,3,"15, 16, 17",False
Hours Pref And Wlc,lowstaff_angry_customers,past month understaffing consequence - deal with angry customers,"0. No,
1. Yes","In the past month, has understaffing at your [EMPLOYER NAME] workplace led you to... Mark all that apply.  - Deal with angry customers",,3,"15, 16, 17",False
Hours Pref And Wlc,lowstaff_increased_stress,past month understaffing consequence - increased work stress,"0. No,
1. Yes","In the past month, has understaffing at your [EMPLOYER NAME] workplace led you to... Mark all that apply.    - Experience increased stress at work",,3,"15, 16, 17",False
Hours Pref And Wlc,lowstaff_none,past month understaffing consequence - none of these,"0. No,
1. Yes","In the past month, has understaffing at your [EMPLOYER NAME] workplace led you to... Mark all that apply.  - None of these",,3,"15, 16, 17",False
Hours Pref And Wlc,jobbest,best part of job - text,,What are the best parts of your job at [EMPLOYER NAME]? Text,,1,8,False
Hours Pref And Wlc,jobworst,worst part of job - text,,What are the worst parts of your job at [EMPLOYER NAME]? - text,,1,8,False
Hours Pref And Wlc,control_decide,Agree or disagree - job allows you to make decisions,"1.  Strongly agree,
2.  Agree,
4.  Neither agree nor disagree,
6.  Disagree,
7.  Strongly disagree",Please mark your agreement or disagreement with each of the following statements - Your job allows you to make a lot of decisions on your own.,,1,7,False
Hours Pref And Wlc,control_notfree,Agree or disagree - have very little freedom on job,"1.  Strongly agree,
2.  Agree,
4.  Neither agree nor disagree,
6.  Disagree,
7.  Strongly disagree","Please mark your agreement or disagreement with each of the following statements - On your job, you have very little freedom to decide how you do your work.",,1,7,False
Hours Pref And Wlc,control_lotsay,Agree or disagree - have a lot of say about what happens,"1.  Strongly agree,
2.  Agree,
4.  Neither agree nor disagree,
6.  Disagree,
7.  Strongly disagree",Please mark your agreement or disagreement with each of the following statements - You have a lot of say about what happens on your job.,,1,7,False
Hours Pref And Wlc,control_notime,Agree or disagree - don't have enough time to get job done,"1.  Strongly agree,
2.  Agree,
4.  Neither agree nor disagree,
6.  Disagree,
7.  Strongly disagree",Please mark your agreement or disagreement with each of the following statements - You do not have enough time to get your job done.,,1,7,False
Hours Pref And Wlc,control_fast,Agree or disagree - job requires fast work,"1.  Strongly agree,
2.  Agree,
4.  Neither agree nor disagree,
6.  Disagree,
7.  Strongly disagree",Please mark your agreement or disagreement with each of the following statements - Your job requires very fast work.,,1,7,False
Hours Pref And Wlc,control_hard,Agree or disagree - job requires hard work,"1.  Strongly agree,
2.  Agree,
4.  Neither agree nor disagree,
6.  Disagree,
7.  Strongly disagree",Please mark your agreement or disagreement with each of the following statements - Your job requires very hard work.,,1,7,False
Hours Pref And Wlc,choicevacation,choice over when vacation,"1.  None,
2.  Very little,
3.  A little,
4.  A moderate amount,
5.  A lot,
6.  Don't know/refuse",How much choice do you have over when you take vacation or days off?,,1,7,False
Hours Pref And Wlc,choicestartend,choice over start and end times,"1.  None,
2.  Very little,
3.  A little,
4.  A moderate amount,
5.  A lot,
6.  Don't know/refuse",How much choice do you have over when you begin and end each workday?,,1,7,False
Hours Pref And Wlc,choicecalls,choice over taking calls,"1.  None,
2.  Very little,
3.  A little,
4.  A moderate amount,
5.  A lot,
6.  Don't know/refuse",How much choice do you have over the number of personal phone calls you make or receive while you work?,,1,7,False
Hours Pref And Wlc,app_pickup_shifts,access to app and can - pick up shifts,"0. No,
1. Yes","At my [EMPLOYER NAME] workplace, I have access to an app or another online tool that allows me to - pick up extra available shifts",,5,"13, 14, 15, 16, 17",False
Hours Pref And Wlc,app_find_cover_shifts,access to app and can - get shift covered,"0. No,
1. Yes","At my [EMPLOYER NAME] workplace, I have access to an app or another online tool that allows me to - find someone to cover my shift",,5,"13, 14, 15, 16, 17",False
Hours Pref And Wlc,app_swap_shifts,access to app and can - swap shifts,"0. No,
1. Yes","At my [EMPLOYER NAME] workplace, I have access to an app or another online tool that allows me to - swap shifts with co-workers",,5,"13, 14, 15, 16, 17",False
Hours Pref And Wlc,app_update_avail,access to app and can - update availability,"0. No,
1. Yes","At my [EMPLOYER NAME] workplace, I have access to an app or another online tool that allows me to - update my availability",,5,"13, 14, 15, 16, 17",False
Hours Pref And Wlc,app_none,access to app and can - none,"0. No,
1. Yes","At my [EMPLOYER NAME] workplace, I have access to an app or another online tool that allows me to - none",,5,"13, 14, 15, 16, 17",False
Hours Pref And Wlc,app_is_easy,extent agrees that app is - easy,"1. Strongly Agree,
2. Agree,
3. Neither Agree Nor Disagree,
4. Disagree,
5. Strongly Disagree","In general, I find this app or online tool - easy to use",if has access to scheduling app or online tool,4,"13, 14, 15, 16",False
Hours Pref And Wlc,app_is_frustrating,extent agrees that app is - frustrating,"1. Strongly Agree,
2. Agree,
3. Neither Agree Nor Disagree,
4. Disagree,
5. Strongly Disagree","In general, I find this app or online tool - frustrating to use",if has access to scheduling app or online tool,4,"13, 14, 15, 16",False
Hours Pref And Wlc,app_is_helpful,extent agrees that app is - helpful,"1. Strongly Agree,
2. Agree,
3. Neither Agree Nor Disagree,
4. Disagree,
5. Strongly Disagree","In general, I find this app or online tool - helpful and useful",if has access to scheduling app or online tool,4,"13, 14, 15, 16",False
Hours Pref And Wlc,app_is_buggy,extent agrees that app is - buggy,"1. Strongly Agree,
2. Agree,
3. Neither Agree Nor Disagree,
4. Disagree,
5. Strongly Disagree","In general, I find this app or online tool - slow or buggy",if has access to scheduling app or online tool,4,"13, 14, 15, 16",False
Demographics,age_text_clean,"age, cleaned",,generated in data processing,,16,"2, 3, 4, 5, 6, 7, 8, 9, 10, 11, 12, 13, 14, 15, 16, 17",False
Demographics,age_clean,age group,"1.  18-19 years old,
2.  20-29 years old,
3.  30-39 years old,
4.  40-49 years old,
5.  50-59 years old,
6.  60-69 years old,
7.  70+ years old,
8.  Don't know/Refuse",Choose your age group:,,17,"1, 2, 3, 4, 5, 6, 7, 8, 9, 10, 11, 12, 13, 14, 15, 16, 17",False
Demographics,cohabstatus,cohabitation status,"-99. ,
1.  Married, living with spouse,
2.  Living with a partner,
3.  Not living with a spouse or partner",Are you living with a spouse or a partner?,,17,"1, 2, 3, 4, 5, 6, 7, 8, 9, 10, 11, 12, 13, 14, 15, 16, 17",True
Demographics,aian,describe your race/ethnicity - aian,"-99. ,
0. No,
1. Yes",How would you describe your race or ethnicity? Please mark all that apply. - American Indian or Alaskan native,,17,"1, 2, 3, 4, 5, 6, 7, 8, 9, 10, 11, 12, 13, 14, 15, 16, 17",False
Demographics,api,describe your race/ethnicity - aapi,"-99. ,
0. No,
1. Yes",How would you describe your race or ethnicity? Please mark all that apply. - Asian or Pacific Islander,,17,"1, 2, 3, 4, 5, 6, 7, 8, 9, 10, 11, 12, 13, 14, 15, 16, 17",False
Demographics,black,describe your race/ethnicity - black or african-american,"-99. ,
0. No,
1. Yes",How would you describe your race or ethnicity? Please mark all that apply. - Black or African American,,17,"1, 2, 3, 4, 5, 6, 7, 8, 9, 10, 11, 12, 13, 14, 15, 16, 17",False
Demographics,hisp,describe your race/ethnicity - hispanic or latino/a,"-99. ,
0. No,
1. Yes",How would you describe your race or ethnicity? Please mark all that apply. - Hispanic or Latino/Latina,,17,"1, 2, 3, 4, 5, 6, 7, 8, 9, 10, 11, 12, 13, 14, 15, 16, 17",False
Demographics,oth,describe your race/ethnicity - other,"0. No,
1. Yes",How would you describe your race or ethnicity? Please mark all that apply. - Other,,17,"1, 2, 3, 4, 5, 6, 7, 8, 9, 10, 11, 12, 13, 14, 15, 16, 17",False
Demographics,white,describe your race/ethnicity - white,"-99. ,
0. No,
1. Yes",How would you describe your race or ethnicity? Please mark all that apply. - White,,17,"1, 2, 3, 4, 5, 6, 7, 8, 9, 10, 11, 12, 13, 14, 15, 16, 17",False
Demographics,oth_text,"describe your race/ethnicity - other, text",,"How would you describe your race or ethnicity? Please mark all that apply. - Other, Text",,4,"14, 15, 16, 17",False
Demographics,race_dkr,describe your race/ethnicity - perfer not to answer,"0.  No,
1.  Yes",How would you describe your race or ethnicity? Please mark all that apply. - Prefer not to answer,,11,"7, 8, 9, 10, 11, 12, 13, 14, 15, 16, 17",False
Demographics,race2_harm,race,"1. 1 white, nh,
2. 2 black, nh,
3. 3 hispanic,
4. 4 other or two or more, nh","Constructred by Shift using aian, api, black, hisp, oth, white",,17,"1, 2, 3, 4, 5, 6, 7, 8, 9, 10, 11, 12, 13, 14, 15, 16, 17",True
Demographics,educ,educational attainment,"-99. ,
1.  No degree or diploma earned,
2.  High school diploma/GED,
3.  Some college,
4.  Associate's degree,
5.  Bachelor's degree,
6.  Master's degree/Advanced degree",What is the highest grade of school you completed?,,17,"1, 2, 3, 4, 5, 6, 7, 8, 9, 10, 11, 12, 13, 14, 15, 16, 17",False
Demographics,highestgrade,highest grade,"-99. ,
1.  No degree or diploma earned,
2.  High school diploma/GED,
3.  Some college,
4.  Associate's degree,
5.  Bachelor's degree,
6.  Master's degree/Advanced degree",What is the highest grade of school you completed?,,17,"1, 2, 3, 4, 5, 6, 7, 8, 9, 10, 11, 12, 13, 14, 15, 16, 17",True
Demographics,enrolled,enrolled in school,"-99. ,
0. No,
1. Yes,
2.  No",Are you currently enrolled in school?,,17,"1, 2, 3, 4, 5, 6, 7, 8, 9, 10, 11, 12, 13, 14, 15, 16, 17",True
Demographics,difschedschool,schedule makes it difficult to attend school,"1.  Strongly Agree,
2.  Agree,
3.  Disagree,
4.  Strongly Disagree","How much do you agree with the following statement:
My work schedule at my main job makes it difficult for me to attend classes, study, and complete my school work.",,16,"2, 3, 4, 5, 6, 7, 8, 9, 10, 11, 12, 13, 14, 15, 16, 17",True
Demographics,eslhome,non-english language at home,"-99. ,
0. No,
1. Yes,
2.  No",Do you speak a language other than English at home?,,16,"2, 3, 4, 5, 6, 7, 8, 9, 10, 11, 12, 13, 14, 15, 16, 17",True
Demographics,language_at_home,what language spoken at home?,,What language do you speak at home?,if eslhome = yes,7,"11, 12, 13, 14, 15, 16, 17",False
Demographics,gender,gender,"1. Male,
2. Female,
3. Other,
4. Prefer not to answer,
5. Transgender male,
6. Transgender female,
7. Non-binary,
8. Prefer to self-describe",How would you describe your gender identity? - Selected Choice,,17,"1, 2, 3, 4, 5, 6, 7, 8, 9, 10, 11, 12, 13, 14, 15, 16, 17",True
Demographics,gender_text,"gender, self-describe text",,How would you describe your gender identity? - Prefer to self-describe: - Text,,11,"7, 8, 9, 10, 11, 12, 13, 14, 15, 16, 17",False
Demographics,transgender,transgender,"0. No,
1. Yes,
2.  No, I do not identify as transgender,
3.  Don't know/refuse",Do you identify as transgender?,,11,"7, 8, 9, 10, 11, 12, 13, 14, 15, 16, 17",False
Demographics,age_think_transnb,age self-identify as transgender or non-binary,"1. Age in years,
2. Don't know/cannot recall",what age did you start to think you were transgender or non-binary?,if transgender == yes,6,"12, 13, 14, 15, 16, 17",False
Demographics,age_think_transnb2,age self-identify as transgender or non-binary,,what age did you start to think you were transgender or non-binary?,if transgender == yes,6,"12, 13, 14, 15, 16, 17",False
Demographics,age_tell_others_transnb,age tell others about transgender or nonbinary identity,"1. Age in years,
2. I have never told others that I am transgender and/or non-binary",what age did you start to tell others you are transgender or non-binary?,if transgender == yes,6,"12, 13, 14, 15, 16, 17",False
Demographics,age_tell_others_transnb2,age tell others about transgender or nonbinary identity,,what age did you start to tell others you are transgender or non-binary?,,6,"12, 13, 14, 15, 16, 17",False
Demographics,tell_manager_transnb,how soon into job did you tell your manager that you were transgender?,"1. Before or during the application process,
2. As soon as I started on the job,
3. Sometime after I started on the job,
4. I have never told my manager that I am transgender and/or non-binary,
5. Don't know/cannot recall",How soon into your current job did you first start to tell your manager that you were transgender...,,6,"12, 13, 14, 15, 16, 17",False
Demographics,tell_manager_transnb_years,how soon into job did you tell your manager that you were transgender?  - years,"1. Less than 1 year,
2. 1 year,
3. 2 years,
4. 3 years,
5. 4 years,
7. 5 years,
8. 6 years,
9. 7 years,
10. 8 years,
11. 9 years,
12. 10 years or more,
13. Don't know/refuse",How long after you started did you first start to tell your manager that you were transgender and...,,6,"12, 13, 14, 15, 16, 17",False
Demographics,tell_manager_transnb_months,how soon into job did you tell your manager that you were transgender?  - months,"1. 1 month,
2. 3 months,
3. 4 months,
4. 5 months,
5. 7 months,
7. 8 months,
8. 9 months,
9. 10 months,
10. 11 months,
14. 2 months,
15. 6 months",How many months after you started did you first start to tell your manager that you were transgen...,,6,"12, 13, 14, 15, 16, 17",False
Demographics,tell_cowork_transnb,how soon into job did you tell your coworkers that you were transgender?,"1. Before or during the application process,
2. As soon as I started on the job,
3. Sometime after I started on the job,
4. I have never told my co-workers that I am transgender and/or non-binary,
5. Don't know/cannot recall",How soon into your current job did you first start to tell your co-workers that you were transgen...,,6,"12, 13, 14, 15, 16, 17",False
Demographics,tell_cowork_transnb_years,how soon into job did you tell your coworkers that you were transgender?  Years,"1. Less than 1 year,
2. 1 year,
3. 2 years,
4. 3 years,
5. 4 years,
7. 5 years,
8. 6 years,
9. 7 years,
10. 8 years,
11. 9 years,
12. 10 years or more,
13. Don't know/refuse",How long after you started did you first start to tell your co-workers that you were transgender...,,6,"12, 13, 14, 15, 16, 17",False
Demographics,tell_cowork_transnb_months,how soon into job did you tell your coworkers that you were transgender?  - months,"1. 1 month,
2. 3 months,
3. 4 months,
4. 5 months,
5. 7 months,
7. 8 months,
8. 9 months,
9. 10 months,
10. 11 months,
14. 2 months,
15. 6 months",How many months after you started did you first start to tell your co-workers that you were trans...,,6,"12, 13, 14, 15, 16, 17",False
Demographics,hhct,household people count,,"Including yourself, how many people currently live in your household?",,11,"7, 8, 9, 10, 11, 12, 13, 14, 15, 16, 17",False
Demographics,spousework,"spouse - employment status, yn","-99. ,
0. No,
1. Yes,
2.  No",What is your spouse or partner's employment status?,,8,"1, 2, 3, 4, 5, 6, 7, 8",True
Demographics,spousework2,spouse - employment status describe,"-99. ,
1.  Yes, my spouse or partner is employed,
2.  My spouse or partner is currently furloughed (is not getting any scheduled hours),
3.  No, my spouse or partner was recently laid off and is now unemployed,
4.  None of the above,
5.  My spouse/partner quit their job and is now unemployed,
6.  My spouse/partner is retired (no longer working),
7. My spouse/partner has SSDI or SSI benefits (disability benefits)",What is your spouse or partner's employment status?,,6,"8, 9, 10, 11, 12, 13",False
Demographics,spousework_harm,"spouse - employment status, harmonized","0. No,
1. Yes,
2. No","Constructed by Shift, harmonized spousework",,15,"1, 2, 3, 4, 5, 6, 7, 8, 9, 10, 11, 12, 13, 16, 17",True
Demographics,spousework_employed,"spouse - employed, yn","0. No,
1. Yes",What is your spouse or partner's employment status? Mark all that apply,,2,"16, 17",False
Demographics,spousework_unemployed,"spouse - unemployed, yn","0. No,
1. Yes",What is your spouse or partner's employment status? Mark all that apply,,2,"16, 17",False
Demographics,spousework_student,"spouse - student, yn","0. No,
1. Yes",What is your spouse or partner's employment status? Mark all that apply,,2,"16, 17",False
Demographics,spousework_parent,"spouse - parent, yn","0. No,
1. Yes",What is your spouse or partner's employment status? Mark all that apply,,2,"16, 17",False
Demographics,spousework_retired,"spouse - retired, yn","0. No,
1. Yes",What is your spouse or partner's employment status? Mark all that apply,,2,"16, 17",False
Demographics,spousework_other,"spouse - other, yn","0. No,
1. Yes",What is your spouse or partner's employment status? Mark all that apply,,2,"16, 17",False
Demographics,spousework_other_text,spouse - other - text,,What is your spouse or partner's employment status? Mark all that apply,,2,"16, 17",False
Demographics,spousenotice,spouse - advance notice days,"-99. ,
1.  Less than 1 week,
2.  At least 1 week but less than 2 weeks,
3.  At least 2 weeks but less than 3 weeks,
4.  At least 3 weeks but less than 4 weeks,
6.  4 weeks or more",How far in advance does your spouse or partner know what days and hours they will need to work?,,4,"1, 2, 3, 4",False
Demographics,spouseschedule,spouse - describe schedule,"-99. ,
1.  Variable schedule (one that changes from day to day),
2.  Regular daytime schedule,
3.  Regular evening shift,
4.  Regular night shift,
5.  Rotating shift (one that changes regularly from days to evenings or nights),
6.  Split shift (one consisting of two distinct periods each day),
7. Other,
8. Works at/from home,
9. Weekends,
10. Variable and either predictable or uncertain whether predictable (variable and unpredictable is code 1),
11. Mornings,
12. Self-Employed,
13. Travel",Which of the following best describes your spouse or partner's work schedule? ,,9,"1, 2, 3, 4, 5, 6, 7, 8, 9",False
Demographics,spousehours,spouse - advance notice hours,"1.  Hours increased,
2.  Stayed the same,
3.  Hours decreased,
4.  Don't know/refuse",How far in advance does your spouse or partner know what days and hours they will need to work? ,,2,"10, 11",False
Demographics,spouseincome,role of spouse income in family finances,"1.  It is essential for meeting our basic needs,
2.  It is an important component of our budget, but not essential,
3.  It is nice to have, but we could live comfortably without it,
4.  My spouse or partner and I keep our incomes separate,
5.  Don't know/refuse",Which of the following statements best describes the income your spouse or partner earns from their job?,if spousework = employed,6,"12, 13, 14, 15, 16, 17",False
Demographics,social_fb,social media use? - facebook,"1. Yes,
2. No,
3. Don't know/refuse",Do you ever use any of the following social media sites online or on your cell phone?-a. Facebook,,1,9,False
Demographics,social_fb_freq,how often use social media? - facebook,"1. Several times a day,
2. About once a day,
3. A few times a week,
4. Every few weeks,
5. Less often,
6. Don't know/refuse",Thinking about the social media sites you use... About how often do you visit or use Facebook?,if social fb = yes,2,"9, 17",False
Demographics,social_insta,social media use? - instagram,"1. Yes,
2. No,
3. Don't know/refuse",Do you ever use any of the following social media sites online or on your cell phone?-b. Instagram,,1,9,False
Demographics,social_insta_freq,how often use social media? - instagram,"1. Several times a day,
2. About once a day,
3. A few times a week,
4. Every few weeks,
5. Less often,
6. Don't know/refuse",Thinking about the social media sites you use... About how often do you visit or use Instagram?,if socia insta = yes,2,"9, 17",False
Demographics,social_linkedin,social media use? - linkedin,"1. Yes,
2. No,
3. Don't know/refuse",Do you ever use any of the following social media sites online or on your cell phone?-c. LinkedIn,,1,9,False
Demographics,social_linkedin_freq,how often use social media? - linkedin,"1. Several times a day,
2. About once a day,
3. A few times a week,
4. Every few weeks,
5. Less often,
6. Don't know/refuse",Thinking about the social media sites you use... About how often do you visit or use LinkedIn?,if social linkedin = yes,1,9,False
Demographics,survey_referral_method,survey referral method,"1. Saw an ad for it on Facebook or Instagram,
4. Someone I know shared it with me on Facebook or Instagram,
5. Someone I know sent me the link by email or text message,
6. Other (please specify):",How did you find out about this survey?,,1,17,False
Demographics,survey_referral_method_text,survey referral method - other (text),,How did you find out about this survey? - Selected choice - other (text),,1,17,False
Demographics,unpaidcare,Provided unpaid care labor,"0.  No,
1.  Yes","In the past month, have you provided unpaid care to a friend or relative to help them take care of themselves? Unpaid care may include help with personal needs or household chores. It might be arranging for outside services, or visiting regularly to see how they are doing. This person need not live with you.",,2,"7, 8, 8, 9",False
Demographics,care_timeoff,Time off or schedule schange for caregiving,"0.  No,
1.  Yes","In your experience as both a worker and a caregiver, have you ever had to go in late, leave early, or take time off during the day to provide care?",if provide unpaid care,2,"7, 8, 8, 9",False
Demographics,care_missshift,Missed shift for caregiving,"0.  No,
1.  Yes","In your experience as both a worker and a caregiver, have you ever had to miss a shift of work?",if provide unpaid care,2,"7, 8, 8, 9",False
Demographics,care_pt_quit,Part-time or different job for caregiving,"0.  No,
1.  Yes","In your experience as both a worker and a caregiver, have you ever had to go from working fulltime to part-time, or taken a less demanding job?",if provide unpaid care,2,"7, 8, 8, 9",False
Demographics,care_noprom,Turn down promotion for caregiving,"0.  No,
1.  Yes","In your experience as both a worker and a caregiver, have you ever had to turn down a promotion?",if provide unpaid care,2,"7, 8, 8, 9",False
Demographics,care_refuseprom,Turn down promotion for caregiving (Wave 7 version),,"In your experience as both a worker and a caregiver, have you ever had to turn down a promotion?",if provide unpaid care,1,8,False
Demographics,ownrenthome,Homeoowner,"0. No,
1. Yes,
2. No",Do you own your home?,,2,"9, 10",False
Demographics,residence,Residence tenure,"1. Less than 1 month,
2. 2 to 6 months,
3. 7 to 11 months,
4. 1 to 2 years,
5. 3 to 4 years,
6. 5 or more years",How long have you lived at your present address?,,1,9,False
Demographics,state,State that respondent lives in,,What is your current state of residence? ,,2,"1, 2",True
Demographics,forborn,Born in the US,"0. No,
1. Yes,
2. No",Were you born in the United States?,,2,"1, 2",False
Demographics,sexual_orientation,Sexual orientation,"1. Heterosexual or straight,
4. Gay, lesbian, or homosexual,
5. Bisexual,
6. Prefer not to answer","Which of the following best describes you? (Select: Heterosexual or straight; Gay, lesbian, or homosexual; Bisexual; Prefer not to asnwer)",,3,"15, 16, 17",False
Breaks,longshift_length,duration of longest shift (hrs),,"At your  workplace, how many hours long is your...",,2,"7, 8",False
Breaks,shortshift_length,duration of shortest shift (hrs),,"At your workplace, how many hours long is your...",,2,"7, 8",False
Breaks,typicalshift_length,typical shift length (hrs),,How many hours long is your typical shift at [EMPLOYER]?,,5,"11, 12, 13, 14, 15",False
Breaks,longshift,,"0. No,
1. Yes,
2.  No,
3.  Don't know/refuse",,,2,"2, 3",False
Breaks,shortshift,,"0. No,
1. Yes,
2.  No,
3.  Don't know/refuse",,,2,"2, 3",False
Breaks,typicalshift_break_length,break duration for typical shift (mins),,What is the typical duration of break during longshift?,,1,11,False
Breaks,typicalshift_paidbreak_length,paid break duration for typical shift (mins),,What is the typical duration of paid break during longshift?,,2,"12, 13",False
Breaks,typicalshift_unpaidbreak_length,unpaid break duration for typical shift (mins),,What is the typical duration of unpaid break during longshift?,,2,"12, 13",False
Breaks,longshift_break_length,break duration of longest shift,,what is the duration of break during longest shift,If longshift &gt; 0,2,"7, 8",False
Breaks,shortshift_break_length,break duration of shortest shift,,what is the duration of break during shortest shift,If shortshift &gt; 0,2,"7, 8",False
Breaks,skip_break_freq,how often skip break,"1. Always,
2. Often,
3. Sometimes,
4. Rarely,
5. Never",How often do you skip or cut short your break time?,,1,11,False
Breaks,skip_paidbreak_freq,how often skip paid break?,"1. Always,
2. Often,
3. Sometimes,
4. Rarely,
5. Never",how often skip paid break?,if skip break != 0,2,"12, 13",False
Breaks,skip_unpaidbreak_freq,how often skip unpaid break?,"1. Always,
2. Often,
3. Sometimes,
4. Rarely,
5. Never",how often skip unpaid break?,if skip break != 0,2,"12, 13",False
Breaks,whyskipbreak_toobusy,why skip or cut short break? Too busy,"0. No,
1. Yes",why skip or cut short break?,if skip unpaid break != 0,1,11,False
Breaks,whyskipbreak_managpress,why skip or cut short break? Pressure from manager,"0. No,
1. Yes",why skip or cut short break?,if skip unpaid break != 0,1,11,False
Breaks,whyskipbreak_earlyleave,why skip or cut short break? To leave early,"0. No,
1. Yes",why skip or cut short break?,if skip unpaid break != 0,1,11,False
Breaks,whyskipbreak_other,why skip or cut short break? Other,"0. No,
1. Yes",why skip or cut short break?,if skip unpaid break != 0,1,11,False
Breaks,whyskipbreak_other_text,"why skip or cut short break? Other, text",,why skip or cut short break?,if skip unpaid break != 0,1,11,False
Breaks,whyskipbreak_needmoney,why skip or cut short break? Need money,,why skip or cut short break? (coded from other text),if skip unpaid break != 0,1,11,False
Breaks,whyskipbreak_dontget,why skip or cut short break? Don't get a break,,why skip or cut short break? (coded from other text),if skip unpaid break != 0,1,11,False
Breaks,whyskipbreak_didntneed,why skip or cut short break? Didn't need a break,,why skip or cut short break? (coded from other text),if skip unpaid break != 0,1,11,False
Breaks,whyskip_paidbreak_toobusy,why skip or cut short paid break? Too busy,"0. No,
1. Yes",why skip or cut short paid break?,if skip paid break != 0,2,"12, 13",False
Breaks,whyskip_paidbreak_manpress,why skip or cut short paid break? Pressure from manager,"0. No,
1. Yes",why skip or cut short paid break?,if skip paid break != 0,2,"12, 13",False
Breaks,whyskip_paidbreak_impress,why skip or cut short paid break? Make good impression,"0. No,
1. Yes",why skip or cut short paid break?,if skip paid break != 0,2,"12, 13",False
Breaks,whyskip_paidbreak_targets,why skip or cut short paid break? To meet targets set by management,"0. No,
1. Yes",why skip or cut short paid break?,if skip paid break != 0,2,"12, 13",False
Breaks,whyskip_paidbreak_earlylv,why skip or cut short paid break? To leave early,"0. No,
1. Yes",why skip or cut short paid break?,if skip paid break != 0,2,"12, 13",False
Breaks,whyskip_paidbreak_didntneed,why skip or cut short paid break? Didn’t need break,"0. No,
1. Yes",why skip or cut short paid break?,if skip paid break != 0,2,"12, 13",False
Breaks,whyskip_paidbreak_other,why skip or cut short paid break? Other,"0. No,
1. Yes",why skip or cut short paid break?,if skip paid break != 0,2,"12, 13",False
Breaks,whyskip_paidbreak_oth_txt,"why skip or cut short paid break? Other, text",,why skip or cut short paid break?,if skip paid break != 0,2,"12, 13",False
Breaks,whyskip_unpaidbreak_toobusy,why skip or cut short unpaid break? Too busy,"0. No,
1. Yes",why skip or cut short unpaid break?,if skip paid break != 0,2,"12, 13",False
Breaks,whyskip_unpaidbreak_money,why skip or cut short unpaid break? Need the money,"0. No,
1. Yes",why skip or cut short unpaid break?,if skip paid break != 0,2,"12, 13",False
Breaks,whyskip_unpdbrk_managpress,why skip or cut short unpaid break? Pressure from manager,"0. No,
1. Yes",why skip or cut short unpaid break?,if skip paid break != 0,2,"12, 13",False
Breaks,whyskip_unpdbrk_impress,why skip or cut short unpaid break? Make good impression,"0. No,
1. Yes",why skip or cut short unpaid break?,if skip paid break != 0,2,"12, 13",False
Breaks,whyskip_unpaidbreak_targets,why skip or cut short unpaid break? To meet targets set by management,"0. No,
1. Yes",why skip or cut short unpaid break?,if skip paid break != 0,2,"12, 13",False
Breaks,whyskip_unpdbrk_earlylv,why skip or cut short unpaid break? To leave early,"0. No,
1. Yes",why skip or cut short unpaid break?,if skip paid break != 0,2,"12, 13",False
Breaks,whyskip_unpdbrk_didntneed,why skip or cut short unpaid break? Didn’t need break,"0. No,
1. Yes",why skip or cut short unpaid break?,if skip paid break != 0,2,"12, 13",False
Breaks,whyskip_unpaidbreak_other,why skip or cut short unpaid break? Other,"0. No,
1. Yes",why skip or cut short unpaid break?,if skip paid break != 0,2,"12, 13",False
Breaks,whyskip_unpdbrk_oth_txt,"why skip or cut short unpaid break? Other, text",,why skip or cut short unpaid break?,if skip paid break != 0,2,"12, 13",False
Covid,interact_f2f,how often customer interaction,"1. Always,
2. Often,
3. Sometimes,
4. Rarely,
5. Never,
6. Don't know/refuse","As part of your job at [EMPLOYERNAME], how often do you interact with customers or clients face-to-face?",,6,"9, 10, 11, 12, 13, 14, 16",False
Covid,customers_wearmask,employer require customer mask,"0. No,
1. Yes,
2. No,
3. No,
4. Don't Know/Refuse",Does your [EMPLOYERNAME] location require customers to wear masks?,if interact_f2f != never,5,"9, 11, 12, 13, 14, 16",False
Covid,employees_wearmask,employer require emploee mask,"0. No,
1. Yes,
2. No,
3. Don't know/Refuse",Does your [EMPLOYERNAME] location require employees to wear masks at work?,,5,"9, 11, 12, 13, 14, 16",False
Covid,wearmasks_you,"freq wear mask, you","1. Always,
2. Often,
3. Sometimes,
4. Rarely,
5. Never","In the past week, how often did the following groups wear masks at your [EMPLOYER]workplace? - You",if interact_f2f != never,6,"9, 10, 11, 12, 13, 14, 16",False
Covid,wearmasks_coworkers,"freq wear mask, coworkers","1. Always,
2. Often,
3. Sometimes,
4. Rarely,
5. Never","In the past week, how often did the following groups wear masks at your [EMPLOYER]workplace? - Your co-workers, including your manager(s)",if interact_f2f != never,6,"9, 10, 11, 12, 13, 14, 16",False
Covid,wearmasks_customers,"freq wear mask, customers","1. Always,
2. Often,
3. Sometimes,
4. Rarely,
5. Never","In the past week, how often did the following groups wear masks at your [EMPLOYER]workplace? - Customers",if interact_f2f != never,6,"9, 10, 11, 12, 13, 14, 16",False
Covid,wearmasks_nof2f_you,don’t work face to face - how often you wear mask?,"1. Always,
2. Often,
3. Sometimes,
4. Rarely,
5. Never","In the past week, how often did the following groups wear masks at your workplace? - you",if interact_f2f == never,6,"9, 10, 11, 12, 13, 14, 16",False
Covid,wearmasks_nof2f_coworkers,don’t work face to face - how often coworkers wear mask?,"1. Always,
2. Often,
3. Sometimes,
4. Rarely,
5. Never","In the past week, how often did the following groups wear masks at your workplace? - co workers",if interact_f2f == never,6,"9, 10, 11, 12, 13, 14, 16",False
Covid,encourage_stayhome,employer encourage stay home when sick,"1. Always,
2. Often,
3. Sometimes,
4. Rarely,
5. Never",Does your [EMPLOYERNAME] workplace encourage workers to stay home if they are feeling sick?,,6,"9, 10, 11, 12, 13, 14, 16",False
Covid,covid_reducedhrs,during covid - reduced work hours,"0.  No,
1.  Yes",Has [EMPLOYER]  made any of the following changes at your...-Reduced number of work hours for employees,,1,8,False
Covid,covid_closed,during covid - store closed more,"0.  No,
1.  Yes",Has [EMPLOYER] made any of the following changes at your...-Kept workplace closed when it is normally open,,1,8,False
Covid,covid_morepto,during covid  - more paid time off,"0.  No,
1.  Yes",Has [EMPLOYER] made any of the following changes at your...-Offered employees more paid time off than usual,,1,8,False
Covid,covid_moreunpaid,during covid - more unpaid time off,"0.  No,
1.  Yes",Has [EMPLOYER] made any of the following changes at your...-Offered employees more unpaid time off than usual,,1,8,False
Covid,covid_calloutsick,during covid - reduced penaltiy for sick time off,"0.  No,
1.  Yes",Has [EMPLOYER] made any of the following changes at your...-Reduced penalties on employees for calling out sick,,1,8,False
Covid,covid_calloutcare,during covid - reduced penality for calling out for care giving,"0.  No,
1.  Yes",Has [EMPLOYER] made any of the following changes at your...-Reduced penalties on employees for calling out to care for child or others,,1,8,False
Covid,covid_adtlclean,during covid - additional cleaning required,"0.  No,
1.  Yes",Has [EMPLOYER] made any of the following changes at your...-Required employees to do additional cleaning of workplace store/restaurant,,1,8,False
Covid,covid_gloves,during covid - gloves available,"0.  No,
1.  Yes",Has [EMPLOYER] made any of the following changes at your...-Made gloves available to employees,,1,8,False
Covid,covid_masks,during covid - masks available,"0.  No,
1.  Yes",Has [EMPLOYER] made any of the following changes at your...-Made masks available to employees,,1,8,False
Covid,covid_weargloves,during covid - required wear gloves,"0.  No,
1.  Yes",Has [EMPLOYER]  made any of the following changes at your...-Made &lt;i&gt;new&lt;/i&gt; requirements for employees to wear gloves,,1,8,False
Covid,covid_wearmasks,during covid - require wear maks,"0.  No,
1.  Yes",Has [EMPLOYER]made any of the following changes at your...-Made &lt;i&gt;new&lt;/i&gt; requirements for employees to wear masks,,1,8,False
Covid,covid_sickcust,during covid - new policy for sick customers,"0.  No,
1.  Yes",Has [EMPLOYER]  made any of the following changes at your...-Set &lt;i&gt;new&lt;/i&gt; policies for how employees handle sick customers,,1,8,False
Covid,covid_other,during covid - other changes to workplace,"0.  No,
1.  Yes",Has [EMPLOYER] made any of the following changes at your...-Other,,1,8,False
Covid,covid_other_text,"during covid - other changes to workplace, text",,Has [EMPLOYER] made any of the following changes at your...-Other-TEXT,,1,8,False
Covid,covid_none,during covid - no new changes to work place,"0.  No,
1.  Yes",Has [EMPLOYER] made any of the following changes at your...-My employer has not made any changes in response to Coronavirus (COVID-19),,1,8,False
Covid,covid_vaccine,vaccinated for covid,"1. Yes, I am fully vaccinated,
2. Yes, I am partially vaccinated (first of two shots for Pfizer or Moderna),
3. No, I have not been vaccinated",Have you been vaccinated against COVID19?,,5,"10, 11, 12, 13, 14",False
Covid,covid_booster,received covid booster vaccine,"0. No,
1. Yes,
2. No",Have you received a COVID19 booster shot?,if covid_vaccine = fully vaccinated,3,"12, 13, 14",False
Covid,notvacc_ineligible,why not vaccinated? - ineligible,"0. No,
1. Yes",Why have you not been vaccinated? Mark all that apply - Selected Choice - I don't think I am eligible for the vaccine,if covid_vaccine = not vaccinated or partially vaccinated,2,"11, 12",False
Covid,notvacc_dkhow,why not vaccinated? - don’t know know,"0. No,
1. Yes",Why have you not been vaccinated? Mark all that apply - Selected Choice - I don't know how to make an appointment,if covid_vaccine = not vaccinated or partially vaccinated,4,"11, 12, 13, 14",False
Covid,notvacc_notime,why not vaccinated? - no time,"0. No,
1. Yes",Why have you not been vaccinated? Mark all that apply - Selected Choice - I don't have time to make an appointment,if covid_vaccine = not vaccinated or partially vaccinated,2,"13, 14",False
Covid,notvacc_scheduleissue,why not vaccinated? - schedule issue,"0. No,
1. Yes",Why have you not been vaccinated? Mark all that apply - Selected Choice - I don't know my work schedule far enough ahead to be able to book an appointment,if covid_vaccine = not vaccinated or partially vaccinated,4,"11, 12, 13, 14",False
Covid,notvacc_cant_afford_timeoff,why not vaccinated? - can't afford time off,"0. No,
1. Yes",Why have you not been vaccinated? Mark all that apply - Selected Choice - I can't afford to take time off of work,if covid_vaccine = not vaccinated or partially vaccinated,4,"11, 12, 13, 14",False
Covid,notvacc_sideeffects,why not vaccined? -  fear side effects,"0. No,
1. Yes",Why have you not been vaccinated? Mark all that apply - Selected Choice - I am worried about possible side-effects of vaccination,if covid_vaccine = not vaccinated or partially vaccinated,4,"11, 12, 13, 14",False
Covid,notvacc_dont_trust_vacc,why not vaccinated? - don’t trust vaccine,"0. No,
1. Yes",Why have you not been vaccinated? Mark all that apply - Selected Choice - I don't trust the vaccine,if covid_vaccine = not vaccinated or partially vaccinated,4,"11, 12, 13, 14",False
Covid,notvacc_notworried,why not vaccinated? - not worried about covid,"0. No,
1. Yes",Why have you not been vaccinated? Mark all that apply - Selected Choice - I am not worried about getting COVID,if covid_vaccine = not vaccinated or partially vaccinated,4,"11, 12, 13, 14",False
Covid,notvacc_vacc_cost,why not vaccinated? -  fear cost of vaccine,"0. No,
1. Yes",Why have you not been vaccinated? Mark all that apply - Selected Choice - I am worried about the cost of the vaccine,if covid_vaccine = not vaccinated or partially vaccinated,4,"11, 12, 13, 14",False
Covid,notvacc_other,why not vaccinated? - other,"0. No,
1. Yes",Why have you not been vaccinated? Mark all that apply - Selected Choice - Other,if covid_vaccine = not vaccinated or partially vaccinated,4,"11, 12, 13, 14",False
Covid,notvacc_other_text,why not vaccinated? -  other text,,Why have you not been vaccinated? Mark all that apply - Other - Text,if covid_vaccine = not vaccinated or partially vaccinated,4,"11, 12, 13, 14",False
Covid,encourage_vacc_providevacc,unvaccinated worker - employer provides vaccine,"0. No,
1. Yes",Did [EMPLOYERNAME] do anything to encourage you to get the COVID vaccine? Mark all that apply. - Selected Choice - Is providing vaccination at work,if covid_vaccine = not vaccinated,3,"10, 11, 12",False
Covid,encourage_vacc_pto,unvaccinated worker - employer provides pto to get vaccine,"0. No,
1. Yes",Did [EMPLOYERNAME] do anything to encourage you to get the COVID vaccine? Mark all that apply. - Selected Choice - Would give me paid time off to get the vaccine,if covid_vaccine = not vaccinated,3,"10, 11, 12",False
Covid,encourage_vacc_sickleave,unvaccinated worker - employer provides sick leave to get vaccine,"0. No,
1. Yes",Did [EMPLOYERNAME] do anything to encourage you to get the COVID vaccine? Mark all that apply. - Selected Choice - Would give me paid time off in the event of side effects,if covid_vaccine = not vaccinated,3,"10, 11, 12",False
Covid,encourage_vacc_bonus,unvaccinated worker - employer provides bonus to get vaccine,"0. No,
1. Yes",Did [EMPLOYERNAME] do anything to encourage you to get the COVID vaccine? Mark all that apply. - Selected Choice - Would pay me a bonus to get vaccinated,if covid_vaccine = not vaccinated,3,"10, 11, 12",False
Covid,encourage_vacc_other,unvaccinated worker -  employer provides other vaccine incentive,"0. No,
1. Yes",Did [EMPLOYERNAME] do anything to encourage you to get the COVID vaccine? Mark all that apply. - Selected Choice - Other,if covid_vaccine = not vaccinated,3,"10, 11, 12",False
Covid,encourage_vacc_none,unvaccinated worker - employer provides no vaccine incentive,"0. No,
1. Yes",Did [EMPLOYERNAME] do anything to encourage you to get the COVID vaccine? Mark all that apply. - Selected Choice - None of these,if covid_vaccine = not vaccinated,3,"10, 11, 12",False
Covid,encourage_vacc_other_text,"unvaccinated worker - employer provides vaccine incentive, text",,Did [EMPLOYERNAME] do anything to encourage you to get the COVID vaccine? Mark all that apply. - Other - Text,if covid_vaccine = not vaccinated,3,"10, 11, 12",False
Covid,vacc_providevacc,vaccinated worker - employer provides vaccine,"0. No,
1. Yes",Did the [EMPLOYERNAME] where you work provide any of the following? Mark all that apply. - Selected Choice - Vaccination available at work,if covid_vaccine = vaccinated or partially vaccinated,3,"10, 11, 12",False
Covid,vacc_pto,vaccinated worker - employer provides pto to get vaccine,"0. No,
1. Yes",Did the [EMPLOYER]where you work provide any of the following? Mark all that apply. - Selected Choice - Gave me paid time off to get the vaccine,if covid_vaccine = vaccinated or partially vaccinated,3,"10, 11, 12",False
Covid,vacc_sickleave,vaccinated worker - employer provides sick leave to get vaccine,"0. No,
1. Yes",Did the [EMPLOYER]where you work provide any of the following? Mark all that apply. - Selected Choice - Gave me paid time off in the event of side effects,if covid_vaccine = vaccinated or partially vaccinated,3,"10, 11, 12",False
Covid,vacc_bonus,vaccinated worker - employer provides bonus to get vaccine,"0. No,
1. Yes",Did the [EMPLOYER]where you work provide any of the following? Mark all that apply. - Selected Choice - Paid me a bonus to get vaccinated,if covid_vaccine = vaccinated or partially vaccinated,3,"10, 11, 12",False
Covid,vacc_other,vaccinated worker -  employer provides other vaccine incentive,"0. No,
1. Yes",Did the [EMPLOYER]where you work provide any of the following? Mark all that apply. - Selected Choice - Other,if covid_vaccine = vaccinated or partially vaccinated,3,"10, 11, 12",False
Covid,vacc_none,vaccinated worker - employer provides no vaccine incentive,"0. No,
1. Yes",Did the [EMPLOYER]where you work provide any of the following? Mark all that apply. - Selected Choice - None of these,if covid_vaccine = vaccinated or partially vaccinated,3,"10, 11, 12",False
Covid,vacc_other_text,"vaccinated worker - employer provides vaccine incentive, text",,Did the [EMPLOYER]where you work provide any of the following? Mark all that apply. - Other - Text,if covid_vaccine = vaccinated or partially vaccinated,3,"10, 11, 12",False
Covid,require_employees_vacc,employer requires employee vaccination,"1. Yes,
2. No,
4. I'm not sure",Has your employer required you to get vaccinated?,,4,"11, 12, 13, 14",False
Covid,vacc_verified_verbal,how employer verify you vaccine? - verbally,"0. No,
1. Yes",How is your vaccination status verified? Check all that apply. - Selected Choice - Verbal confirmation to manager,if require_employees_vacc = yes,3,"11, 12, 13",False
Covid,vacc_verified_submit_form,how employer verify your vaccine? - online form,"0. No,
1. Yes",How is your vaccination status verified? Check all that apply. - Selected Choice - Online/paper form,if require_employees_vacc = yes,3,"11, 12, 13",False
Covid,vacc_verified_submit_copy,how employer verify your vaccine?  - copy of vaccine card,"0. No,
1. Yes",How is your vaccination status verified? Check all that apply. - Selected Choice - Must submit copy of my vaccine card,if require_employees_vacc = yes,3,"11, 12, 13",False
Covid,vacc_verified_submit_other,how employer verify your vaccine? - other method,"0. No,
1. Yes",How is your vaccination status verified? Check all that apply. - Selected Choice - Other,if require_employees_vacc = yes,3,"11, 12, 13",False
Covid,vacc_verified_not_verified,employee vaccine not verified to employer,"0. No,
1. Yes",How is your vaccination status verified? Check all that apply. - Selected Choice - No verification,if require_employees_vacc = yes,3,"11, 12, 13",False
Covid,vacc_verified_other_text,how employer verify  your vaccine? - other method text,,How is your vaccination status verified? Check all that apply. - Other - Text,if require_employees_vacc = yes,3,"11, 12, 13",False
Covid,support_employees_vacc,do you support your employer requiring worker vaccinations?,"0. No,
1. Yes,
2. No, I would be opposed to the vaccine requirement",Do you support [Field-EMPLOYERNAME] requiring employees to be vaccinated against Covid-19,,2,"12, 13",False
Covid,require_customers_vacc,employer require customers vaccine,"0. No,
1. Yes,
2. No,
3. Don't know/refuse",Does your employer require customers to be vaccinated?,,2,"11, 12",False
Covid,require_cust_proof_vacc,employer require customers proof of vaccine,"0. No,
1. Yes,
2. No,
3. Don't know/refuse",Does your workplace require customers to provide proof of vaccination status before entry?,if require_customers_vacc = yes,2,"11, 12",False
Covid,support_customers_vacc,do you support your employer requiring customer vaccinations?,"0. No,
1. Yes,
2. No, I would be opposed to the vaccine requirement",Do you support [Field-EMPLOYERNAME] requiring customers to be vaccinated against Covid-19,,1,12,False
Covid,covid_vaccine_tried_appt,have you tried to make a vaccint appt?,"0. No,
1. Yes,
2. No,
4. Don't know/refuse",Have you tried to make an appointment to receive the vaccine?,,1,10,False
Covid,nottried_appt_ineligible,why not try to make vaccine appt? -  ineligible for vaccine,"0. No,
1. Yes",Why haven't you tried to make an appointment to get vaccinated? Mark all that apply. - Selected Choice - I don't think I'm eligible yet to get the vaccine,if tried to make vaccine appointment = No,1,10,False
Covid,nottried_appt_dkhow,why not try to make vaccine appt? - don't know how,"0. No,
1. Yes",Why haven't you tried to make an appointment to get vaccinated? Mark all that apply. - Selected Choice - I don't know how to make an appointment,if tried to make vaccine appointment = No,1,10,False
Covid,nottried_appt_notime,why not try to make vaccine appt? - no time,"0. No,
1. Yes",Why haven't you tried to make an appointment to get vaccinated? Mark all that apply. - Selected Choice - I don't have the time to make an appointment,if tried to make vaccine appointment = No,1,10,False
Covid,nottried_appt_scheduleissue,why not try to make vaccine appt? - scheduling issues,"0. No,
1. Yes",Why haven't you tried to make an appointment to get vaccinated? Mark all that apply. - Selected Choice - I don't know my work schedule far enough ahead to be able to book an appointment,if tried to make vaccine appointment = No,1,10,False
Covid,nottried_appt_sideeffects,why not try to make vaccine appt? -  fear side effects,"0. No,
1. Yes",Why haven't you tried to make an appointment to get vaccinated? Mark all that apply. - Selected Choice - I am worried about possible side-effects of vaccination,if tried to make vaccine appointment = No,1,10,False
Covid,nottried_appt_notworried,why not try to make vaccine appt? - not worried about covid,"0. No,
1. Yes",Why haven't you tried to make an appointment to get vaccinated? Mark all that apply. - Selected Choice - I am not worried about getting COVID,if tried to make vaccine appointment = No,1,10,False
Covid,nottried_appt_other,why not try to make vaccine appt? - other,"0. No,
1. Yes",Why haven't you tried to make an appointment to get vaccinated? Mark all that apply. - Selected Choice - Other:,if tried to make vaccine appointment = No,1,10,False
Covid,nottried_appt_other_text,"why not try to make vaccine appt? - other, text",,Why haven't you tried to make an appointment to get vaccinated? Mark all that apply. - Other: - Text,if tried to make vaccine appointment = No,1,10,False
Covid,covid_vaccine_appt,able to make vaccine appt?,"0. No,
1. Yes,
2. No,
3. Don't know/refuse",Were you able to make an appointment?,if tried to make vaccine appointment = Yes,1,10,False
Covid,no_appt_apptunavailable,why not able to make appt? -  no appt availabilities,"0. No,
1. Yes",Why were you unable to make an appointment to get vaccinated? Mark all that apply. - Selected Choice - There were no appointments available,if able to make a vaccine appointment = No,1,10,False
Covid,no_appt_vaccunavailable,why not able to make appt? - no vaccines available,"0. No,
1. Yes",Why were you unable to make an appointment to get vaccinated? Mark all that apply. - Selected Choice - I was scheduled but then no vaccines were available,if able to make a vaccine appointment = No,1,10,False
Covid,no_appt_techprobs,why not able to make appt? - technical problems,"0. No,
1. Yes",Why were you unable to make an appointment to get vaccinated? Mark all that apply. - Selected Choice - Technical problems,if able to make a vaccine appointment = No,1,10,False
Covid,no_appt_ineligible,why not able to make appt? - told to be ineligible,"0. No,
1. Yes",Why were you unable to make an appointment to get vaccinated? Mark all that apply. - Selected Choice - I was told I was ineligible,if able to make a vaccine appointment = No,1,10,False
Covid,no_appt_other,why not able to make appt? - other,"0. No,
1. Yes",Why were you unable to make an appointment to get vaccinated? Mark all that apply. - Selected Choice - Other,if able to make a vaccine appointment = No,1,10,False
Covid,no_appt_other_text,"why not able to make appt? - other, text",,Why were you unable to make an appointment to get vaccinated? Mark all that apply. - Other - Text,if able to make a vaccine appointment = No,1,10,False
Covid,received_hero_pay,receive hero pay?,"0. No,
1. Yes,
2. No",Has your employer provided you with extra pay for working during the pandemic?,,1,10,False
Covid,hero_pay_wage,hero pay - increase in hourly wage,"0. No,
1. Yes",What form of extra pay did your employer provide? (Mark all that apply) - Selected Choice - Increase in my hourly wage,if employer provide extra pay = Yes,1,10,False
Covid,hero_pay_bonus,hero pay - bonus payment,"0. No,
1. Yes",What form of extra pay did your employer provide? (Mark all that apply) - Selected Choice - One or more bonus payments,if employer provide extra pay = Yes,1,10,False
Covid,hero_pay_giftcard,hero pay - gift card,"0. No,
1. Yes",What form of extra pay did your employer provide? (Mark all that apply) - Selected Choice - Gift card or other non-cash payment,if employer provide extra pay = Yes,1,10,False
Covid,hero_pay_other,hero pay - other,"0. No,
1. Yes",What form of extra pay did your employer provide? (Mark all that apply) - Selected Choice - Other,if employer provide extra pay = Yes,1,10,False
Covid,hero_pay_other_text,"hero pay - other, text",,What form of extra pay did your employer provide? (Mark all that apply) - Other - Text,if employer provide extra pay = Yes,1,10,False
Covid,covid_self,self contracted covid,"0. No,
1. Yes,
2. No,
3. Don't know/refuse",Have you contracted the novel coronavirus (COVID-19)?,,5,"9, 10, 11, 12, 13",False
Covid,covid_family,family member contracted covid,"0. No,
1. Yes,
2. No,
3. Don't know/refuse",Have any of your immediate family members contracted the novel coronavirus (COVID-19)?,,5,"9, 10, 11, 12, 13",False
Covid,covid_self_severity,had covid - how severe?,"1. I did not feel sick,
2. My symptoms were mild,
3. My symptoms were moderate,
4. My symptoms were severe",How severe was your case of COVID-19?,if covid_self == 1,3,"11, 12, 13",False
Covid,covid_self_hospitalized,had covid - hospitalized?,"1. No,
2. Yes, for less than 1 week,
3. Yes, for 1-2 weeks,
4. Yes, for more than 2 weeks",Were you hospitalized when you were sick with COVID-19?,if covid_self == 1,3,"11, 12, 13",False
Covid,feel_safe,currently do you feel safe at work?,"0. No,
1. Yes,
2. No,
3. Don't know/Refuse","Currently, do you feel safe at your [EMPLOYERNAME] workplace during the COVID-19 pandemic?",,2,"9, 10",False
Covid,why_feel_unsafe,why feel unsafe at work?,,Why do you feel unsafe at work?,if felt unsafe at work during Covid,2,"9, 10",False
Covid,covid_socialdist,processed variable - social distance at work,,Created from covid_other_text in Wave 8 only,,1,8,False
Covid,practice_socialdist,able to social distance at work?,"1. Always,
4. Often,
5. Sometimes,
6. Rarely,
7. Never",Are you able to practice social distancing at your EMPLOYERNAME workplace (maintaining a distance of at least 6 feet from other people)?,,1,9,False
Covid,sickleave_increase_unpaid,covid sick leave  - increase unpaid leave,"0. No,
1. Yes","During the COVID-19 pandemic, did EMPLOYERNAME make any changes to the way they handle sick leave for workers like you? Mark all that apply. - Increased paid sick leave",,1,9,False
Covid,sickleave_increase_paid,covid sick leave - increase paid leave,"0. No,
1. Yes","During the COVID-19 pandemic, did EMPLOYERNAME make any changes to the way they handle sick leave for workers like you? Mark all that apply. - Increased unpaid sick leave",,1,9,False
Covid,sickleave_easieruse,covid sick leave - easier to use,"0. No,
1. Yes","During the COVID-19 pandemic, did EMPLOYERNAME make any changes to the way they handle sick leave for workers like you? Mark all that apply. - Made it easier to use sick leave",,1,9,False
Covid,sickleave_reducedpenalties,covid sick leave - reduce penalties,"0. No,
1. Yes","During the COVID-19 pandemic, did EMPLOYERNAME make any changes to the way they handle sick leave for workers like you? Mark all that apply. - Reduced penalties for calling out sick",,1,9,False
Covid,sickleave_enc_stayhome,covid sick leave - stay home encouraged,"0. No,
1. Yes","During the COVID-19 pandemic, did EMPLOYERNAME make any changes to the way they handle sick leave for workers like you? Mark all that apply. - Actively encouraged employees to stay home if sick",,1,9,False
Covid,sickleave_nochange,covid sick leave - same policy as pre-pandemic,"0. No,
1. Yes","During the COVID-19 pandemic, did EMPLOYERNAME make any changes to the way they handle sick leave for workers like you? Mark all that apply. - No change",,1,9,False
Covid,notboost_dkhow,,"0. No,
1. Yes",Why have you not received a COVID19 booster shot? Mark all that apply - Selected Choice - I don't know how to make an appointment,if fully vaccinated and have not received booster,2,"13, 14",False
Covid,notboost_notime,,"0. No,
1. Yes",Why have you not received a COVID19 booster shot? Mark all that apply - Selected Choice - I don't have time to make an appointment,,2,"13, 14",False
Covid,notboost_scheduleissue,,"0. No,
1. Yes",Why have you not received a COVID19 booster shot? Mark all that apply - Selected Choice - I don't know my work schedule far enough ahead to be able to book an appointment,,2,"13, 14",False
Covid,notboost_cant_affrd_timeoff,,"0. No,
1. Yes",Why have you not received a COVID19 booster shot? Mark all that apply - Selected Choice - I can't afford to take time off of work,,2,"13, 14",False
Covid,notboost_sideeffects,,"0. No,
1. Yes",Why have you not received a COVID19 booster shot? Mark all that apply - Selected Choice - I am worried about possible side-effects of vaccination,,2,"13, 14",False
Covid,notboost_dont_trust_vacc,,"0. No,
1. Yes",Why have you not received a COVID19 booster shot? Mark all that apply - Selected Choice - I don't trust the vaccine,,2,"13, 14",False
Covid,notboost_notworried,,"0. No,
1. Yes",Why have you not received a COVID19 booster shot? Mark all that apply - Selected Choice - I am not worried about getting COVID,,2,"13, 14",False
Covid,notboost_vacc_cost,,"0. No,
1. Yes",Why have you not received a COVID19 booster shot? Mark all that apply - Selected Choice - I am worried about the cost of the vaccine,,2,"13, 14",False
Covid,notboost_ineligible,,"0. No,
1. Yes",Why have you not received a COVID19 booster shot? Mark all that apply - Selected Choice - I don't think I am eligible for a booster,,2,"13, 14",False
Covid,notboost_already_protected,,"0. No,
1. Yes",Why have you not received a COVID19 booster shot? Mark all that apply - Selected Choice - I think I am already protected against COVID,,2,"13, 14",False
Covid,notboost_other,,"0. No,
1. Yes",Why have you not received a COVID19 booster shot? Mark all that apply - Selected Choice - Other,,2,"13, 14",False
Covid,notboost_other_text,,,Why have you not received a COVID19 booster shot? Mark all that apply - Other - Text,,2,"13, 14",False
Automation &amp; Surveillance,tech_pickup,tech  - customer use device to order online,"0.  No,
1.  Yes",Does your [EMPLOYERNAME] workplace use any of the following technologies to complete or assist with orders and sales? Mark all that apply. - Selected Choice - Customers use a website or app to order online and pick up in the store.,"if workplace != hotel, warehouse, fulfillment center, delivery, corporate office or training center, call center, or other.",10,"7, 8, 9, 10, 11, 12, 13, 14, 16, 17",False
Automation &amp; Surveillance,tech_order,tech - customer use device to order in store,"0.  No,
1.  Yes",Does your [EMPLOYERNAME] workplace use any of the following technologies to complete or assist with orders and sales? Mark all that apply. - Selected Choice - Customers use in-store tablets or computers to place their orders.,"if workplace != hotel, warehouse, fulfillment center, delivery, corporate office or training center, call center, or other.",10,"7, 8, 9, 10, 11, 12, 13, 14, 16, 17",False
Automation &amp; Surveillance,tech_eeorder,tech - employee use device to place order,"0.  No,
1.  Yes","Does your [EMPLOYER] workplace use any of the following technologies to complete or assist with orders and sales? Mark all that apply. - Selected Choice - Employees use in-store tablets, handheld devices, or computers to place orders for customers.","if workplace != hotel, warehouse, fulfillment center, delivery, corporate office or training center, call center, or other.",10,"7, 8, 9, 10, 11, 12, 13, 14, 16, 17",False
Automation &amp; Surveillance,tech_selfcheckout,tech - self check out,"0.  No,
1.  Yes",Does your [EMPLOYER] workplace use any of the following technologies to complete or assist with orders and sales? Mark all that apply. - Selected Choice - Customers use self-checkout registers or apps in the store.,"if workplace != hotel, warehouse, fulfillment center, delivery, corporate office or training center, call center, or other.",10,"7, 8, 9, 10, 11, 12, 13, 14, 16, 17",False
Automation &amp; Surveillance,tech_eecheckout,tech - employees use handheld device at check out,"0.  No,
1.  Yes",Does your [EMPLOYER] workplace use any of the following technologies to complete or assist with orders and sales? Mark all that apply. - Selected Choice - Employees use tablets or handheld devices to check out customers.,"if workplace != hotel, warehouse, fulfillment center, delivery, corporate office or training center, call center, or other.",10,"7, 8, 9, 10, 11, 12, 13, 14, 16, 17",False
Automation &amp; Surveillance,tech_salesother,tech - other sales technology used,"0.  No,
1.  Yes",Does your [EMPLOYER] workplace use any of the following technologies to complete or assist with orders and sales? Mark all that apply. - Selected Choice - Other (specify),"if workplace != hotel, warehouse, fulfillment center, delivery, corporate office or training center, call center, or other.",10,"7, 8, 9, 10, 11, 12, 13, 14, 16, 17",False
Automation &amp; Surveillance,tech_salesnone,tech - no sales technology used,"0.  No,
1.  Yes",Does your [EMPLOYER] workplace use any of the following technologies to complete or assist with orders and sales? Mark all that apply. - Selected Choice - None of these,"if workplace != hotel, warehouse, fulfillment center, delivery, corporate office or training center, call center, or other.",10,"7, 8, 9, 10, 11, 12, 13, 14, 16, 17",False
Automation &amp; Surveillance,tech_salesother_text,"tech - other sales technology used, text",,Does your [EMPLOYER] workplace use any of the following technologies to complete or assist with orders and sales? Mark all that apply. - Other (specify) - Text,"if workplace != hotel, warehouse, fulfillment center, delivery, corporate office or training center, call center, or other.",10,"7, 8, 9, 10, 11, 12, 13, 14, 16, 17",False
Automation &amp; Surveillance,techstress,technology increases stress,"1.  Strongly agree,
2.  Agree,
3.  Neither agree nor disagree,
4.  Disagree,
5.  Strongly disagree",Do you agree or disagree: The use of technology to assist with orders and sales makes my job... - More stressful,if count of tech_* questions &gt; 0,8,"7, 8, 9, 10, 11, 12, 13, 14",False
Automation &amp; Surveillance,techhard,technology makes job harder,"1.  Strongly agree,
2.  Agree,
3.  Neither agree nor disagree,
4.  Disagree,
5.  Strongly disagree",Do you agree or disagree: The use of technology to assist with orders and sales makes my job... - More difficult,if count of tech_* questions &gt; 0,8,"7, 8, 9, 10, 11, 12, 13, 14",False
Automation &amp; Surveillance,techjoy,technology makes job more fun,"1.  Strongly agree,
2.  Agree,
3.  Neither agree nor disagree,
4.  Disagree,
5.  Strongly disagree",Do you agree or disagree: The use of technology to assist with orders and sales makes my job... - More enjoyable,if count of tech_* questions &gt; 0,8,"7, 8, 9, 10, 11, 12, 13, 14",False
Automation &amp; Surveillance,tech_stock,machine -  stock shelves,"0.  No,
1.  Yes",Does your [EMPLOYER] workplace use any other workplace technologies? Mark all that apply. - Selected Choice - Robots that stock shelves or move boxes,"if workplace != corporate office or training center, call center, or other.",11,"7, 8, 9, 10, 11, 12, 13, 14, 15, 16, 17",False
Automation &amp; Surveillance,tech_inventory,machine - take inventory,"0.  No,
1.  Yes",Does your [EMPLOYER] workplace use any other workplace technologies? Mark all that apply. - Selected Choice - Robots that take inventory,"if workplace != corporate office or training center, call center, or other.",11,"7, 8, 9, 10, 11, 12, 13, 14, 15, 16, 17",False
Automation &amp; Surveillance,tech_service,machine -  provide customer service,"0.  No,
1.  Yes",Does your [EMPLOYER] workplace use any other workplace technologies? Mark all that apply. - Selected Choice - Robots that provide customer service,"if workplace != corporate office or training center, call center, or other.",11,"7, 8, 9, 10, 11, 12, 13, 14, 15, 16, 17",False
Automation &amp; Surveillance,tech_money,machine- counts money,"0.  No,
1.  Yes",Does your [EMPLOYER] workplace use any other workplace technologies? Mark all that apply. - Selected Choice - A machine that counts money,"if workplace != corporate office or training center, call center, or other.",11,"7, 8, 9, 10, 11, 12, 13, 14, 15, 16, 17",False
Automation &amp; Surveillance,tech_food,machine - cooks or prepares food,"0. No,
1. Yes",Does your [EMPLOYER] workplace use any other workplace technologies? Mark all that apply. - Selected Choice - Robots that cook or prepare food,"if workplace != corporate office or training center, call center, or other.",4,"14, 15, 16, 17",False
Automation &amp; Surveillance,tech_ai_customer_service,workplace ai - provide customer service,"0. No,
1. Yes",Does your [EMPLOYER] workplace use any other workplace technologies? Mark all that apply. - Selected Choice - Artificial intelligence (AI) that assists with customer service such as a chat bot,"if workplace != corporate office or training center, call center, or other.",3,"15, 16, 17",False
Automation &amp; Surveillance,tech_ai_predict_demand,workplace ai - predicts business trends,"0. No,
1. Yes",Does your [EMPLOYER] workplace use any other workplace technologies? Mark all that apply. - Selected Choice - AI that helps predict demand for certain items or what the busy periods are going to be,"if workplace != corporate office or training center, call center, or other.",3,"15, 16, 17",False
Automation &amp; Surveillance,tech_ai_task_order,workplace ai - optimizes tasks,"0. No,
1. Yes","Does your [EMPLOYER] workplace use any other workplace technologies? Mark all that apply. - Selected Choice - AI that optimizes the order of tasks, such as picking items in a certain order or taking a particular delivery route","if workplace != corporate office or training center, call center, or other.",3,"15, 16, 17",False
Automation &amp; Surveillance,tech_other,machine -  does other tasks,"0.  No,
1.  Yes",Does your [EMPLOYER] workplace use any other workplace technologies? Mark all that apply. - Selected Choice - Other:,"if workplace != corporate office or training center, call center, or other.",11,"7, 8, 9, 10, 11, 12, 13, 14, 15, 16, 17",False
Automation &amp; Surveillance,tech_none,machine - does no tasks,"0.  No,
1.  Yes",Does your [EMPLOYER] workplace use any other workplace technologies? Mark all that apply. - Selected Choice - None of these,"if workplace != corporate office or training center, call center, or other.",11,"7, 8, 9, 10, 11, 12, 13, 14, 15, 16, 17",False
Automation &amp; Surveillance,tech_other_text,"machine - does other tasks, text",,Does your [EMPLOYER] workplace use any other workplace technologies? Mark all that apply. - Other: - Text,"if workplace != corporate office or training center, call center, or other.",11,"7, 8, 9, 10, 11, 12, 13, 14, 15, 16, 17",False
Automation &amp; Surveillance,dutytech1yr,"predict some duties replaced by machines, 1 yr","1.  Strongly agree,
2.  Agree,
4.  Neither agree nor disagree,
6.  Disagree,
7.  Strongly disagree","Please mark how much you agree or disagree with the following statements: Some of my job duties at [EMPLOYER] will be replaced by technology (computers, online shopping, robots, etc.)... - within the next year",,7,"7, 9, 10, 11, 12, 13, 14",False
Automation &amp; Surveillance,dutytech5yr,"predict some duties replaced by machines, 5 yrs","1.  Strongly agree,
2.  Agree,
4.  Neither agree nor disagree,
6.  Disagree,
7.  Strongly disagree","Please mark how much you agree or disagree with the following statements: Some of my job duties at [EMPLOYER] will be replaced by technology (computers, online shopping, robots, etc.)... - within the next 5 years",,7,"7, 9, 10, 11, 12, 13, 14",False
Automation &amp; Surveillance,dutytechlife,"predict some duties replaced by machines, lifetime","1.  Strongly agree,
2.  Agree,
4.  Neither agree nor disagree,
6.  Disagree,
7.  Strongly disagree","Please mark how much you agree or disagree with the following statements: Some of my job duties at [EMPLOYER] will be replaced by technology (computers, online shopping, robots, etc.)... - within my lifetime",,7,"7, 9, 10, 11, 12, 13, 14",False
Automation &amp; Surveillance,jobtech1yr,"predict job fully  replaced by machines, 1 yr","1.  Strongly agree,
2.  Agree,
4.  Neither agree nor disagree,
6.  Disagree,
7.  Strongly disagree","Please mark how much you agree or disagree with the following statements: My current job will be fully replaced by technology (computers, online shopping, robots, etc.)... - within the next year",,7,"7, 9, 10, 11, 12, 13, 14",False
Automation &amp; Surveillance,jobtech5yr,"predict job fully replaced by machines, 5 yrs","1.  Strongly agree,
2.  Agree,
4.  Neither agree nor disagree,
6.  Disagree,
7.  Strongly disagree","Please mark how much you agree or disagree with the following statements: My current job will be fully replaced by technology (computers, online shopping, robots, etc.)... - within the next five years",,7,"7, 9, 10, 11, 12, 13, 14",False
Automation &amp; Surveillance,jobtechlife,"predict job fully replaced by machines, lifetime","1.  Strongly agree,
2.  Agree,
4.  Neither agree nor disagree,
6.  Disagree,
7.  Strongly disagree","Please mark how much you agree or disagree with the following statements: My current job will be fully replaced by technology (computers, online shopping, robots, etc.)... - within my lifetime",,7,"7, 9, 10, 11, 12, 13, 14",False
Automation &amp; Surveillance,speedvideo,how track speed? - video recordings,"0.  No,
1.  Yes","At your  workplace, how does your employer keep...-Using video recordings",,10,"7, 8, 9, 10, 11, 12, 13, 14, 16, 17",False
Automation &amp; Surveillance,speedbadge,how track speed? -badge or band,"0.  No,
1.  Yes","At your workplace, how does your employer keep...-Using a wristband or a badge that I wear",,10,"7, 8, 9, 10, 11, 12, 13, 14, 16, 17",False
Automation &amp; Surveillance,speedobserve,how track speed? - observed by manager,"0.  No,
1.  Yes","At your workplace, how does your employer keep...-By my supervisor(s) directly observing me",,10,"7, 8, 9, 10, 11, 12, 13, 14, 16, 17",False
Automation &amp; Surveillance,speedother,how track speed? - other,"0.  No,
1.  Yes","At your workplace, how does your employer keep...-Other (specify)",,10,"7, 8, 9, 10, 11, 12, 13, 14, 16, 17",False
Automation &amp; Surveillance,speedother_text,"how track speed? - other, text",,"At your workplace, how does your employer keep...-Other (specify)-TEXT",,10,"7, 8, 9, 10, 11, 12, 13, 14, 16, 17",False
Automation &amp; Surveillance,speedregister,how track speed? - cash register data,"0.  No,
1.  Yes","At your workplace, how does your employer keep...-Using data recorded by a cash register, computer, or similar device",,10,"7, 8, 9, 10, 11, 12, 13, 14, 16, 17",False
Automation &amp; Surveillance,speedhandheld,how track speed? - handheld device I carry,"0.  No,
1.  Yes","At your workplace, how does your employer keep...-Using a handheld device that I carry",,10,"7, 8, 9, 10, 11, 12, 13, 14, 16, 17",False
Automation &amp; Surveillance,speednotrack,how track speed? - does not track,"0.  No,
1.  Yes","At your workplace, how does your employer keep...-My employer does not track the speed of my work",,10,"7, 8, 9, 10, 11, 12, 13, 14, 16, 17",False
Automation &amp; Surveillance,leaderboard,is there a leaderboard at work?,"0.  No,
1.  Yes","At your workplace, is there a leaderboard or o...",,9,"7, 8, 9, 10, 11, 12, 13, 14, 16",False
Automation &amp; Surveillance,leaderboard_fun,leaderboard makes job more fun?,"1.  Strongly agree,
2.  Agree,
3.  Disagree,
4.  Strongly disagree",Do you agree or disagree: The leaderboard or dashboard makes my job more fun. ,if leaderboard = yes,8,"7, 8, 9, 10, 11, 12, 13, 14",False
Automation &amp; Surveillance,leaderboard_stress,leaderboard makes job more stressful?,"1.  Strongly agree,
2.  Agree,
3.  Disagree,
4.  Strongly disagree",Do you agree or disagree: The leaderboard or dashboard makes my job more stressful. ,if leaderboard = yes,8,"7, 8, 9, 10, 11, 12, 13, 14",False
Automation &amp; Surveillance,managerspeed,freq manager provide feedback on speed of work,"1.  Every shift,
2.  Once or twice each week,
3.  Once or twice a month,
4.  Less than once a month,
5.  Never","At your [EMPLOYER] workplace, how often does your manager provide feedback on the speed of your work?",if how  employer keep track of speed = does not track,7,"7, 9, 10, 11, 12, 13, 14",False
Automation &amp; Surveillance,autospeed,freq get info about speed of work from automated tech,"1.  Every shift,
2.  Once or twice each week,
3.  Once or twice a month,
4.  Less than once a month,
5.  Never","At your [EMPLOYER] workplace, how often do you get information about the speed of your work from a computer, tablet, device, or some other automated technology?",,7,"7, 9, 10, 11, 12, 13, 14",False
Automation &amp; Surveillance,speedreward_card,speed reward - gift card,"0.  No,
1.  Yes","Do [EMPLOYER] employees who work most quickly receive any special rewards like gift cards, paid time off, or bonuses? Mark all that apply. - Selected Choice - Yes, gift cards",,7,"7, 9, 10, 11, 12, 13, 14",False
Automation &amp; Surveillance,speedreward_pto,speed reward - paid time off,"0.  No,
1.  Yes","Do [EMPLOYER] employees who work most quickly receive any special rewards like gift cards, paid time off, or bonuses? Mark all that apply. - Selected Choice - Yes, paid time off",,7,"7, 9, 10, 11, 12, 13, 14",False
Automation &amp; Surveillance,speedreward_bonus,speed reward - bonus pay,"0.  No,
1.  Yes","Do [EMPLOYER] employees who work most quickly receive any special rewards like gift cards, paid time off, or bonuses? Mark all that apply. - Selected Choice - Yes, bonus pay",,7,"7, 9, 10, 11, 12, 13, 14",False
Automation &amp; Surveillance,speedreward_other,speed reward - other,"0.  No,
1.  Yes","Do [EMPLOYER] employees who work most quickly receive any special rewards like gift cards, paid time off, or bonuses? Mark all that apply. - Selected Choice - Yes, another reward:",,7,"7, 9, 10, 11, 12, 13, 14",False
Automation &amp; Surveillance,speedreward_other_text,"speed reward - other, text",,"Do [EMPLOYER] employees who work most quickly receive any special rewards like gift cards, paid time off, or bonuses? Mark all that apply. - Yes, another reward: - Text",,7,"7, 9, 10, 11, 12, 13, 14",False
Automation &amp; Surveillance,speedreward_none,speed reward - none,"0.  No,
1.  Yes","Do [EMPLOYER] employees who work most quickly receive any special rewards like gift cards, paid time off, or bonuses? Mark all that apply. - Selected Choice - No reward",,7,"7, 9, 10, 11, 12, 13, 14",False
Automation &amp; Surveillance,speedreward_dkr,speed reward - don’t know,"0.  No,
1.  Yes","Do [EMPLOYER] employees who work most quickly receive any special rewards like gift cards, paid time off, or bonuses? Mark all that apply. - Selected Choice - Don't know/refuse",,7,"7, 9, 10, 11, 12, 13, 14",False
Automation &amp; Surveillance,slowfired,too slow - more likely to be fired,"1.  Very true,
2.  Somewhat true,
3.  A little true,
4.  Not at all true",Please mark how true the following statement is at your [EMPLOYER] workplace: Workers are more likely to be fired if they do not work quickly enough.,,7,"7, 9, 10, 11, 12, 13, 14",False
Automation &amp; Surveillance,slowworsetask,too slow - get less desirable tasks,"1.  Very true,
2.  Somewhat true,
3.  A little true,
4.  Not at all true",Please mark how true the following statement is at your [EMPLOYER] workplace: Workers will be assigned to less desirable tasks if they do not work quickly enough.,,7,"7, 9, 10, 11, 12, 13, 14",False
Automation &amp; Surveillance,slowworsesched,too slow - worse schedules,"1.  Very true,
2.  Somewhat true,
3.  A little true,
4.  Not at all true",Please mark how true the following statement is at your [EMPLOYER] workplace: Workers will be given worse schedules if they do not work quickly enough.,,7,"7, 9, 10, 11, 12, 13, 14",False
Automation &amp; Surveillance,shiftreport,how report times begin and end shift?,"1. Using a scan of my face or my eye,
2. Entering a code into a computer, tablet, or other device,
3. Using my fingerprint,
4. Other (specify),
5. Scanning a badge or ID card,
7. Using a paper timecard,
8.  Using an app,
10. Using an app on my phone,
11. I do not need to clock in and out","At your workplace, how do you report the times...",,8,"7, 8, 9, 10, 11, 12, 13, 14",False
Automation &amp; Surveillance,shiftreport_text,"how report times begin and end shift?, text",,"At your workplace, how do you report the times...-TEXT",,8,"7, 8, 9, 10, 11, 12, 13, 14",False
Automation &amp; Surveillance,clockinlostpay,how many times lost pay due to technical difficulties clocking in/out,"1.  Never,
2.  Once,
3.  Twice,
4.  Three or more times,
5.  Don't know/refuse","At your workplace, how often have you lost pay...",,8,"7, 8, 9, 10, 11, 12, 13, 14",False
Automation &amp; Surveillance,clockinlostpay_text,how many times lost pay due to technical difficulties clocking in/out - text,,"At your workplace, how often have you lost pay… - text",,1,14,False
Automation &amp; Surveillance,work_involves_speed,job involves working at very high speed,"1. Always,
2. Often,
3. Sometimes,
4. Rarely,
5. Never,
6. Don't know/refuse",Does your job involve working at very high speed?,,2,"13, 14",False
Automation &amp; Surveillance,work_pace_coworkers,extent pace of work depends on - coworkers,"1. Always,
2. Often,
3. Sometimes,
4. Rarely,
5. Never,
6. Don't know/refuse","On the whole, is your pace of work dependent, or not, on - coworkers",,2,"13, 14",False
Automation &amp; Surveillance,work_pace_customers,extent pace of work depends on - customers,"1. Always,
2. Often,
3. Sometimes,
4. Rarely,
5. Never,
6. Don't know/refuse","On the whole, is your pace of work dependent, or not, on - customers",,2,"13, 14",False
Automation &amp; Surveillance,work_pace_perf_targets,extent pace of work depends on - performance/production targets,"1. Always,
2. Often,
3. Sometimes,
4. Rarely,
5. Never,
6. Don't know/refuse","On the whole, is your pace of work dependent, or not, on - production or performance targets",,2,"13, 14",False
Automation &amp; Surveillance,work_pace_machine,extent pace of work depends on - speed of machine or product movement,"1. Always,
2. Often,
3. Sometimes,
4. Rarely,
5. Never,
6. Don't know/refuse","On the whole, is your pace of work dependent, or not, on - speed of machine or movement of product",,2,"13, 14",False
Automation &amp; Surveillance,work_pace_boss,extent pace of work depends on - boss,"1. Always,
2. Often,
3. Sometimes,
4. Rarely,
5. Never,
6. Don't know/refuse","On the whole, is your pace of work dependent, or not, on - boss",,2,"13, 14",False
Automation &amp; Surveillance,tech_monitor_location,extent employer uses tech to monitor - location at work,"1. A great deal,
2. Somewhat,
3. A little,
4. Not at all",Please indicate how much your [EMPLOYER NAME] employer uses technology to monitor - where you go in your workplace,,5,"13, 14, 15, 16, 17",False
Automation &amp; Surveillance,tech_monitor_actions,extent employer uses tech to monitor - activity at work,"1. A great deal,
2. Somewhat,
3. A little,
4. Not at all",Please indicate how much your [EMPLOYER NAME] employer uses technology to monitor - what you are doing in your workplace,,5,"13, 14, 15, 16, 17",False
Automation &amp; Surveillance,tech_monitor_interactions,extent employer uses tech to monitor - who respondent is with at work,"1. A great deal,
2. Somewhat,
3. A little,
4. Not at all",Please indicate how much your [EMPLOYER NAME] employer uses technology to monitor - who you are with in your workplace,,5,"13, 14, 15, 16, 17",False
Automation &amp; Surveillance,tech_monitor_conversations,extent employer uses tech to monitor - what respondent says at work,"1. A great deal,
2. Somewhat,
3. A little,
4. Not at all",Please indicate how much your [EMPLOYER NAME] employer uses technology to monitor - what you say in your workplace,,5,"13, 14, 15, 16, 17",False
Automation &amp; Surveillance,tech_monitor_quality,extent employer uses tech to monitor - work quality,"1. A great deal,
2. Somewhat,
3. A little,
4. Not at all",Please indicate how much your [EMPLOYER NAME] employer uses technology to monitor - the quality of your work,,5,"13, 14, 15, 16, 17",False
Automation &amp; Surveillance,employer_respects_privacy,extent employer respects privacy,"1. A great deal,
2. Somewhat,
3. A little,
4. Not at all",Please indicate how much your [EMPLOYER NAME] employer - respects your privacy,,3,"13, 14, 16",False
Automation &amp; Surveillance,employer_trusts_you,extent employer trusts - respondent,"1. A great deal,
2. Somewhat,
3. A little,
4. Not at all",Please indicate how much your [EMPLOYER NAME] employer - trusts you,,3,"13, 14, 16",False
Automation &amp; Surveillance,employer_trusts_coworkers,extent employer trusts - coworkers,"1. A great deal,
2. Somewhat,
3. A little,
4. Not at all",Please indicate how much your [EMPLOYER NAME] employer - trusts your coworkers,,3,"13, 14, 16",False
Automation &amp; Surveillance,employer_susp_steal_you,perceived employer's fear of - respondent stealing from company,"1. A great deal,
2. Somewhat,
3. A little,
4. Not at all",Please indicate how much you feel that your [EMPLOYER NAME] employer - suspects that you will try to steal from the company,,3,"13, 14, 16",False
Automation &amp; Surveillance,emp_susp_steal_coworkers,perceived employer's fear of - coworkers stealing from company,"1. A great deal,
2. Somewhat,
3. A little,
4. Not at all",Please indicate how much you feel that your [EMPLOYER NAME] employer - suspects that your co- workers will try to steal from the company,,3,"13, 14, 16",False
Automation &amp; Surveillance,employer_tracks_outside,perceived likelihood employer monitors respondent outside of work,"1. Not likely,
2. Somewhat likely,
3. Extremely likely,
4. Certain,
5. Don't know/refuse",How likely do you think it is that your employer monitors your behavior outside of work (such as by monitoring your online activity or tracking your location)?,,4,"13, 14, 15, 16",False
Automation &amp; Surveillance,punish_pay_deduct,punishment - having pay deducted,"1. Extremely unlikely,
2. Unlikely,
3. Neither unlikely nor likely,
4. Likely,
5. Extremely likely",If you did not meet workplace expectations in a minor way (such as being late to work a few times or making mistakes with product) how likely are you to experience the following discipline or punitive practices? - Selected choice - Having your pay deducted,,1,17,False
Automation &amp; Surveillance,punish_neg_conseq,punishment - threatened with negative consequences,"1. Extremely unlikely,
2. Unlikely,
3. Neither unlikely nor likely,
4. Likely,
5. Extremely likely",If you did not meet workplace expectations in a minor way (such as being late to work a few times or making mistakes with product) how likely are you to experience the following discipline or punitive practices? - Selected choice - Being threatened with negative job consequences,,1,17,False
Automation &amp; Surveillance,punish_demoted,punishment - demoted or denied promotion/raise,"1. Extremely unlikely,
2. Unlikely,
3. Neither unlikely nor likely,
4. Likely,
5. Extremely likely",If you did not meet workplace expectations in a minor way (such as being late to work a few times or making mistakes with product) how likely are you to experience the following discipline or punitive practices? - Selected choice - Being demoted or denied a promotion or raise,,1,17,False
Automation &amp; Surveillance,punish_fired,punishment - being fired,"1. Extremely unlikely,
2. Unlikely,
3. Neither unlikely nor likely,
4. Likely,
5. Extremely likely",If you did not meet workplace expectations in a minor way (such as being late to work a few times or making mistakes with product) how likely are you to experience the following discipline or punitive practices? - Selected choice - Being fired,,1,17,False
Automation &amp; Surveillance,punish_time_off,punishment - refused time off,"1. Extremely unlikely,
2. Unlikely,
3. Neither unlikely nor likely,
4. Likely,
5. Extremely likely",If you did not meet workplace expectations in a minor way (such as being late to work a few times or making mistakes with product) how likely are you to experience the following discipline or punitive practices? - Selected choice - Having time off requests refused,,1,17,False
Automation &amp; Surveillance,punish_hours_cut,punishment - hrs cut or worse hrs,"1. Extremely unlikely,
2. Unlikely,
3. Neither unlikely nor likely,
4. Likely,
5. Extremely likely",If you did not meet workplace expectations in a minor way (such as being late to work a few times or making mistakes with product) how likely are you to experience the following discipline or punitive practices? - Selected choice - Having your hours cut or receiving worse hours,,1,17,False
Automation &amp; Surveillance,punish_ridicule,"punishment - ridiculed, embarassed, or excluded at work","1. Extremely unlikely,
2. Unlikely,
3. Neither unlikely nor likely,
4. Likely,
5. Extremely likely","If you did not meet workplace expectations in a minor way (such as being late to work a few times or making mistakes with product) how likely are you to experience the following discipline or punitive practices? - Selected choice - Being ridiculed, embarassed, or excluded at work",,1,17,False
Automation &amp; Surveillance,punish_discip_talk,"punishment - displinary talk, written up, or more supervision","1. Extremely unlikely,
2. Unlikely,
3. Neither unlikely nor likely,
4. Likely,
5. Extremely likely","If you did not meet workplace expectations in a minor way (such as being late to work a few times or making mistakes with product) how likely are you to experience the following discipline or punitive practices? - Selected choice - A disciplinary talk, being written up, or greater supervision from your manager",,1,17,False
Second Job,secondjob,have second job?,"0. No,
1. Yes,
2. No","In addition to your job at [Field-EMPLOYERNAME], do you also have another paid job?",,17,"1, 2, 3, 4, 5, 6, 7, 8, 9, 10, 11, 12, 13, 14, 15, 16, 17",True
Second Job,incomesecondjob,how important is income from second job?,"1.  It is essential for meeting my basic needs,
2.  It is an important component of my budget, but not essential,
3.  It is nice to have, but I could live comfortably without it,
4.  Don't know/refuse","Not counting your income from [Field-EMPLOYERNAME], which of the following statements best describes the income you earn from all of your other jobs?",if secondjob == 1,9,"9, 10, 11, 12, 13, 14, 15, 16, 17",False
Second Job,hourssecondjob,"usual weekly hours, second job",,How many hours per week do you usually work at all your other jobs (not counting your job at [EMPLOYER NAME])?,if secondjob == 1,8,"1, 2, 3, 4, 5, 6, 7, 8",False
Second Job,hourssecondjob_clean,"usual weekly hours, second job - cleaned (before week 3)",,Processed version - before W3,,3,"1, 2, 3",False
Health &amp; Wellbeing,health,"health status, overall","1.  Excellent,
2.  Very good,
3.  Good,
4.  Fair,
5.  Poor,
6.  Don't know/Refuse","In general, how is your health? Would you say it is...",,17,"1, 2, 3, 4, 5, 6, 7, 8, 9, 10, 11, 12, 13, 14, 15, 16, 17",True
Health &amp; Wellbeing,sleep,"sleep quality, overall","1.  Very good,
2.  Good,
3.  Fair,
4.  Poor,
5.  Don't know/Refuse","During the past month, how would you rate your sleep quality overall? ",,17,"1, 2, 3, 4, 5, 6, 7, 8, 9, 10, 11, 12, 13, 14, 15, 16, 17",True
Health &amp; Wellbeing,sleep_hours,hours sleep per night,"-99. ,
1. 1 hours,
2. 2 hours,
3. 3 hours,
4. 4 hours,
5. 5 hours,
6. 6 hours,
7. 7 hours,
8. 8 hours,
9. 9 hours,
10. 10 hours,
11. 11 hours,
12. 12 or more hours,
13. 9 hours,
14. 10 hours,
15. 11 hours,
16. 12 or more hours",About how many hours of sleep do you get per night?,,6,"3, 4, 5, 6, 7, 8",False
Health &amp; Wellbeing,diffsleep,freq difficulty sleeping - in last mo,"1.  Every day,
2.  Multiple times per week,
3.  About once per week,
4.  Once or twice per month,
5.  Never","During the past month, how often did you have difficulty falling asleep?",,4,"5, 6, 7, 8",False
Health &amp; Wellbeing,wakeup,freq wake up during sleep - in last mo,"1.  Every day,
2.  Multiple times per week,
3.  About once per week,
4.  Once or twice per month,
5.  Never","During the past month, how often did you wake up repeatedly during sleep?",,4,"5, 6, 7, 8",False
Health &amp; Wellbeing,fatigued,freq wake up fatigued - in last mo,"1.  Every day,
2.  Multiple times per week,
3.  About once per week,
4.  Once or twice per month,
5.  Never","During the past month, how often did you wake up feeling exhausted/fatigue?",,4,"5, 6, 7, 8",False
Health &amp; Wellbeing,pilinghigh,freq difficulties piling up - in last mo,"-99. ,
1.  All of the time,
2.  Most of the time,
3.  Some of the time,
4.  A little of the time,
5.  None of the time","During the past month, how often have you felt difficulties were piling up so high that you could...",,8,"1, 2, 3, 4, 5, 6, 7, 8",False
Health &amp; Wellbeing,sosad,freq feel sad - in last mo,"-99. ,
1.  All of the time,
2.  Most of the time,
3.  Some of the time,
4.  A little of the time,
5.  None of the time","During the past month, how often did you feel so sad that nothing could cheer you up?",,17,"1, 2, 3, 4, 5, 6, 7, 8, 9, 10, 11, 12, 13, 14, 15, 16, 17",True
Health &amp; Wellbeing,nervous,freq feel nervous - in last mo,"-99. ,
1.  All of the time,
2.  Most of the time,
3.  Some of the time,
4.  A little of the time,
5.  None of the time","During the past month, how often did you feel nervous?",,17,"1, 2, 3, 4, 5, 6, 7, 8, 9, 10, 11, 12, 13, 14, 15, 16, 17",True
Health &amp; Wellbeing,restless,freq feel restless - in last mo,"-99. ,
1.  All of the time,
2.  Most of the time,
3.  Some of the time,
4.  A little of the time,
5.  None of the time","During the past month, how often did you feel restless?",,17,"1, 2, 3, 4, 5, 6, 7, 8, 9, 10, 11, 12, 13, 14, 15, 16, 17",True
Health &amp; Wellbeing,hopeless,freq feel hopeless - in last mo,"-99. ,
1.  All of the time,
2.  Most of the time,
3.  Some of the time,
4.  A little of the time,
5.  None of the time","During the past month, how often did you feel hopeless?",,17,"1, 2, 3, 4, 5, 6, 7, 8, 9, 10, 11, 12, 13, 14, 15, 16, 17",True
Health &amp; Wellbeing,effort,freq everything feels like effort - in last mo,"-99. ,
1.  All of the time,
2.  Most of the time,
3.  Some of the time,
4.  A little of the time,
5.  None of the time","During the past month, how often did you feel that everything was an effort?",,17,"1, 2, 3, 4, 5, 6, 7, 8, 9, 10, 11, 12, 13, 14, 15, 16, 17",True
Health &amp; Wellbeing,despair_index,index from piling high to effort,"0. All none of the time,
24. All all of the time",,,8,"1, 2, 3, 4, 5, 6, 7, 8",False
Health &amp; Wellbeing,worthless_k6,freq feel worthless - in past mo,"-99. ,
1.  All of the time,
2.  Most of the time,
3.  Some of the time,
4.  A little of the time,
5.  None of the time","During the past month, how often did you feel worthless?",,13,"5, 6, 7, 8, 9, 10, 11, 12, 13, 14, 15, 16, 17",True
Health &amp; Wellbeing,fastfood_freq,freq eat fast food  - in last mo,"1. 0 days,
2. 1 days,
3. 2 days,
4. 3 days,
5. 4 days,
6. 5 days,
7. 6 days,
8. 7 days","In the past week, how many days did you eat something from a fast-food restaurant such as: McDona...",,6,"1, 3, 4, 5, 6, 7",False
Health &amp; Wellbeing,active_freq,freq exercise - last mo,"1. 0 Days,
2. 1 Days,
3. 2 Days,
4. 3 Days,
5. 4 Days,
6. 5 Days,
7. 6 Days,
8. 7 Days","In the past week, how many days did you do physical activities for at least 10 minutes that cause...",,6,"1, 3, 4, 5, 6, 7",False
Health &amp; Wellbeing,alcohol_freq,freq drink alcohol - in last mo,"1. 0 times,
2. 1 time,
3. 2 times,
4. 3 times,
5. 4 times,
6. 5 times,
7. 6 times,
8. 7 times,
9. 8 times,
10. 9 times,
11. 10 or more times","Now thinking about the past month, considering all types of alcoholic beverages, how many times d...",,6,"1, 3, 4, 5, 6, 7",False
Health &amp; Wellbeing,smoke,do you smoke cigarettes?,"1. everyday,
2. some days,
3. not at all","Do you now smoke cigarettes everyday, some days, or not at all?",,1,1,False
Health &amp; Wellbeing,diet_quality,describe the quality of you diet?,"0. 0 fair poor,
1. 1 exc v good good",,,1,1,False
Health &amp; Wellbeing,happy,"happy, overall","-99. ,
1.  Very happy,
2.  Pretty happy,
3.  Not too happy","Taken all together, how would you say things are these days? Would you say you are...",,17,"1, 2, 3, 4, 5, 6, 7, 8, 9, 10, 11, 12, 13, 14, 15, 16, 17",True
Health &amp; Wellbeing,painfoot,experienced foot pain - in last mo,"0.  No,
1.  Yes","During the past three months, have you experienced the following types of pain? Mark all that apply.-Foot pain",,9,"7, 8, 10, 11, 12, 13, 14, 15, 16",False
Health &amp; Wellbeing,painneck,experienced neck pain - in last mo,"0.  No,
1.  Yes","During the past three months, have you experienced the following types of pain? Mark all that apply.-Neck pain",,9,"7, 8, 10, 11, 12, 13, 14, 15, 16",False
Health &amp; Wellbeing,painback,experienced back pain - in last mo,"0.  No,
1.  Yes","During the past three months, have you experienced the following types of pain? Mark all that apply.-Back pain",,9,"7, 8, 10, 11, 12, 13, 14, 15, 16",False
Health &amp; Wellbeing,painjoint,experienced joint pain - in last mo,"0.  No,
1.  Yes","During the past three months, have you experienced the following types of pain? Mark all that apply.-Pain, aching, stiffness, or swelling in or around a joint",,9,"7, 8, 10, 11, 12, 13, 14, 15, 16",False
Health &amp; Wellbeing,painhead,experienced headaches - in last mo,"0.  No,
1.  Yes","During the past three months, have you experienced the following types of pain? Mark all that apply.-Headaches or migraines",,9,"7, 8, 10, 11, 12, 13, 14, 15, 16",False
Health &amp; Wellbeing,painother,experienced other pain - in last mo,"0.  No,
1.  Yes","During the past three months, have you experienced the following types of pain? Mark all that apply.-Other:",,9,"7, 8, 10, 11, 12, 13, 14, 15, 16",False
Health &amp; Wellbeing,painother_text,experienced other pain - in last mo - text,,"During the past three months, have you experienced the following types of pain? Mark all that apply.-Other:-TEXT",,9,"7, 8, 10, 11, 12, 13, 14, 15, 16",False
Health &amp; Wellbeing,painnone,experiernced no pain - in last mo,"0.  No,
1.  Yes","During the past three months, have you experienced the following types of pain? Mark all that apply.-None of these",,9,"7, 8, 10, 11, 12, 13, 14, 15, 16",False
Health &amp; Wellbeing,contribpainfoot,How much does your work contribute to your foot pain?,"1.  A great deal,
2.  Somewhat,
3.  A little,
4.  Not at all",How much does your work contribute to your foot pain?,,7,"7, 8, 10, 11, 12, 13, 14",False
Health &amp; Wellbeing,contribpainneck,How much does your work contribute to your neck pain?,"1.  A great deal,
2.  Somewhat,
3.  A little,
4.  Not at all",How much does your work contribute to your neck pain?,,6,"7, 8, 10, 11, 13, 14",False
Health &amp; Wellbeing,contribpainback,How much does your work contribute to your back pain?,"1.  A great deal,
2.  Somewhat,
3.  A little,
4.  Not at all",How much does your work contribute to your back pain?,,7,"7, 8, 10, 11, 12, 13, 14",False
Health &amp; Wellbeing,contribpainjoint,How much does your work contribute to you joint pain?,"1.  A great deal,
2.  Somewhat,
3.  A little,
4.  Not at all","How much does your work contribute to your pain, aching, stiffness, or swelling in or around a jo...",,7,"7, 8, 10, 11, 12, 13, 14",False
Health &amp; Wellbeing,contribpainhead,How much does your work contribute to your headaches?,"1.  A great deal,
2.  Somewhat,
3.  A little,
4.  Not at all",How much does your work contribute to your headaches or migraines?,,7,"7, 8, 10, 11, 12, 13, 14",False
Health &amp; Wellbeing,contribpainother,How much does your work contribute to your other pain?,"1.  A great deal,
2.  Somewhat,
3.  A little,
4.  Not at all",How much does your work contribute to your other pain (${q://QID713/ChoiceTextEntryValue/6})?,,7,"7, 8, 10, 11, 12, 13, 14",False
Health &amp; Wellbeing,loudnoise,Freq exposed to loud noise at work,"1.  Always,
2.  Often,
3.  Sometimes,
4.  Rarely,
5.  Never","At your workplace, how often are you exposed to loud noise? By loud noise, we mean noise so loud...",,7,"7, 10, 11, 13, 14, 15, 16",False
Health &amp; Wellbeing,protecthear,Freq wear protective head gear at work,"1.  Always,
2.  Often,
3.  Sometimes,
4.  Rarely,
5.  Never","At your workplace, how often do you wear protective hearing devices such as earplugs or earmuffs?",,7,"7, 10, 11, 13, 14, 15, 16",False
Health &amp; Wellbeing,work_limitations,work limited by physical/emotional issue,"1. Yes,
2. No,
3. Refused,
4. Don't Know","Are you limited in the kind OR amount of work you can do because of a physical, mental or emotion...",,2,"12, 13",False
Health &amp; Wellbeing,pain_limit_freq,Freq pain limit your life or work activities - last 3 mo,"1. Never,
2. Some days,
3. Most days,
4. Every day,
5. Refused,
6. Don't know","Over the past three months, how often did your pain limit your life or work activities?",,3,"12, 13, 14",False
Health &amp; Wellbeing,drainedwork,Freq drained at work,"-99. ,
1.  Often,
2.  Sometimes,
3.  Rarely,
4.  Never","During the past month, how often have you felt emotionally drained from your work?",,3,"1, 2, 3",False
Health &amp; Wellbeing,jobplan_state_source,"State health insurance source, employed","1. Medicaid, Medical Assistance, or any kind of government-assistance plan for those with low incomes or a disability?,
4. A health insurance plan that you signed up for through , or a health insurance marketplace created by the Affordable Care Act, also known as Obamacare?,
5. Medicare, for people 65 and older, or people with certain disabilities?,
6. A military health care plan, such as TRI-CARE, CHAMPUS, or CHAMP-VA?,
7. Any other type of health insurance or health coverage plan (specify):","Do you receive your health coverage from: &lt;Medicaid/Medical Assistantce/government assistance, Affordable Care Act, Medicare, Military, Other&gt;",,1,16,False
Health &amp; Wellbeing,jobplan_state_srce_oth_txt,"State health insurance - other (text), employed",,"Do you receive your health coverage from: &lt;Medicaid/Medical Assistantce/government assistance, Affordable Care Act, Medicare, Military, Other&gt;",,1,16,False
Health &amp; Wellbeing,jobplan_state_tax_credit,"income-based tax credit or subsidy for insurance premium, employed","1. Yes, I receive a tax credit or subsidy,
4. No, I do not receive a tax credit or subsidy",Do you receive a tax credit or subsidy based on your (or your family) income to help pay the premium,,1,16,False
Health &amp; Wellbeing,healthcoverage,source of health insurance plan,"1. I get health coverage through my previous job/COBRA,
2. I bought a health plan myself,
3. I get health coverage through my spouse or parent's health plan,
4. I get health coverage from Medicaid or another state or government health plan,
5. Other,
6. I get health coverage through my college or university",How did you get that health coverage?,if has health insurance and employed,8,"9, 10, 11, 13, 14, 15, 16, 17",False
Health &amp; Wellbeing,healthcoverage_text,source of health insurance plan - text,,How did you get that health coverage?,if has health insurance and employed,9,"9, 10, 11, 12, 13, 14, 15, 16, 17",False
Health &amp; Wellbeing,hlthcovg_state_source,"state health insurance source, not employed","1. Medicaid, Medical Assistance, or any kind of government-assistance plan for those with low incomes or a disability?,
4. A health insurance plan that you signed up for through , or a health insurance marketplace created by the Affordable Care Act, also known as Obamacare?,
5. Medicare, for people 65 and older, or people with certain disabilities?,
6. A military health care plan, such as TRI-CARE, CHAMPUS, or CHAMP-VA?,
7. Any other type of health insurance or health coverage plan (specify):","Do you receive your health coverage from: &lt;Medicaid/Medical Assistantce/government assistance, Affordable Care Act, Medicare, Military, Other&gt; - Selected choice -  Other",,1,16,False
Health &amp; Wellbeing,hlthcovg_state_srce_oth_txt,"state health insurance - other (text), not employed",,"Do you receive your health coverage from: &lt;Medicaid/Medical Assistantce/government assistance, Affordable Care Act, Medicare, Military, Other&gt; - Selected choice -  Other (text)",,1,16,False
Health &amp; Wellbeing,hlthcovg_state_tax_credit,"income-based tax credit or subsidy for insurance premium, not employed","1. Yes, I receive a tax credit or subsidy,
4. No, I do not receive a tax credit or subsidy",Do you receive a tax credit or subsidy based on your (or your family) income to help pay the premium,,1,16,False
Health &amp; Wellbeing,life_ladder,self rated quality of life,,"Assume that this ladder is a way of picturing your life. The top of the ladder represents the best possible life for you and the bottom rung of the ladder represents the worst possible life for you. If the top step is 10 and the bottom step is 0, on which step of the ladder do you feel you personally stand right now?",,5,"13, 14, 15, 16, 17",False
Health &amp; Wellbeing,pain_scale,self rated average pain over past 7 days,,"Now thinking about the past 7 days, how would you rate your pain on average on a scale of 0-10, where 0 is no pain and 10 is the worst pain imaginable?",If experienced pain in past 3 months,4,"13, 14, 15, 16",False
Health &amp; Wellbeing,lonely,how often felt lonely in past month,"1. All of the time,
2. Most of the time,
3. Some of the time,
4. A little of the time,
5. None of the time","During the past month, how often did you feel lonely? - all of the time, most of the time, some of the time, a little of the time, none of the time",,3,"15, 16, 17",False
PTO/PSL,sickwork_yn2,work sick in past mo - 3 cat,"1.  Yes,
2.  No, I was sick but I stayed home,
3.  No, I haven't been sick in the past month","In the past month, did you ever work at EMPLOYERNAME even though you were feeling sick?",,16,"2, 3, 4, 5, 6, 7, 8, 9, 10, 11, 12, 13, 14, 15, 16, 17",False
PTO/PSL,sickwork_yn,work sick in past mo?,"0. No,
1. Yes","In the past month, did you ever work at EMPLOYERNAME even though you were feeling sick?",,17,"1, 2, 3, 4, 5, 6, 7, 8, 9, 10, 11, 12, 13, 14, 15, 16, 17",False
PTO/PSL,sickwork_why,why work sick?,"-99. ,
1.  I didn't have paid sick leave,
2.  I was afraid I'd get in trouble for calling out sick,
3.  I couldn't get medical documentation,
4.  My supervisor pressured me,
5.  I wanted to save my sick days,
6.  I needed the pay,
7.  Other",What were the main reasons you went to work while sick? Mark all that apply. - Selected Choice - I didn't have paid sick leave,,1,10,False
PTO/PSL,sickwork_why_text,why work sick? - text,,What were the main reasons you went to work while sick? Mark all that apply. - Selected Choice - I was afraid I'd get in trouble for calling out sick,,8,"10, 11, 12, 13, 14, 15, 16, 17, 10, 11, 12, 13, 14, 15, 16, 17",False
PTO/PSL,sickwork_why_nopaidsick,why work sick? - no paid sick leave,"0. No,
1. Yes",What were the main reasons you went to work while sick? Mark all that apply. - Selected Choice - I couldn't get medical documentation,if work sick == yes,7,"11, 12, 13, 14, 15, 16, 17",False
PTO/PSL,sickwork_why_trouble,why work sick?  - fear getting in trouble,"0. No,
1. Yes",What were the main reasons you went to work while sick? Mark all that apply. - Selected Choice - My supervisor pressured me,if work sick == yes,7,"11, 12, 13, 14, 15, 16, 17",False
PTO/PSL,sickwork_why_meddoc,why work sick? - couldn’t get doctors note,"0. No,
1. Yes",What were the main reasons you went to work while sick? Mark all that apply. - Selected Choice - I wanted to save my sick days,if work sick == yes,7,"11, 12, 13, 14, 15, 16, 17",False
PTO/PSL,sickwork_why_pressure,why work sick? - pressured by supervisor,"0. No,
1. Yes",What were the main reasons you went to work while sick? Mark all that apply. - Selected Choice - I couldn't get anyone to cover my shift,if work sick == yes,7,"11, 12, 13, 14, 15, 16, 17",False
PTO/PSL,sickwork_why_saveleave,why work sick? - wanted to save PTO days,"0. No,
1. Yes",What were the main reasons you went to work while sick? Mark all that apply. - Selected Choice - I needed the pay,if work sick == yes,7,"11, 12, 13, 14, 15, 16, 17",False
PTO/PSL,sickwork_why_needpay,why work sick? - needed the pay,"0. No,
1. Yes",What were the main reasons you went to work while sick? Mark all that apply. - Selected Choice - I didn't want to let down my co-workers,if work sick == yes,7,"11, 12, 13, 14, 15, 16, 17",False
PTO/PSL,sickwork_why_other,why work sick? - other,"0. No,
1. Yes",What were the main reasons you went to work while sick? Mark all that apply. - Selected Choice - Other (specify):,if work sick == yes,7,"11, 12, 13, 14, 15, 16, 17",False
PTO/PSL,sickwork_why_text,"why work sick?  - other, text",,What were the main reasons you went to work while sick? Mark all that apply. - Other (specify): - Text,if work sick == yes,8,"10, 11, 12, 13, 14, 15, 16, 17, 10, 11, 12, 13, 14, 15, 16, 17",False
PTO/PSL,sickwork_why_nobodycovered,why work sick? - nobody could cover my shift,"0. No,
1. Yes",What were the main reasons you went to work while sick? Mark all that apply. - Selected Choice - I couldn't get anyone to cover my shift,,6,"12, 13, 14, 15, 16, 17",False
PTO/PSL,sickwork_why_notletdown,why work sick? - didn't want to let down coworkers,"0. No,
1. Yes",What were the main reasons you went to work while sick? Mark all that apply. - Selected Choice - I didn't want to let down my co-workers,,6,"12, 13, 14, 15, 16, 17",False
PTO/PSL,earnsick12,how many sick days earned in last year,,How many sick days have you earned in the past 12 months?,,2,"8, 9",False
PTO/PSL,earnsickhire,how many sick days earned since hired,,How many sick days have you earned since you were hired at ...,,2,"8, 9",False
PTO/PSL,usesick12,how many sick days used in last year,,How many earned sick days have you used in the past 12 months?,,2,"8, 9",False
PTO/PSL,usesickhire,how many sick days used since hired,,How many earned sick days have you used since you were hired at ...,,2,"8, 9",False
PTO/PSL,paysickhire,how many sick days taken since hired were paid?,,Of the [#DAYS] earned sick days you used since you were hired at …,,2,"8, 9",False
PTO/PSL,usesickeasy,how easy to use paid sick leave?,"1.  Very easy,
2.  Somewhat easy,
3.  Somewhat difficult,
4.  Very difficult",How easy was it to use your paid sick leave benefits?,,2,"8, 9",False
PTO/PSL,worksick,work while sick?,,"In the past month, did you ever work at [EMPLOYER NAME] even though you were feeling sick?",,1,5,False
Job Insecurity,chanceslosejob,feel that I will lose job,"1.  Strongly agree,
2.  Agree,
4.  Neither agree nor disagree,
6.  Disagree,
7.  Strongly disagree","Do you agree with the following statements? - Chances are, I will soon lose my job.",,2,"7, 9",False
Job Insecurity,keepjob,feel that I will keep job,"1.  Strongly agree,
2.  Agree,
4.  Neither agree nor disagree,
6.  Disagree,
7.  Strongly disagree",Do you agree with the following statements? - I am sure I can keep my job.,,2,"7, 9",False
Job Insecurity,insecurejob,feel insecure about future of job,"1.  Strongly agree,
2.  Agree,
4.  Neither agree nor disagree,
6.  Disagree,
7.  Strongly disagree",Do you agree with the following statements? - I feel insecure about the future of my job.,,2,"7, 9",False
Job Insecurity,thinklosejob,think might lose job,"1.  Strongly agree,
2.  Agree,
4.  Neither agree nor disagree,
6.  Disagree,
7.  Strongly disagree",Do you agree with the following statements? - I think I might lose my job in the near future.,,9,"7, 9, 10, 11, 12, 13, 14, 16, 17",False
Job Insecurity,insecurejobchar,feel insecure about characteristics and conditions of job,"1.  Strongly agree,
2.  Agree,
4.  Neither agree nor disagree,
6.  Disagree,
7.  Strongly disagree",Do you agree with the following statements? - I feel insecure about the characteristics and conditions of my job in the future.,,9,"7, 9, 10, 11, 12, 13, 14, 16, 17",False
Job Insecurity,jobchange,job will change in a negative way,"1.  Strongly agree,
2.  Agree,
4.  Neither agree nor disagree,
6.  Disagree,
7.  Strongly disagree","Do you agree with the following statements? - Chances are, my job will change in a negative way.",,9,"7, 9, 10, 11, 12, 13, 14, 16, 17",False
PFML,pl_state,in a paid leave state,,indicator variable,,1,11,False
PFML,statepaidleave,in a paid leave state and experienced a qualifying event,,indicator variable,,1,11,False
PFML,child_event,experienced child event,"0. No,
1. Yes",Constructed by shift - harmonized version,,4,"8, 9, 10, 11",False
PFML,health_event,experienced health event,"0. No,
1. Yes",Constructed by shift - harmonized version,,4,"8, 9, 10, 11",False
PFML,care_event,experienced care event,"0. No,
1. Yes",Constructed by shift - harmonized version,,4,"8, 9, 10, 11",False
PFML,num_events,number of leave events,,indicator variable,,4,"8, 9, 10, 11",False
PFML,has_mult,indicator var - has multiple leave events,,indicator variable,,1,11,False
PFML,employed_when_child,employed at time of child event?,"0. No,
1. Yes,
2. No",Were you employed at the time you welcomed a new child into your family?,,1,11,False
PFML,employed_when_health,employed at time of health event?,"0. No,
1. Yes,
2. No",Were you employed at the time you had a serious health condition or illness?,,1,11,False
PFML,employed_when_care,employed at time of caregiving event?,"0. No,
1. Yes,
2. No",Were you employed at the time you needed to care for a seriously ill or injured family member?,,1,11,False
PFML,pfml_pay_needed,pct of normal pay needed on leave,,"If you needed to provide care for a new child, a seriously ill family member, or to recover from a serious illness, how much of your normal pay would you need to receive in order to take time away from work? - Percentage (%) of normal pay you would need to receive in order to take time away from work",,3,"8, 10, 11",False
PFML,leave_pay_full_employer_harm,"PFML - received full pay from my employer, harmonized","0. No,
1. Yes",Constructed by shift - harmonized version,,1,11,False
PFML,leave_pay_part_employer_harm,"PFML - received partial pay from my employer, harmonized","0. No,
1. Yes",Constructed by shift - harmonized version,,1,11,False
PFML,leave_pay_disability_harm,"PFML - received  pay from disability insurance, harmonized","0. No,
1. Yes",Constructed by shift - harmonized version,,1,11,False
PFML,leave_pay_pvt_program_harm,"PFML - received  pay from private paid leave ins. program, harmonized","0. No,
1. Yes",Constructed by shift - harmonized version,,1,11,False
PFML,leave_pay_state_program_harm,"PFML - received pay from state program, harmonized","0. No,
1. Yes",Constructed by shift - harmonized version,,1,11,False
PFML,leave_pay_none_harm,"PFML - received no pay , harmonized","0. No,
1. Yes",Constructed by shift - harmonized version,,1,11,False
PFML,heard_state_lv,heard of [STATE] paid leave program?,"0. No,
1. Yes,
2. No",Have you heard of the [Field-PaidLeaveProgram]?,,1,11,False
PFML,know_qualevent_child,which events qualify? - child,"0. No,
1. Yes","To the best of your knowledge, which of the following are ""qualifying events"" for paid leave under [Field-PaidLeaveProgram]? Check all that apply. - Welcoming a new child into your family through birth, adoption, or foster placement",if heard of state leave,1,11,False
PFML,know_qualevent_health,which events qualify? - health,"0. No,
1. Yes","To the best of your knowledge, which of the following are ""qualifying events"" for paid leave under [Field-PaidLeaveProgram]? Check all that apply. - Your own serious health condition or illness, like recovering from a surgery or a serious injury",if heard of state leave,1,11,False
PFML,know_qualevent_care,which events qualify? - caregiving,"0. No,
1. Yes","To the best of your knowledge, which of the following are ""qualifying events"" for paid leave under [Field-PaidLeaveProgram]? Check all that apply. - Caring for a seriously ill or injured family leave event",if heard of state leave,1,11,False
PFML,know_qualevent_dv,which events qualify? - domestic violence,"0. No,
1. Yes","To the best of your knowledge, which of the following are ""qualifying events"" for paid leave under [Field-PaidLeaveProgram]? Check all that apply. - To address needs arising from domestic or sexual violence",if heard of state leave,1,11,False
PFML,know_qualevent_military,which events qualify? - military,"0. No,
1. Yes","To the best of your knowledge, which of the following are ""qualifying events"" for paid leave under [Field-PaidLeaveProgram]? Check all that apply. - A qualifying military family leave event",if heard of state leave,1,11,False
PFML,know_qualevent_all,which events qualify? - all of the above,"0. No,
1. Yes","To the best of your knowledge, which of the following are ""qualifying events"" for paid leave under [Field-PaidLeaveProgram]? Check all that apply. - All of the above",if heard of state leave,1,11,False
PFML,leave_weeks_text_harm,How many weeks of leave did you take? - text,,How many weeks of leave did you take?,if took leave,4,"8, 9, 10, 11",False
PFML,heard_state_lv_harm,heard of [STATE] paid leave program?,"0. No,
1. Yes,
2. No",have you heard of the [STATE] paid family leave ?,,3,"8, 10, 11",False
PFML,statelv_empexp,employer helped learn about the benefit,"0. No,
1. Yes",Did any of the following help you learn about the paid family &amp; medical leave benefits available to you? Please select all that apply: Selected Choice - Employer,if heard of state leave,1,11,False
PFML,statelv_coworkerexp,coworker helped you learn about the benefit,"0. No,
1. Yes",Did any of the following help you learn about the paid family &amp; medical leave benefits available to you? Please select all that apply: Selected Choice - Co-worker,if heard of state leave,1,11,False
PFML,statelv_healthexp,health provider helped to learn about the benefit,"0. No,
1. Yes",Did any of the following help you learn about the paid family &amp; medical leave benefits available to you? Please select all that apply: Selected Choice - Healthcare provider,if heard of state leave,1,11,False
PFML,statelv_famexp,family helped to learn about the benefit,"0. No,
1. Yes",Did any of the following help you learn about the paid family &amp; medical leave benefits available to you? Please select all that apply: Selected Choice - Friend/family,if heard of state leave,1,11,False
PFML,statelv_govexp,government agency helped to learn about the benefit,"0. No,
1. Yes",Did any of the following help you learn about the paid family &amp; medical leave benefits available to you? Please select all that apply: Selected Choice - Government agency,if heard of state leave,1,11,False
PFML,statelv_nonprofexp,non-profit  helped to learn about the benefit,"0. No,
1. Yes",Did any of the following help you learn about the paid family &amp; medical leave benefits available to you? Please select all that apply: Selected Choice - Nonprofit/Legal aid,if heard of state leave,1,11,False
PFML,statelv_webexp,internet helped to learn about the benefit,"0. No,
1. Yes",Did any of the following help you learn about the paid family &amp; medical leave benefits available to you? Please select all that apply: Selected Choice - Internet search,if heard of state leave,1,11,False
PFML,statelv_nobodyexp,nobody helped to learn about the benefit,"0. No,
1. Yes",Did any of the following help you learn about the paid family &amp; medical leave benefits available to you? Please select all that apply: Selected Choice - Nobody helped me,if heard of state leave,1,11,False
PFML,statelv_othexp,other source helped to learn about the benefit,"0. No,
1. Yes",Did any of the following help you learn about the paid family &amp; medical leave benefits available to you? Please select all that apply: Selected Choice - Other,if heard of state leave,1,11,False
PFML,statelv_othexp_text,"other source helped to learn about the benefit, text",,Did any of the following help you learn about the paid family &amp; medical leave benefits available to you? Please select all that apply: Other - text,if heard of state leave,1,11,False
PFML,leave_why_leavejob_harm,why quit job after taking leave?,"1. Paid leave was not available, I took unemployment insurance,
2. Paid leave was available, but unemployment insurance paid more,
3. I simply could not continue to work,
4. Other",Processed - harmonized version,,1,11,False
PFML,leave_why_leavejob_text_harm,why quit job after taking leave?,,Processed - harmonized version,,1,11,False
PFML,leave_factor_fin_harm,insuff leave why? - could not afford time off,"0. No,
1. Yes",Processed - harmonized version,,4,"8, 9, 10, 11",False
PFML,leave_factor_pres_harm,insuff leave why? - pressure from supervisor,"0. No,
1. Yes",Processed - harmonized version,,4,"8, 9, 10, 11",False
PFML,leave_factor_fire_harm,insuff leave why? - fear of being fired,"0. No,
1. Yes",Processed - harmonized version,,4,"8, 9, 10, 11",False
PFML,leave_factor_ins_harm,insuff leave why? - fear losing health insurance,"0. No,
1. Yes",Processed - harmonized version,,4,"8, 9, 10, 11",False
PFML,leave_factor_ok_harm,insuff leave why? - don’t need,"0. No,
1. Yes",Processed - harmonized version,,4,"8, 9, 10, 11",False
PFML,leave_factor_other_harm,insuff leave why? - other,"0. No,
1. Yes",Processed - harmonized version,,4,"8, 9, 10, 11",False
PFML,leave_factor_pres_emp_harm,insuff leave why? - pressure from employer,"0. No,
1. Yes",Processed - harmonized version,,1,11,False
PFML,leave_factor_pres_cowork_harm,insuff leave why? - pressure from coworkers,"0. No,
1. Yes",Processed - harmonized version,,1,11,False
PFML,leave_factor_other_text_harm,"insuff leave why? - other, text",,Processed - harmonized version,,4,"8, 9, 10, 11",False
PFML,noleave_factor_fin_harm,no leave why? - could not afford time off,"0. No,
1. Yes",Processed - harmonized version,,4,"8, 9, 10, 11",False
PFML,noleave_factor_pres_harm,no leave why? - pressure from supervisor,"0. No,
1. Yes",Processed - harmonized version,,4,"8, 9, 10, 11",False
PFML,noleave_factor_fire_harm,no leave why? - fear of being fired,"0. No,
1. Yes",Processed - harmonized version,,4,"8, 9, 10, 11",False
PFML,noleave_factor_ins_harm,no leave why? - fear losing health insurance,"0. No,
1. Yes",Processed - harmonized version,,4,"8, 9, 10, 11",False
PFML,noleave_factor_ok_harm,no leave why? - don’t need,"0. No,
1. Yes",Processed - harmonized version,,4,"8, 9, 10, 11",False
PFML,noleave_factor_notknow_harm,no leave why? - did not know,"0. No,
1. Yes",Processed - harmonized version,,4,"8, 9, 10, 11",False
PFML,noleave_factor_other_harm,no leave why? - other,"0. No,
1. Yes",Processed - harmonized version,,4,"8, 9, 10, 11",False
PFML,lv_hlth_exp_none,health leave taken - no change,"0. No,
1. Yes",Did you experience any of the following situations due to taking leave from work? Mark all that apply. - Selected Choice - None of these,,1,11,False
PFML,lv_cr_exp_none,care leave taken - no change,"0. No,
1. Yes",Did you experience any of the following situations due to taking leave from work? Mark all that apply. - Selected Choice - None of these,,1,11,False
PFML,lv_mult_exp_none,multiple events  - no change,"0. No,
1. Yes",Did you experience any of the following situations due to taking leave from work? Mark all that apply. - Selected Choice - None of these,,1,11,False
PFML,leave_exp_lostjob_harm,leave taken - lost job,"0. No,
1. Yes",Processed - harmonized version,,1,11,False
PFML,leave_exp_advop_harm,leave taken - lost seniority,"0. No,
1. Yes",Processed - harmonized version,,1,11,False
PFML,leave_exp_rvlrelationships_harm,leave taken - had to reveal relationship info,"0. No,
1. Yes",Processed - harmonized version,,1,11,False
PFML,leave_exp_revealhealth_harm,leave taken - had to reveal health info,"0. No,
1. Yes",Processed - harmonized version,,1,11,False
PFML,leave_exp_treateddiff_harm,leave taken - treated differently at work,"0. No,
1. Yes",Processed - harmonized version,,1,11,False
PFML,leave_exp_other_harm,leave taken - other situation following leave-taking,"0. No,
1. Yes",Processed - harmonized version,,1,11,False
PFML,leave_exp_other_text_harm,leave taken - no change,,Processed - harmonized version,,1,11,False
PFML,noleave_factor_pres_emp_harm,no leave taken - employer pressure,"0. No,
1. Yes",Processed - harmonized version,,1,11,False
PFML,noleave_factor_pres_cowork_harm,no leave taken - coworker pressure,"0. No,
1. Yes",Processed - harmonized version,,1,11,False
PFML,noleave_factor_other_text_harm,"no leave taken - other, text",,Processed - harmonized version,,4,"8, 9, 10, 11",False
PFML,statelv_understand,how well did you understand your PFML benefits at time of needing leave?,"1. Extremely well,
2. Very well,
3. Somewhat well,
4. Not well at all","At the time you needed to take leave, how well did you understand the paid family and medical leave benefits that were available to you?",,1,11,False
PFML,statelv_undrstnd_jobprotect,how well did you understand  PFML job protections at time of needing leave?,"1. Extremely well,
2. Very well,
3. Somewhat well,
4. Not well at all","At the time you needed to take leave, how well did you understand if you qualified for job protection (meaning your job would be held for you until you returned from leave)?",,1,11,False
PFML,statelv_qualify_empexp,helped to learn about PFML - employer,"0. No,
1. Yes",Did any of the following help you learn about the paid family &amp; medical leave benefits available to you? Please select all that apply: Selected Choice - Employer,,1,11,False
PFML,statelv_qualify_coworkerexp,helped to learn about PFML - coworker,"0. No,
1. Yes",Did any of the following help you learn about the paid family &amp; medical leave benefits available to you? Please select all that apply: Selected Choice - Co-worker,,1,11,False
PFML,statelv_qualify_healthexp,helped to learn about PFML - healthcare provider,"0. No,
1. Yes",Did any of the following help you learn about the paid family &amp; medical leave benefits available to you? Please select all that apply: Selected Choice - Healthcare provider,,1,11,False
PFML,statelv_qualify_famexp,helped to learn about PFML - family or friend,"0. No,
1. Yes",Did any of the following help you learn about the paid family &amp; medical leave benefits available to you? Please select all that apply: Selected Choice - Friend/family,,1,11,False
PFML,statelv_qualify_govexp,helped to learn about PFML -  government agency,"0. No,
1. Yes",Did any of the following help you learn about the paid family &amp; medical leave benefits available to you? Please select all that apply: Selected Choice - Government agency,,1,11,False
PFML,statelv_qualify_nonprofexp,helped to learn about PFML -  non-profit,"0. No,
1. Yes",Did any of the following help you learn about the paid family &amp; medical leave benefits available to you? Please select all that apply: Selected Choice - Nonprofit/Legal aid,,1,11,False
PFML,statelv_qualify_webexp,helped to learn about PFML -  internet search,"0. No,
1. Yes",Did any of the following help you learn about the paid family &amp; medical leave benefits available to you? Please select all that apply: Selected Choice - Internet search,,1,11,False
PFML,statelv_qualify_nobodyexp,helped to learn about PFML -  nobody,"0. No,
1. Yes",Did any of the following help you learn about the paid family &amp; medical leave benefits available to you? Please select all that apply: Selected Choice - Nobody helped me,,1,11,False
PFML,statelv_qualify_othexp,helped to learn about PFML -  other,"0. No,
1. Yes",Did any of the following help you learn about the paid family &amp; medical leave benefits available to you? Please select all that apply: Selected Choice - Other,,1,11,False
PFML,statelv_qualify_othexp_text,"helped to learn about PFML -  other, text",,Did any of the following help you learn about the paid family &amp; medical leave benefits available to you? Please select all that apply: Other - text,,1,11,False
PFML,statelv_emphelpful,how helpful was your employer in explaining PFML benefits?,"1. Very helpful,
2. Somewhat helpful,
3. Not at all helpful,
4. My employer did not discuss these benefits with me",How helpful was your employer in making sure you understood the paid family and medical leave benefits that were available to you?,,1,11,False
PFML,statelv_supportive_manager,how supportive was your supervisor in decision to take leave?,"1. Extremely supportive,
2. Very supportive,
3. Somewhat supportive,
4. Not supportive at all",How supportive was your manager or supervisor of your decision to take leave?,,1,11,False
PFML,statelv_supportive_cowork,how supportive were your coworkers in decision to take leave?,"1. Extremely supportive,
2. Very supportive,
3. Somewhat supportive,
4. Not supportive at all",How supportive were your coworkers of your decision to take leave?,,1,11,False
PFML,statelv_benefits_important,how important were PFML benefits in decision to take leave?,"1. Very important,
2. Somewhat important,
3. A little important,
4. Not at all important",How important were [Field-PaidLeaveProgram] benefits to your ability to take time off from work?,if took leave and in paid leave state,1,11,False
PFML,pfml_state_final_audience,intended audience for PFML knowledge of laws pointer,"1. National Sample - NJ Respondents,
2. NJ Oversample - NJ Respondents,
3. National Sample - Non-NJ PFML States,
4. National Sample - Non-PFML States,
5. NJ Oversample - Non-NJ (filtered out)",pointer for the “PFML State Final Knowledge of Laws” module because it was accidentally fielded to people in non-PFML states. So this pointer indicates the intended audience for that module.,,1,11,False
PFML,leave_harm,"any leave, harmonized","0. No,
1. Yes,
2. No",Did you take leave for [CHILD or HEALTH or CARE or MULTI]?,,4,"8, 9, 10, 11",False
PFML,leave_weeks_harm,number of weeks on leave - harmonized,"1. Less than 1 week,
2. A different number of weeks (specify),
3. I have taken leave little by little (intermittent leave),
4. I am still on leave",How many weeks of leave did you take for [CHILD or HEALTH or CARE or MULTI]?,,4,"8, 9, 10, 11",False
PFML,leave_weeks_all_harm,number of weeks on leave - total amount,,How many weeks of leave did you take for [CHILD or HEALTH or CARE or MULTI]?,,4,"8, 9, 10, 11",False
PFML,leave_weeks_total_harm,number of weeks on leave - total amount,,How many weeks of leave did you take for [CHILD or HEALTH or CARE or MULTI]?,,3,"9, 10, 11",False
PFML,leave_pay_harm,leave paid? Harmonized,"1. Yes, I received my full pay from my employer while I was on leave,
2. Yes, I received part of my pay from my employer while I was on leave,
3. No, I did not receive any pay from my employer while I was on leave,
4. Don't know/refuse",Processed - harmonized version,,4,"8, 9, 10, 11",False
PFML,leave_cover_harm,receive pay from PFML program? Harmonized,"1. Yes,
2. No,
3. Don't know/refuse",Processed - harmonized version,,2,"8, 10",False
PFML,leave_harm_expanded,any leave - EXPANDED,"1. Yes,
2. No, I kept working,
3. No, I decided to quit",Processed - harmonized version,,1,11,False
PFML,any_wa,"workplace in WA, wave 8",,Workplace located in washington,,1,"8, 8",False
PFML,walv,heard of WA PFML law?,"0. No,
1. Yes,
2. No",Have you heard of Washington's new Paid Family &amp; Medical Leave Law?,If Located in Washington State,2,"8, 10, 8, 10",False
PFML,waqual_child,WA PFML - which events qualify? - child,"0.  No,
1.  Yes","To the best of your knowledge, which of the following are ""qualifying events"" for paid leave under Washington's Paid Family &amp; Medical Leave Law? Mark all that apply. - Welcoming a new child into your family through birth, adoption, or foster placement",If respondent has heard of Washington's new Paid Family &amp; Medical Leave Law,2,"8, 10, 8, 10",False
PFML,waqual_health,WA PFML - which events qualify? - health,"0.  No,
1.  Yes","To the best of your knowledge, which of the following are ""qualifying events"" for paid leave under Washington's Paid Family &amp; Medical Leave Law? Mark all that apply. - Your own serious health condition or illness, like recovering from a surgery or a serious injury",If respondent has heard of Washington's new Paid Family &amp; Medical Leave Law,2,"8, 10, 8, 10",False
PFML,waqual_care,WA PFML - which events qualify? - caregiving,"0.  No,
1.  Yes","To the best of your knowledge, which of the following are ""qualifying events"" for paid leave under Washington's Paid Family &amp; Medical Leave Law? Mark all that apply. - Caring for a seriously ill or injured family member",If respondent has heard of Washington's new Paid Family &amp; Medical Leave Law,2,"8, 10, 8, 10",False
PFML,waqual_military,WA PFML - which events qualify? - domestic violence,"0.  No,
1.  Yes","To the best of your knowledge, which of the following are ""qualifying events"" for paid leave under Washington's Paid Family &amp; Medical Leave Law? Mark all that apply. - A qualifying military family leave event",If respondent has heard of Washington's new Paid Family &amp; Medical Leave Law,2,"8, 10, 8, 10",False
PFML,walv_understand,WA PFML - which events qualify? - military,"1. Extremely well,
2. Very well,
3. Somewhat well,
4. Not well at all","At the time you needed to take leave, how well did you understand the paid family and medical leave benefits that were available to you?","If took leave to care for oneself, or recover from illness, or to care for new child, and located in Washington State",2,"8, 10, 8, 10",False
PFML,walv_empexplain,WA PFML - employer helped learn about the benefit,"0. No,
1. Yes,
2. Somewhat helpful,
3. Not at all helpful,
4. My employer did not discuss these benefits with me",Did any of the following help you learn about the paid family &amp; medical leave benefits that were available to you? Please select all that apply: - Selected Choice - Employer,"If took leave to care for oneself, or recover from illness, or to care for new child, and located in Washington State",1,"10, 10",False
PFML,walv_healthexplain,WA PFML - coworker helped you learn about the benefit,"0.  No,
1.  Yes",Did any of the following help you learn about the paid family &amp; medical leave benefits that were available to you? Please select all that apply: - Selected Choice - Healthcare provider,,1,"10, 10",False
PFML,walv_famexplain,WA PFML - health provider helped to learn about the benefit,"0.  No,
1.  Yes",Did any of the following help you learn about the paid family &amp; medical leave benefits that were available to you? Please select all that apply: - Selected Choice - Friend/family,"If took leave to care for oneself, or recover from illness, or to care for new child, and located in Washington State",1,"10, 10",False
PFML,walv_govexplain,WA PFML - family helped to learn about the benefit,"0.  No,
1.  Yes",Did any of the following help you learn about the paid family &amp; medical leave benefits that were available to you? Please select all that apply: - Selected Choice - Government agency,"If took leave to care for oneself, or recover from illness, or to care for new child, and located in Washington State",1,"10, 10",False
PFML,walv_nonprofexplain,WA PFML - government agency helped to learn about the benefit,"0.  No,
1.  Yes",Did any of the following help you learn about the paid family &amp; medical leave benefits that were available to you? Please select all that apply: - Selected Choice - Nonprofit/Legal aid,"If took leave to care for oneself, or recover from illness, or to care for new child, and located in Washington State",1,"10, 10",False
PFML,walv_webexplain,WA PFML - non-profit  helped to learn about the benefit,"0.  No,
1.  Yes",Did any of the following help you learn about the paid family &amp; medical leave benefits that were available to you? Please select all that apply: - Selected Choice - Internet search,"If took leave to care for oneself, or recover from illness, or to care for new child, and located in Washington State",1,"10, 10",False
PFML,walv_othexplain,WA PFML - internet helped to learn about the benefit,"0.  No,
1.  Yes",Did any of the following help you learn about the paid family &amp; medical leave benefits that were available to you? Please select all that apply: - Selected Choice - Other,"If took leave to care for oneself, or recover from illness, or to care for new child, and located in Washington State",1,"10, 10",False
PFML,walv_nobodyexplain,WA PFML - other source helped to learn about the benefit,"0.  No,
1.  Yes",Did any of the following help you learn about the paid family &amp; medical leave benefits that were available to you? Please select all that apply: - Selected Choice - Nobody helped me,"If took leave to care for oneself, or recover from illness, or to care for new child, and located in Washington State",1,"10, 10",False
PFML,walv_othexplain_text,WA PFML - nobody helped to learn about the benefit,,Did any of the following help you learn about the paid family &amp; medical leave benefits that were available to you? Please select all that apply: - Other - Text,"If took leave to care for oneself, or recover from illness, or to care for new child, and located in Washington State",1,"10, 10",False
PFML,walv_emphelpful,"WA PFML - other source helped to learn about the benefit, text","1. Very helpful,
2. Somewhat helpful,
3. Not at all helpful,
4. My employer did not discuss these benefits with me",How helpful was your employer in making sure you understood the paid family and medical leave benefits that were available to you?,"If took leave to care for oneself, or recover from illness, or to care for new child, and located in Washington State",2,"8, 10, 8, 10",False
PFML,walv_ch_lv_other,WA PFML - Deciding how much time to take off work - other,"0.  No,
1.  Yes",Please tell us if any of the following were important factors in your decision about how much time you took off from your job at [EMPLOYER NAME] to care for your new child. Mark all that apply - other,If took leave to care for child and located in Washington state,1,"8, 8",False
PFML,walv_hlth_lv_other,WA PFML - Deciding how long to recover- other,"0.  No,
1.  Yes",Please tell us if any of the following were important factors in your decision about how much time you took off from your job at [EMPLOYER NAME] to recover from your serious health condition or illness. Mark all that apply. - other,If took leave to recover from serious health condition AND located in Washington state,1,"8, 8",False
PFML,walv_cr_lv_other,WA PFML - Deciding how long to care for family member - other,"0.  No,
1.  Yes",Please tell us if any of the following were important factors in your decision about how much time you took off from your job at [EMPLOYER NAME] to care for a family member. Mark all that apply. -  other,If took leave to care for a family member AND located in washington state,1,"8, 8",False
PFML,walv_mult_lv_other,WA PFML - Deciding how long to care for self or others - other,"0.  No,
1.  Yes",Please tell us if any of the following were important factors in your decision about how much time you took off from your job at [EMPLOYER NAME] to care for yourself or others. Mark all that apply. -  other,If took leave to care for yourself or others AND located in Washington state,1,"8, 8",False
PFML,walv_pay,Expected percentage of normal pay if took leave,,"If you needed to provide care for a new child, a seriously ill family member, or to recover from a serious illness, how much of your normal pay would you need to receive in order to take time away from work?",if in WA,1,8,False
PFML,njlv_complete_app,NJ FLA - completed application?,"0. No,
1. Yes,
2. No","Have you completed an application for New Jersey's Paid Family Leave program, also known as New Jersey Family Leave Insurance?",if in NJ,1,11,False
PFML,njlv_whynot_comp_app,"NJ FLA - tried to apply, why not complete app?","1. I did not know about the program,
2. My employer told me I am not eligible,
3. I learned from a NJ state agency that I am not eligible,
4. I don't know how to apply,
5. I haven't had time to apply yet,
6. I could nor obtain the required documentation from my health provider,
7. I tried to apply but could not complete the application,
8. Other",Why haven't you completed an application for New Jersey's Paid Family Leave program? - Selected Choice,if in NJ,1,11,False
PFML,njlv_whynot_comp_ap_oth_txt,"NJ FLA - tried to apply, why not complete app? Other, text",,Why haven't you completed an application for New Jersey's Paid Family Leave program? - Other - Text,if in NJ &amp; didn't complete PFML application,1,11,False
PFML,njlv_why_ineligible,NJ FLA - why not eligible,,Why were you ineligible? - text,if in NJ &amp; told ineligible by employer or state,1,11,False
PFML,njlv_try_whynot_comp,"NJ FLA - tried to apply, why not complete app?","1. It was too confusing,
2. I had technical issues,
3. Other",Why didn't you complete the application? - Selected Choice,if in NJ &amp; didn't complete PFML application for reasons besides eligiblity,1,11,False
PFML,njlv_try_whynot_com_oth_txt,"NJ FLA - tried to apply, why not complete app? Other, text",,Why didn't you complete the application? - Other - Text,if in NJ &amp; didn't complete PFML application for reasons besides eligiblity,1,11,False
PFML,njlv_app_support_paperwork,NJ FLA - paperwork assistance would help with applying,"0. No,
1. Yes",What information or support would have helped you to apply for the program? Check all that apply. - Selected Choice - A person to help you fill out the paperwork,if in NJ,1,11,False
PFML,njlv_app_support_elig,NJ FLA - help with eligibility questions would help with applying,"0. No,
1. Yes",What information or support would have helped you to apply for the program? Check all that apply. - Selected Choice - A person to answer questions about eligibility,if in NJ,1,11,False
PFML,njlv_app_support_educ_emp,NJ FLA - employer getting educated would help with applying,"0. No,
1. Yes",What information or support would have helped you to apply for the program? Check all that apply. - Selected Choice - A person to education my employer about the program,if in NJ,1,11,False
PFML,njlv_app_support_dashboard,NJ FLA - dashboard would help with applying,"0. No,
1. Yes",What information or support would have helped you to apply for the program? Check all that apply. - Selected Choice - A dashboard that shows me what I need to submit,if in NJ,1,11,False
PFML,njlv_app_support_other,NJ FLA - what would help with applying? Other,"0. No,
1. Yes",What information or support would have helped you to apply for the program? Check all that apply. - Selected Choice - Other,if in NJ,1,11,False
PFML,njlv_app_support_other_text,"NJ FLA - what would help with applying? Other, text",,What information or support would have helped you to apply for the program? Check all that apply. - Other - Text,if in NJ,1,11,False
PFML,njlv_app_response,NJ FLA - received a response to your application?,"0. No,
1. Yes,
2. No",Have you received a response to your application for paid family leave?,if in NJ &amp; completed a PFML application,1,11,False
PFML,njlv_app_approved,NJ FLA - application apprived?,"0. No,
1. Yes,
2. No",Were you approved for paid leave benefits?,if in NJ &amp; received PFML application response,1,11,False
PFML,njlv_why_app_denied,NJ FLA - do you know why application denied?,"0. No,
1. Yes,
2. No",Do you know why your application was denied?,if in NJ &amp; PFML application denied,1,11,False
PFML,njlv_why_app_denied_reason,NJ FLA - why was your application denied?,,What was the reason? -text,if in NJ &amp; knows why PFML application denied,1,11,False
PFML,njlv_receive_payment,NJ FLA - received payment?,"0. No,
1. Yes,
2. No",Did you receive a payment from New Jersey's Paid Leave program?,if in NJ &amp; PFML application approved,1,11,False
PFML,njlv_when_receive_benefits,NJ FLA - when did you receive payment?,"1. Right when my leave began,
2. Soon after my leave began,
3. Several weeks after my leave began,
4. Near the end of my leave,
5. After my leave was over",When did you receive your leave benefits?,if in NJ &amp; received a PFML payment,1,11,False
PFML,njlv_payment_amount,NJ FLA - how much did you receive in payment/week?,,"How much do you receive in paid leave payments per week? (For example, if you receive $300 per week, enter 300.)",if in NJ &amp; received a PFML payment,1,11,False
PFML,njlv_payment_compare,NJ FLA - how does payment compare to prev income?,"1. Much more than I was making,
2. More than I was making,
3. About the same as I was making,
4. Less than I was making,
5. Much less than I was making",How does that compare to what you were earning at your job before you took leave?,if in NJ &amp; received a PFML payment,1,11,False
Basic Financial,hhincome,household income,"1.  Less than $15,000 per year,
2.  At least $15,000 but less than $25,000 per year,
3.  At least $25,000 but less than $35,000 per year,
4.  At least $35,000 but less than $50,000 per year,
5.  At least $50,000 but less than $75,000 per year,
6.  At least 75,000 but less than $100,000 per year,
7.  At least $100,000 but less than $150,000 per year,
8.  $150,000 or more per year,
9.  Don't know/Refuse","What is your household's approximate annual income, including earnings from a job and any other s...",,17,"1, 2, 3, 4, 5, 6, 7, 8, 9, 10, 11, 12, 13, 14, 15, 16, 17",True
Basic Financial,diffpay,how difficult is it to cover all your expenses,"1.  Very difficult,
2.  Somewhat difficult,
3.  Not at all difficult,
4.  Don't know/Refuse","In a typical month, how difficult is it for you to cover your expenses and pay all your bills?",,17,"1, 2, 3, 4, 5, 6, 7, 8, 9, 10, 11, 12, 13, 14, 15, 16, 17",True
Basic Financial,incvolatile,how volatile is your income,"1.  Basically the same,
2.  Goes up and down,
3.  Don't know/Refuse","In general, would you say that week-to-week your household income…",,17,"1, 2, 3, 4, 5, 6, 7, 8, 9, 10, 11, 12, 13, 14, 15, 16, 17",True
Basic Financial,incvolatile_3,processing variable - how volatile is your income (3 categories),"1.  Basically the same,
2.  Goes up and down a little,
3.  Goes up and down a lot","In general, would you say that week-to-week your household income…",,13,"5, 6, 7, 8, 9, 10, 11, 12, 13, 14, 15, 16, 17",False
Basic Financial,control_econcirc,control over economic circumstances,"1. A lot of control,
2. Some control,
3. A little control,
4. No control,
5. Don't know/refuse",How much control do you think you have over your future economic circumstances?,,2,"12, 13",False
Unemployment Insurance,longwork_unemployed,how long working at former employer before unemployed,,How long had you been working at your last employer when you unemployed?,,9,"8, 9, 10, 11, 13, 14, 15, 16, 17",False
Unemployment Insurance,unemployed_date,date of unemployment,,,,9,"8, 9, 10, 11, 13, 14, 15, 16, 17",False
Unemployment Insurance,emp_status_unemp,unemployed - employment status,"1.  I was furloughed,
2.  I was laid off,
3.  I quit,
4.  None of these",choose the option that best describes your situation,if unemployed,7,"11, 12, 13, 14, 15, 16, 17",False
Unemployment Insurance,emp_status_single,What is your employment status,"1. I am employed at EMPLOYERNAME,
2. I am employed at a different company,
5. None of the above,
6. I am retired,
7. I am unemployed",,if single =1,6,"12, 13, 14, 15, 16, 17",False
Unemployment Insurance,emp_status_multi,What is your employment status,"1. I am employed,
2. I am unemployed,
3. I am retired,
4. None of the above",,if multi = 1,5,"13, 14, 15, 16, 17",False
Unemployment Insurance,unemp_2020m,how many months unemployed since jan 2020?,"1. I was not unemployed at any point since January 2020,
2. 1 month,
3. 2 months,
4. 3 months,
5. 4 months,
6. 5 months,
7. 6 months or longer,
14. Less than 1 month","How many months were you unemployed since the pandemic started, back in January 2020?",,4,"9, 10, 11, 12",False
Unemployment Insurance,unemp_2020m_expanded,how many months unemployed since jan 2020 - expanded options,"1. I was not unemployed at any point since January 2020,
2. 1 month,
3. 2 months,
4. 3 months,
5. 4 months,
6. 5 months,
8. 6 months,
9. 7 months,
10. 8 months,
11. 9 months,
12. 10 months,
13. 11 months,
14. Less than 1 month,
15. 12 months or longer","How many months were you unemployed since the pandemic started, back in January 2020?",,2,"11, 12",False
Unemployment Insurance,unemp_ppl_hh,how many people in household (not self) lost job since jan 2020,,"How many people do you know who have lost a job since the pandemic started, back in January 2020? - People in your household (not including yourself) - Number of people who have lost a job since January 2020",,4,"9, 10, 11, 12",False
Unemployment Insurance,unemp_ppl_fam,how many family members (not hh) lost job since jan 2020?,,"How many people do you know who have lost a job since the pandemic started, back in January 2020? - Family members (not in your household) - Number of people who have lost a job since January 2020",,4,"9, 10, 11, 12",False
Unemployment Insurance,unemp_ppl_friends,how many friends (not hh) lost job since jan 2020?,,"How many people do you know who have lost a job since the pandemic started, back in January 2020? - Friends (not in your household) - Number of people who have lost a job since January 2020",,4,"9, 10, 11, 12",False
Unemployment Insurance,unemp_ppl_cowork,how many co workers (not hh) lost job since jan 2020?,,"How many people do you know who have lost a job since the pandemic started, back in January 2020? - Co-workers (not in your household) - Number of people who have lost a job since January 2020",,4,"9, 10, 11, 12",False
Unemployment Insurance,ui_app,completed an UI application?,"0.  No,
1.  Yes","Have you completed an application for unemployment insurance since being laid off, being furloughed, or quitting your job?","If laid off, furloughed, quit, or unidentified",10,"8, 9, 10, 11, 12, 13, 14, 15, 16, 17",False
Unemployment Insurance,ui_app_notcompleted,why not completed UI application?,"1.  I do not believe I am eligible for unemployment insurance,
2.  I don't know how to apply,
3.  I haven't had time to apply yet,
4.  The application was too complicated,
5.  I tried to apply but experienced technical problems with the application,
6.  Other",Why haven't you completed an application for unemployment insurance? - Selected Choice,If UI App = not completed,10,"8, 9, 10, 11, 12, 13, 14, 15, 16, 17",False
Unemployment Insurance,ui_app_notcompleted_text,"why not completed UI application? , text",,Why haven't you completed an application for unemployment insurance? - Other: - Text,if ui_app_notcompleted = other,10,"8, 9, 10, 11, 12, 13, 14, 15, 16, 17",False
Unemployment Insurance,ui_app_response,received response to UI application?,"0.  No,
1.  Yes",Have you received a response to your unemployment insurance application?,if UI App = completed,10,"8, 9, 10, 11, 12, 13, 14, 15, 16, 17",False
Unemployment Insurance,ui_benefits,granted UI benefits?,"0.  No,
1.  Yes",Were you granted unemployment insurance benefits?,if respondent has received response to UI app,10,"8, 9, 10, 11, 12, 13, 14, 15, 16, 17",False
Unemployment Insurance,ui_denied,reason UI application denied?,,What was the reason your application for unemployment insurance was denied?,If respondent was not granted unemployment benefits,10,"8, 9, 10, 11, 12, 13, 14, 15, 16, 17",False
Unemployment Insurance,ui_payment_received,received UI payment yet?,"0.  No,
1.  Yes",Have you received an unemployment insurance payment yet?,If respondent was granted unemployment insurance benefits or if they have not received response to UI app,10,"8, 9, 10, 11, 12, 13, 14, 15, 16, 17",False
Unemployment Insurance,ui_payment_month,month received UI payment after laid off,,When did you receive your first unemployment insurance payment for your claim  - Month -,If have received unemployment payment or was laid off and is now unemployed,10,"8, 9, 10, 11, 12, 13, 14, 15, 16, 17",False
Unemployment Insurance,ui_payment_year,year received UI payment,,When did you receive your first unemployment insurance payment for your claim  - Year -,If have received unemployment payment or was laid off and is now unemployed,10,"8, 9, 10, 11, 12, 13, 14, 15, 16, 17",False
Unemployment Insurance,ui_payment_laidoff_month,month received UI payment,"1.  January,
2.  February,
3.  March,
4.  April,
5.  May,
6.  June,
7.  July,
8.  August,
9.  September,
10.  October,
11.  November,
12.  December",When did you receive your first unemployment insurance payment for your claim after you were laid... - Month - My first payment arrived in...,If have received unemployment payment or was laid off and is now unemployed,3,"8, 9, 10",False
Unemployment Insurance,ui_payment_laidoff_year,year received UI payment after laid off,"1.  2018,
2.  2019,
3.  2020",When did you receive your first unemployment insurance payment for your claim after you were laid... - Year - My first payment arrived in...,If have received unemployment payment or was laid off and is now unemployed,3,"8, 9, 10",False
Unemployment Insurance,ui_payment_furloughed_month,month received UI payment after furloughed,"1.  January,
2.  February,
3.  March,
4.  April,
5.  May,
6.  June,
7.  July,
8.  August,
9.  September,
10.  October,
11.  November,
12.  December",When did you receive your first unemployment insurance payment for your claim after you were furl... - Month - My first payment arrived in...,If have received unemployment payment and job status is unemployed,3,"8, 9, 10",False
Unemployment Insurance,ui_payment_furloughed_year,year received UI payment after furloughed,"1.  2018,
2.  2019,
3.  2020",When did you receive your first unemployment insurance payment for your claim after you were furl... - Year - My first payment arrived in...,If have received unemployment payment and job status is unemployed,3,"8, 9, 10",False
Unemployment Insurance,ui_payment_quit_month,month received UI payment after quit,"1.  January,
2.  February,
3.  March,
4.  April,
5.  May,
6.  June,
7.  July,
8.  August,
9.  September,
10.  October,
11.  November,
12.  December",When did you receive your first unemployment insurance payment for your claim after you quit your... - Month - My first payment arrived in...,If have received unemployment payment or employment status is furliughed,2,"9, 10",False
Unemployment Insurance,ui_payment_quit_year,year received UI payment after quit,"1.  2018,
2.  2019,
3.  2020",When did you receive your first unemployment insurance payment for your claim after you quit your... - Year - My first payment arrived in...,If have received unemployment payment or employment status is furliughed,2,"9, 10",False
Unemployment Insurance,ui_payment_amount,how much UI $ per week,,"How much do you receive in unemployment insurance per week? (For example, if you receive $300 per week, enter 300.)",If received unemployment insurance payment,10,"8, 9, 10, 11, 12, 13, 14, 15, 16, 17",False
Unemployment Insurance,ui_payment_compare,UI compared to prev income,,How does that compare to what you were earning at [EMPLOYER] ?,If receive some amount of unemployment each week,10,"8, 9, 10, 11, 12, 13, 14, 15, 16, 17",False
Unemployment Insurance,ui_payment_compare_laidoff,"UI compared to prev income, laid off","1.  Much more than I was making,
2.  More than I was making,
3.  About the same as I was making,
4.  Less than I was making,
5.  Much less than I was making",How does that compare to what you were earning at [EMPLOYER] before you were laid off?,If receive some amount of unemployment each week and job status laidoff,3,"8, 9, 10",False
Unemployment Insurance,ui_payment_compare_furlough,"UI compared to prev income, furloughed","1.  Much more than I was making,
2.  More than I was making,
3.  About the same as I was making,
4.  Less than I was making,
5.  Much less than I was making",How does that compare to what you were earning at [EMPLOYER] before you were furloughed?,If receive some amount of unemployment each week and job status furloughed,3,"8, 9, 10",False
Unemployment Insurance,ui_payment_compare_quit,"UI compared to prev income, quit","1.  Much more than I was making,
2.  More than I was making,
3.  About the same as I was making,
4.  Less than I was making,
5.  Much less than I was making",How does that compare to what you were earning at [EMPLOYER] before you quit?,If receive some amount of unemployment each week and job status quit,2,"9, 10",False
Unemployment Insurance,ui_jobsearch,search for new job while on UI?,"0. No,
1. Yes,
2. No,
3. Don't know/refuse","While you were receiving unemployment insurance payments, did you search for a new job?",If have received unemployment insurance payment,2,"9, 10",False
Unemployment Insurance,ui_whyno_jobsearch,why not search for new job while on UI?,"1. I had childcare responsibilities,
2. I had responsibilities to care for other household members or relatives,
3. I did not feel that it was safe to search for a new job given COVID-19,
4. I would not have felt safe working at a new job given COVID-19,
5. I could not find any jobs that were hiring,
6. I was making more on UI than I would earn working a new job",Why didn't you search for a new job?,If not searching for new job while recieiving unemployment insurance payments,2,"9, 10",False
Unemployment Insurance,ui_stillreceive,still receiving UI?,"0. No,
1. Yes,
2. No,
3. Don't know/refuse",Are you still receiving unemployment insurance payments?,If have received unemployment insurance payment,9,"9, 10, 11, 12, 13, 14, 15, 16, 17",False
Unemployment Insurance,ui_stop_month,month stopped receiving UI,"1. January,
2. February,
3. March,
4. April,
5. May,
6. June,
7. July,
8. August,
9. September,
10. October,
11. November,
12. December",When did you stop receiving unemployment benefits? - Month - I stopped receiving unemployment benefits in...,If not still receiving unemployment insurance payments,8,"10, 11, 12, 13, 14, 15, 16, 17",False
Unemployment Insurance,ui_stop_year,year stopped receiving UI,"1. 2019,
2. 2020,
3. 2021,
4. 2022,
5. 2023,
6. 2024",When did you stop receiving unemployment benefits? - Year - I stopped receiving unemployment benefits in...,If not still receiving unemployment insurance payments,8,"10, 11, 12, 13, 14, 15, 16, 17",False
Unemployment Insurance,ui_stop_monthyear,month year stopped receiving UI,"2. January 2020,
3. February 2020,
4. March 2020,
5. April 2020,
6. May 2020,
7. June 2020,
8. July 2020,
9. August 2020,
10. September 2020,
11. October 2020,
12. November 2020,
13. December 2020,
14. Before January 2020",When did you stop receiving unemployment benefits?,If no longer receiving unemployment insurance payments,1,9,False
Unemployment Insurance,ui_why_stop_payments,why stop receiving UI,"1. I hit the limit,
2. I did not provide the required documentation,
3. I was flagged as suspected fraud,
4. I found a job,
5. I don't know",Why did you stop receiving unemployment insurance payments?,If no longer receiving unemployment insurance payments,7,"11, 12, 13, 14, 15, 16, 17",False
Benefits &amp; Hardships,confidcope,"how confident you could get $400 for an unexpected expense, next month?","1.  I am certain I could come up with the full $400,
2.  I could probably come up with $400,
3.  I could probably not come up with $400,
4.  I am certain I could not come up with $400,
5.  Don't know/Refuse",How confident are you that you could come up with $400 if an unexpected need arose within the next month?,,17,"1, 2, 3, 4, 5, 6, 7, 8, 9, 10, 11, 12, 13, 14, 15, 16, 17",True
Benefits &amp; Hardships,hardship_freefood,hardship last year - free food,"-99. ,
0. No,
1. Yes,
2.  No","In the past 12 months, did you receive free food or meals because you didn't have enough money?",,16,"1, 2, 3, 4, 5, 6, 7, 8, 9, 10, 11, 12, 13, 14, 15, 16",True
Benefits &amp; Hardships,hardship_freefood_lastmonth,hardship last month - free food,"0.  No,
1.  Yes","In the past month, have you received free food or meals because you didn't have enough money?",if hardship_freefood == 1,10,"8, 9, 10, 11, 12, 13, 14, 15, 16, 17",True
Benefits &amp; Hardships,hardship_hungry,hardship last year - hungry,"-99. ,
0. No,
1. Yes,
2.  No","In the past 12 months, were you ever hungry, but didn't eat because you couldn't afford enough food?",,16,"1, 2, 3, 4, 5, 6, 7, 8, 9, 10, 11, 12, 13, 14, 15, 16",True
Benefits &amp; Hardships,hardship_hungry_lastmonth,hardship last month - hungry,"0.  No,
1.  Yes","In the past month, were you ever hungry, but didn't eat because you couldn't afford enough food?",if hardship hungry == 1,10,"8, 9, 10, 11, 12, 13, 14, 15, 16, 17",True
Benefits &amp; Hardships,hardship_child_hungry,hardship last year - child hungry,"0.  No,
1.  Yes","In the past 12 months, were children in your household not eating enough because you just could not afford enough food?",,8,"9, 10, 11, 12, 13, 14, 15, 16",False
Benefits &amp; Hardships,hardship_ch_hngry_lastmonth,hardship last month - child hungry,"0.  No,
1.  Yes","In the past month, were children in your household not eating enough because you just couldn't fford enough food?",if hardship child hungry == 1,9,"9, 10, 11, 12, 13, 14, 15, 16, 17",False
Benefits &amp; Hardships,hardship_utilities,hardship last year - not pay full utilities,"-99. ,
0. No,
1. Yes,
2.  No","In the past 12 months, did you not pay the full amount of gas, oil, or electricity bill because you didn't have enough money?",,16,"1, 2, 3, 4, 5, 6, 7, 8, 9, 10, 11, 12, 13, 14, 15, 16",True
Benefits &amp; Hardships,hardship_utilities_lastmonth,hardship last month - not pay full utilities,"0.  No,
1.  Yes","In the past month, did you not pay the full amount of gas, oil, or electricity bill because you didn't have enough money?",if hardship utilities == 1,10,"8, 9, 10, 11, 12, 13, 14, 15, 16, 17",True
Benefits &amp; Hardships,hardship_movein,hardship last year - move in with family or friends,"-99. ,
0. No,
1. Yes,
2.  No","In the past 12 months, did you move in with other people even for a little while because of financial problems?",,16,"1, 2, 3, 4, 5, 6, 7, 8, 9, 10, 11, 12, 13, 14, 15, 16",True
Benefits &amp; Hardships,hardship_movein_lastmonth,hardship last month - move in with family or friends,"0.  No,
1.  Yes","In the past month, did you move in with other people because of financial problems?",if hardship move in  == 1,10,"8, 9, 10, 11, 12, 13, 14, 15, 16, 17",True
Benefits &amp; Hardships,hardship_shelter,hardship last year - stay at shelter,"-99. ,
0. No,
1. Yes,
2.  No","In the past 12 months, did you stay in a shelter, in an abandoned building, an automobile, or any other place not meant for regular housing, even for one night?",,16,"1, 2, 3, 4, 5, 6, 7, 8, 9, 10, 11, 12, 13, 14, 15, 16",True
Benefits &amp; Hardships,hardship_shelter_lastmonth,hardship last month - stay at shelter,"0.  No,
1.  Yes","In the past month, did you stay in a shelter, in an abandoned building, an automobile, or any other place not meant for regular housing, even for one night?",if hardship shelter  == 1,10,"8, 9, 10, 11, 12, 13, 14, 15, 16, 17",True
Benefits &amp; Hardships,hardship_defermedical,hardship last year - defer medical care,"-99. ,
0. No,
1. Yes,
2.  No","In the past 12 months, was there anyone in your household who needed to see a doctor or go to the hospital but couldn't go because of the cost?",,16,"1, 2, 3, 4, 5, 6, 7, 8, 9, 10, 11, 12, 13, 14, 15, 16",True
Benefits &amp; Hardships,hardship_defermedical_lastmonth,hardship last month - defer medical care,"0.  No,
1.  Yes","In the past month, was there anyone in your household who needed to see a doctor or go to the hospital but couldn't go because of the cost?",if hardship deter medical care  == 1,10,"8, 9, 10, 11, 12, 13, 14, 15, 16, 17",True
Benefits &amp; Hardships,hardship_informalloan,hardship last year - informal loan,"-99. ,
0. No,
1. Yes,
2.  No","In the past 12 months, was there anyone in your household who needed to see a doctor or go to the hospital but couldn't go because of the cost?",,16,"1, 2, 3, 4, 5, 6, 7, 8, 9, 10, 11, 12, 13, 14, 15, 16",True
Benefits &amp; Hardships,hardship_informalloan_lastmonth,hardship last month - informal loan,"0.  No,
1.  Yes","In the past month, was there anyone in your household who needed to see a doctor or go to the hospital but couldn't go because of the cost?",if hardship informal loan  == 1,9,"8, 9, 10, 11, 12, 13, 14, 15, 16",True
Benefits &amp; Hardships,freefood_loc_school,free food from school meal program,"0.  No,
1.  Yes",Where did you get free groceries or free meals? Mark all that apply. - Free meals through a school meal program or other programs aimed at children,if hardship_freefood == 1,1,9,False
Benefits &amp; Hardships,freefood_loc_pantry,free food from food pantry,"0.  No,
1.  Yes",Where did you get free groceries or free meals? Mark all that apply. - Food pantry or food bank,if hardship_freefood == 1,1,9,False
Benefits &amp; Hardships,freefood_loc_homedeliv,free food from home delivery meal service,"0.  No,
1.  Yes",Where did you get free groceries or free meals? Mark all that apply. - Home-delivered meal service like Meals on Wheels,if hardship_freefood == 1,1,9,False
Benefits &amp; Hardships,freefood_loc_relig,free food from religious org,"0.  No,
1.  Yes","Where did you get free groceries or free meals? Mark all that apply. - Church, synagogue, temple, mosque, or other religious organization",if hardship_freefood == 1,1,9,False
Benefits &amp; Hardships,freefood_loc_shelter,free food from shelter or soup kitchen,"0.  No,
1.  Yes",Where did you get free groceries or free meals? Mark all that apply. - Shelter or soup kitchen,if hardship_freefood == 1,1,9,False
Benefits &amp; Hardships,freefood_loc_other,free food from other community prog,"0.  No,
1.  Yes",Where did you get free groceries or free meals? Mark all that apply. - Other community program,if hardship_freefood == 1,1,9,False
Benefits &amp; Hardships,freefood_loc_famfriends,free food from family or friends,"0.  No,
1.  Yes","Where did you get free groceries or free meals? Mark all that apply. - Family, friends, or neighbors",if hardship_freefood == 1,1,9,False
Benefits &amp; Hardships,hhincome_2020change,how has hhincome changed since Jan 2020?,"1. My household income has increased,
2. My household income has stayed the same,
3. My household income has decreased","Overall, how has your household income changed since the pandemic started, back in January 2020?",,3,"9, 10, 11",False
Benefits &amp; Hardships,payday,payday loan - in last 12 mo,"0. No,
1. Yes,
2. No","In the past 12 months, have you ever...-Taken out a payday loan",,7,"1, 2, 3, 4, 5, 6, 7",False
Benefits &amp; Hardships,pawn,used pawn shop - in last 12 mo,"0. No,
1. Yes,
2. No","In the past 12 months, have you ever...-Used a pawn shop",,7,"1, 2, 3, 4, 5, 6, 7",False
Benefits &amp; Hardships,owncar,own a car,"-99. ,
0. No,
1. Yes,
2.  No",Do you own a car?,,6,"2, 3, 4, 5, 6, 7",False
Benefits &amp; Hardships,titleloan,take out an auto title - in last 12 mo,"0. No,
1. Yes,
2. No","In the past 12 months, have you ever...-Taken out an auto-title loan",if own car == 1,7,"1, 2, 3, 4, 5, 6, 7",False
Benefits &amp; Hardships,banked,have a checking or savings account,"-99. ,
0. No,
1. Yes,
2.  No",Do you have a checking or savings account at a bank or a credit union?,,7,"1, 2, 3, 4, 5, 6, 7",False
Benefits &amp; Hardships,overdraw,overdrawn checking or saving account - in last 12 mo,"0. No,
1. Yes,
2. No","In the past 12 months, have you ever...-Overdrawn your checking or savings account",if banked == 1,7,"1, 2, 3, 4, 5, 6, 7",False
Benefits &amp; Hardships,havecc,have a credit card,"-99. ,
0. No,
1. Yes,
2.  No",Do you have a credit card?,,6,"2, 3, 4, 5, 6, 7",False
Benefits &amp; Hardships,ccpaymin,paid only minimum on a credit card - in last 12 mo,"-99. ,
1. yes,
2. no","In the past 12 months, have you ever...-Paid only the minimum on a credit card",if have credit card == 1,7,"1, 2, 3, 4, 5, 6, 7",False
Benefits &amp; Hardships,cclate,charged late fee on credit card - in last 12 mo,"-99. ,
1. yes,
2. no","In the past 12 months, have you ever...-Been charged a late fee on credit card",if have credit card == 1,7,"1, 2, 3, 4, 5, 6, 7",False
Benefits &amp; Hardships,ccoverlimit,charged over the limit fee on credit card - last 12 mo,"-99. ,
1. yes,
2. no","In the past 12 months, have you ever...-Been charged an over-the-limit fee on credit card",if have credit card == 1,7,"1, 2, 3, 4, 5, 6, 7",False
Benefits &amp; Hardships,studentloan,has student loans,"0. No,
1. Yes,
2. No","Do you currently owe any money used to pay for your own education, your spouse's education, or your child's or grandchild's education? Please include any loans on which you are the co-signer that were used to pay for education (including student loans, home equity loans, or credit cards paid off over time). ",,1,1,False
Benefits &amp; Hardships,amountstudentloan,student loan amount,,How much money do you have to pay each month on these student loans? (Please enter dollars per month),if has student loans == 1,2,"1, 2",False
Benefits &amp; Hardships,savingsamount,amount in savings,,"If you added up all such accounts, about how much would they amount to altogether right now? ",if banked == 1,2,"1, 2",False
Benefits &amp; Hardships,last12_tanf,recieved TANF - last 12 mo,"0. No,
1. Yes,
2. No","In the past 12 months, have you received help from any of the following agencies or programs?  - TANF or a welfare office",,1,1,False
Benefits &amp; Hardships,last12_housing,received housing assistance - last 12 mo,"0. No,
1. Yes,
2. No","In the past 12 months, have you received help from any of the following agencies or programs?  - Housin Assistance such as Section 8 or Public Housing",,1,1,False
Benefits &amp; Hardships,last12_snap,received SNAP - last 12 mo,"0. No,
1. Yes,
2. No","In the past 12 months, have you received help from the SNAP program? This is sometimes called ""food stamps.""",,8,"1, 2, 3, 4, 5, 6, 7, 8",False
Benefits &amp; Hardships,lastmonth_snap_harm,received SNAP - last month,"0.  No,
1.  Yes",Which of the following other benefits have you utilized in the past month? SNAP,,1,8,False
Benefits &amp; Hardships,lastmonth_stdntload_defer_harm,deferred student loan - last month,"0.  No,
1.  Yes",Which of the following other benefits have you utilized in the past month?  Student Loan Deferred,,1,8,False
Benefits &amp; Hardships,lastmonth_rent_defer_harm,deferred rent - last month,"0.  No,
1.  Yes",Which of the following other benefits have you utilized in the past month? Rent Deferred,,1,8,False
Benefits &amp; Hardships,lastmonth_stimulus_pay_harm,received stimulus payment - last month,"0.  No,
1.  Yes",Which of the following other benefits have you utilized in the past month? Received a cash payment from the federal government provided under the COVID-19 stimulus package (CARES Act),,1,8,False
Benefits &amp; Hardships,studentloan_defer2020,benefits recieveid since Jan 2020 -  student loan deferred,"0. No,
1. Yes","Which of the following benefits have you used since the beginning of the pandemic, back in January 2020? - Federal student loan deferment",,5,"9, 10, 11, 12, 13",False
Benefits &amp; Hardships,rent_defer2020,benefits recieveid since Jan 2020 -  rent deferred,"0. No,
1. Yes","Which of the following benefits have you used since the beginning of the pandemic, back in January 2020? - Rent or mortgage deferment",,5,"9, 10, 11, 12, 13",False
Benefits &amp; Hardships,tanf2020,benefits recieveid since Jan 2020 -  TANF,"0. No,
1. Yes","Which of the following benefits have you used since the beginning of the pandemic, back in January 2020? - Cash benefit from Temporary Assistance for Needy Families (TANF) program",,4,"10, 11, 12, 13",False
Benefits &amp; Hardships,ssi2020,benefits recieveid since Jan 2020 -  SSI,"0. No,
1. Yes","Which of the following benefits have you used since the beginning of the pandemic, back in January 2020? - Cash benefit from Supplemental Security Income (Social Security)",,4,"10, 11, 12, 13",False
Benefits &amp; Hardships,medicaid2020,benefits recieveid since Jan 2020 -  medicaid,"0. No,
1. Yes","Which of the following benefits have you used since the beginning of the pandemic, back in January 2020? - Medicaid",,5,"9, 10, 11, 12, 13",False
Benefits &amp; Hardships,stimulus_payment2020,benefits recieveid since Jan 2020 -  stimulus payment,"0. No,
1. Yes","Which of the following benefits have you used since the beginning of the pandemic, back in January 2020? - stimulus checks",,1,9,False
Benefits &amp; Hardships,emp_cashassist2020,benefits recieveid since Jan 2020 -  employer cash assistance,"0. No,
1. Yes","Which of the following benefits have you used since the beginning of the pandemic, back in January 2020? - employer cash assistance",,1,9,False
Benefits &amp; Hardships,hazardpay2020,benefits recieveid since Jan 2020 -  hazard pay,"0. No,
1. Yes","Which of the following benefits have you used since the beginning of the pandemic, back in January 2020? - hazard pay",,1,9,False
Benefits &amp; Hardships,snap2020,benefits recieveid since Jan 2020 -  SNAP,"0. No,
1. Yes","Which of the following benefits have you used since the beginning of the pandemic, back in January 2020? - snap",,5,"9, 10, 11, 12, 13",False
Benefits &amp; Hardships,otherbenefits2020,benefits recieveid since Jan 2020 -  Other,"0. No,
1. Yes","Which of the following benefits have you used since the beginning of the pandemic, back in January 2020? - other",,3,"11, 12, 13",False
Benefits &amp; Hardships,otherbenefits2020_text,benefits recieveid since Jan 2020 -  Other (text),,"Which of the following benefits have you used since the beginning of the pandemic, back in January 2020? - other (text)",,3,"11, 12, 13",False
Benefits &amp; Hardships,apply_snap2020,apply for SNAP in 2020?,"0. No,
1. Yes,
2. No,
3. Don't know/refuse","Did you apply for the SNAP program (also called ""food stamps"") in 2020?",if received SNAP 2020 == 0,1,9,False
Benefits &amp; Hardships,snap_whynot_alreadyreceive,why not apply for SNAP? - already receving SNAP,"0. No,
1. Yes",Why have you not applied for the SNAP program in 2020? Mark all that apply. - Selected Choice - I was already receiving SNAP,if apply SNAP 2020 == 0,1,9,False
Benefits &amp; Hardships,snap_whynot_ineligible,why not apply for SNAP? - ineligible,"0. No,
1. Yes",Why have you not applied for the SNAP program in 2020? Mark all that apply. - Selected Choice - I don't believe my household is eligible for SNAP,if apply SNAP 2020 == 0,1,9,False
Benefits &amp; Hardships,snap_whynot_noneed,why not apply for SNAP? - don’t need it,"0. No,
1. Yes",Why have you not applied for the SNAP program in 2020? Mark all that apply. - Selected Choice - I don't believe my household needs SNAP,if apply SNAP 2020 == 0,1,9,False
Benefits &amp; Hardships,snap_whynot_greencard,why not apply for SNAP? - worried would affect green card,"0. No,
1. Yes",Why have you not applied for the SNAP program in 2020? Mark all that apply. - Selected Choice - I was worried it would disqualify a family member or relative from obtaining a green card,if apply SNAP 2020 == 0,1,9,False
Benefits &amp; Hardships,snap_whynot_dkhow,why not apply for SNAP? - don’t know how,"0. No,
1. Yes",Why have you not applied for the SNAP program in 2020? Mark all that apply. - Selected Choice - I don't know how to apply,if apply SNAP 2020 == 0,1,9,False
Benefits &amp; Hardships,snap_whynot_notime,why not apply for SNAP? - no time to apply,"0. No,
1. Yes",Why have you not applied for the SNAP program in 2020? Mark all that apply. - Selected Choice - I haven't had time to apply yet,if apply SNAP 2020 == 0,1,9,False
Benefits &amp; Hardships,snap_whynot_complicated,why not apply for SNAP? - too complicated,"0. No,
1. Yes",Why have you not applied for the SNAP program in 2020? Mark all that apply. - Selected Choice - The application was too complicated,if apply SNAP 2020 == 0,1,9,False
Benefits &amp; Hardships,snap_whynot_techprobs,why not apply for SNAP? - technical problems,"0. No,
1. Yes",Why have you not applied for the SNAP program in 2020? Mark all that apply. - Selected Choice - I tried to apply but experienced technical problems with the application,if apply SNAP 2020 == 0,1,9,False
Benefits &amp; Hardships,snap_whynot_other,why not apply for SNAP? - other,"0. No,
1. Yes",Why have you not applied for the SNAP program in 2020? Mark all that apply. - Selected Choice - Other:,if apply SNAP 2020 == 0,1,9,False
Benefits &amp; Hardships,snap_whynot_other_text,"why not apply for SNAP? - other, text",,Why have you not applied for the SNAP program in 2020? Mark all that apply. - Other: - Text,if apply SNAP 2020 == 0,1,9,False
Benefits &amp; Hardships,help_loan200,someone you could count on for $200 loan?,"1.  Definitely yes,
2.  Probably yes,
3.  Maybe,
4.  Probably not,
5.  Definitely not,
6.  Don't know/refuse",Is there someone you could count on if you needed a loan for $200?,,9,"7, 10, 11, 12, 13, 14, 15, 16, 17, 7, 10, 11, 12, 13, 14, 15, 16, 17",False
Benefits &amp; Hardships,help_housing,someone you could count on for place to live?,"1.  Definitely yes,
2.  Probably yes,
3.  Maybe,
4.  Probably not,
5.  Definitely not,
7.  Don't know/refuse",Is there someone you could count on if you needed a place to live?,,9,"7, 10, 11, 12, 13, 14, 15, 16, 17, 7, 10, 11, 12, 13, 14, 15, 16, 17",False
Benefits &amp; Hardships,friendfamct,how many friends or family do you have for advice?,,About how many friends or relatives do you have whom you could call on for advice or help if you needed it?,,9,"7, 10, 11, 12, 13, 14, 15, 16, 17, 7, 10, 11, 12, 13, 14, 15, 16, 17",False
Benefits &amp; Hardships,lastmonth_snap_unemployed,Which of the following benefits used in last month (If furloughed) - SNAP,"0.  No,
1.  Yes",Which of the following other benefits have you utilized in the past month? - SNAP,if furloughed,1,8,False
Benefits &amp; Hardships,lastmon_stdntloan_def_unemp,Which of the following benefits used in last month (If furloughed) - loan defer,"0.  No,
1.  Yes",Which of the following other benefits have you utilized in the past month? - Federal student loan deferment,if furloughed,1,8,False
Benefits &amp; Hardships,lastmon_rent_defer_unemp,Which of the following benefits used in last month (If furloughed) - rent defer,"0.  No,
1.  Yes",Which of the following other benefits have you utilized in the past month? - Rent or mortgage deferment,if furloughed,1,8,False
Benefits &amp; Hardships,lastmon_stimulus_pay_unemp,Which of the following benefits used in last month (If furloughed) - CARES,"0.  No,
1.  Yes",Which of the following other benefits have you utilized in the past month? - Received a cash payment from the federal government provided under the COVID-19 stimulus package (CARES Act),if furloughed,1,8,False
Benefits &amp; Hardships,lastmonth_snap,Which of the following benefits used in last month - SNAP,"0.  No,
1.  Yes",Which of the following benefits have you utilized in the past month? - SNAP,,1,8,False
Benefits &amp; Hardships,lastmonth_studentloan_defer,Which of the following benefits used in last month - loan defer,"0.  No,
1.  Yes",Which of the following other benefits have you utilized in the past month? - Federal student loan deferment,,1,8,False
Benefits &amp; Hardships,lastmonth_rent_defer,Which of the following benefits used in last month - rent defer,"0.  No,
1.  Yes",Which of the following other benefits have you utilized in the past month? - Rent or mortgage deferment,,1,8,False
Benefits &amp; Hardships,lastmonth_stimulus_payment,Which of the following benefits used in last month  - CARES,"0.  No,
1.  Yes",Which of the following other benefits have you utilized in the past month? - Received a cash payment from the federal government provided under the COVID-19 stimulus package (CARES Act),,1,8,False
Benefits &amp; Hardships,lastmonth_emp_cashassist,Which of the following benefits used in last month  - cash bonus,"0.  No,
1.  Yes",Which of the following other benefits have you utilized in the past month? - Cash bonus or financial assistence from [EMPLOYERNAME],,1,8,False
Benefits &amp; Hardships,lastmonth_hazardpay,Which of the following benefits used in last month  - hazard pay,"0.  No,
1.  Yes",Which of the following other benefits have you utilized in the past month? -Hazard pay from [EMPLOYERNAME],,1,8,False
Benefits &amp; Hardships,friendfamworry,How much are friends or fam willing to listen to problems?,"1.  A great deal,
2.  Quite a bit,
3.  Some,
4.  A little,
5.  Not at all",How much are friends or relatives willing to listen when you need to talk about your worries or problems?,,1,7,False
Benefits &amp; Hardships,personaltalkppl,How many people talk to about personal life?,,"In the last two weeks, how many people did you talk to about anything related to your personal life?",,1,7,False
Benefits &amp; Hardships,sickdays,receives paid sick days,"0. No,
1. Yes,
2. No",Do you get paid sick days?,,1,1,False
Benefits &amp; Hardships,snap_benefits,Benefits used in past 12 months - SNAP,"0. No,
1. Yes",Which of the following benefits have you used at any time in the last 12 months? Mark all that apply.,,4,"14, 15, 16, 17",False
Benefits &amp; Hardships,snap_benefits_lastmon,Benefits used in past month - SNAP,"0. No,
1. Yes",Which of these have you used in the past month? Mark all that apply.,,4,"14, 15, 16, 17",False
Benefits &amp; Hardships,tanf_benefits,Benefits used in past 12 months - TANF,"0. No,
1. Yes",Which of the following benefits have you used at any time in the last 12 months? Mark all that apply.,,4,"14, 15, 16, 17",False
Benefits &amp; Hardships,tanf_benefits_lastmon,Benefits used in past month - TANF,"0. No,
1. Yes",Which of these have you used in the past month? Mark all that apply.,,4,"14, 15, 16, 17",False
Benefits &amp; Hardships,medicaid_benefits,Benefits used in past 12 months - Medicaid,"0. No,
1. Yes",Which of the following benefits have you used at any time in the last 12 months? Mark all that apply.,,4,"14, 15, 16, 17",False
Benefits &amp; Hardships,medicaid_benefits_lastmon,Benefits used in past month - Medicaid,"0. No,
1. Yes",Which of these have you used in the past month? Mark all that apply.,,4,"14, 15, 16, 17",False
Benefits &amp; Hardships,ssi_benefits,Benefits used in past 12 months - SSI,"0. No,
1. Yes",Which of the following benefits have you used at any time in the last 12 months? Mark all that apply.,,4,"14, 15, 16, 17",False
Benefits &amp; Hardships,ssi_benefits_lastmon,Benefits used in past month - SSI,"0. No,
1. Yes",Which of these have you used in the past month? Mark all that apply.,,4,"14, 15, 16, 17",False
Benefits &amp; Hardships,govt_housing_benefits,Benefits used in past 12 months - Gov housing,"0. No,
1. Yes",Which of the following benefits have you used at any time in the last 12 months? Mark all that apply.,,4,"14, 15, 16, 17",False
Benefits &amp; Hardships,govt_housing_benefits_lastmon,Benefits used in past month - Gov housing,"0. No,
1. Yes",Which of these have you used in the past month? Mark all that apply.,,4,"14, 15, 16, 17",False
Benefits &amp; Hardships,childcare_benefits,Benefits used in past 12 months - Childcare,"0. No,
1. Yes",Which of the following benefits have you used at any time in the last 12 months? Mark all that apply.,,4,"14, 15, 16, 17",False
Benefits &amp; Hardships,childcare_benefits_lastmon,Benefits used in past month - Childcare,"0. No,
1. Yes",Which of these have you used in the past month? Mark all that apply.,,4,"14, 15, 16, 17",False
Benefits &amp; Hardships,other_benefits,Benefits used in past 12 months - Other,"0. No,
1. Yes",Which of the following benefits have you used at any time in the last 12 months? Mark all that apply.,,4,"14, 15, 16, 17",False
Benefits &amp; Hardships,other_benefits_lastmon,Benefits used in past month - Other,"0. No,
1. Yes",Which of these have you used in the past month? Mark all that apply.,,4,"14, 15, 16, 17",False
Benefits &amp; Hardships,other_benefits_text,"Benefits used in past 12 months - Other, Text",,Which of the following benefits have you used at any time in the last 12 months? Mark all that apply.,,4,"14, 15, 16, 17",False
Benefits &amp; Hardships,other_benefits_text_lastmon,"Benefits used in past month - Other, Text",,Which of these have you used in the past month? Mark all that apply.,,4,"14, 15, 16, 17",False
Benefits &amp; Hardships,no_benefits,Benefits used in past 12 months - None,"0. No,
1. Yes",Please look at the following list of benefits that employers sometimes make available to their employees. Which of the benefits on this list can you receive as part of your job at [EMPLOYER NAME]? Mark all that apply.,,3,"15, 16, 17",False
Moderating Variables,help_loan200,someone to help - $200 loan,"1.  Definitely yes,
2.  Probably yes,
3.  Maybe,
4.  Probably not,
5.  Definitely not,
6.  Don't know/refuse",Is there someone you could count on if you needed a loan for $200?,,9,"7, 10, 11, 12, 13, 14, 15, 16, 17, 7, 10, 11, 12, 13, 14, 15, 16, 17",False
Moderating Variables,help_housing,someone to help - offer housing,"1.  Definitely yes,
2.  Probably yes,
3.  Maybe,
4.  Probably not,
5.  Definitely not,
7.  Don't know/refuse",Is there someone you could count on if you needed a place to live?,,9,"7, 10, 11, 12, 13, 14, 15, 16, 17, 7, 10, 11, 12, 13, 14, 15, 16, 17",False
Moderating Variables,friendfamct,number of friends/relatives could call for help,,About how many friends or relatives do you have whom you could call on for advice or help if you needed it?,,9,"7, 10, 11, 12, 13, 14, 15, 16, 17, 7, 10, 11, 12, 13, 14, 15, 16, 17",False
Moderating Variables,help_childcare_likert,processed variable - has childcare support likert scale,,Is there someone you could count on to help with emergency child care?,if parent,7,"7, 11, 12, 13, 15, 16, 17",False
Moderating Variables,help_childcare_yn,processed variable - has childcare support yes/no,"0. No,
1. Yes,
2. No",Is there someone you could count on to help with emergency child care?,if parent,2,"1, 10",False
Child,kids_harm,has children,"0. No kids,
1. Has kids","Do you have any children? These might be your biological children, step-children, adopted children, or foster children.",,16,"1, 2, 3, 4, 5, 6, 7, 8, 9, 10, 11, 12, 13, 14, 15, 16, 17",True
Child,kids0to4_all,has children under 5,"0. No kids/in age range,
1. Kids in age range",Are any of your children under the age of 5?,,16,"1, 2, 3, 4, 5, 6, 7, 8, 9, 10, 11, 12, 13, 14, 15, 16, 17",False
Child,kids5to9_all,has children 5 to 9,"0. No kids/in age range,
1. Kids in age range",Are any of your children between the ages of 5 and 9?,,16,"1, 2, 3, 4, 5, 6, 7, 8, 9, 10, 11, 12, 13, 14, 15, 16, 17",False
Child,kids10to14_all,has children 10 to 14,"0. No kids/in age range,
1. Kids in age range",Are any of your children between the ages of 10 and 14?,,16,"1, 2, 3, 4, 5, 6, 7, 8, 9, 10, 11, 12, 13, 14, 15, 16, 17",False
Child,kids15to18_all,has children age 15 to 18,"0. No kids/in age range,
1. Kids in age range",Are any of your children age 15 or older?,,16,"1, 2, 3, 4, 5, 6, 7, 8, 9, 10, 11, 12, 13, 14, 15, 16, 17",False
Child,spendtimekids,wish spend more time with kids,"1.  Strongly agree,
2.  Agree,
3.  Disagree,
4.  Strongly disagree,
5.  Don't know/Refuse",Do you agree or disagree?: I wish I could spend more time with my child/children.,,16,"1, 2, 3, 4, 5, 6, 7, 8, 9, 10, 11, 12, 13, 14, 15, 16",False
Child,havemealkids,"freq have meal with kids, in past mo","1.  Never in past month,
2.  1-2 times in past month,
3.  Once a week,
4.  Several times a week,
5.  Every day,
6.  Don't know/Refuse","In the past month, how often did you have a meal with your child/children?",,16,"1, 2, 3, 4, 5, 6, 7, 8, 9, 10, 11, 12, 13, 14, 15, 16",False
Child,hwbookkids,"freq read or do hw with kids, in past mo","1.  Never in past month,
2.  1-2 times in past month,
3.  Once a week,
4.  Several times a week,
5.  Every day,
6.  Don't know/Refuse","In the past month, how often did you and your child/children work on homework or read a book together?",,16,"1, 2, 3, 4, 5, 6, 7, 8, 9, 10, 11, 12, 13, 14, 15, 16",False
Child,playindoorkids,"freq play inside with kids, in past mo","1.  Never in past month,
2.  1-2 times in past month,
3.  Once a week,
4.  Several times a week,
5.  Every day,
6.  Don't know/Refuse","In the past month, how often did you and your child/children participate in indoor activities together (such as arts and crafts or board games)?",,16,"1, 2, 3, 4, 5, 6, 7, 8, 9, 10, 11, 12, 13, 14, 15, 16",False
Child,playoutdoorkids,"freq play outside with kids, in past mo","1.  Never in past month,
2.  1-2 times in past month,
3.  Once a week,
4.  Several times a week,
5.  Every day,
6.  Don't know/Refuse","In the past month, how often did you and your child/children participate in outdoor activities together (like going for a walk or to a playground)?",,16,"1, 2, 3, 4, 5, 6, 7, 8, 9, 10, 11, 12, 13, 14, 15, 16",False
Child,watchtvkids,watches tv with kids,"1.  Never in past month,
2.  1-2 times in past month,
3.  Once a week,
4.  Several times a week,
5.  Every day,
6.  Don't know/Refuse","In the past month, how often did you and your child/children watch TV or a video together?",,1,1,False
Child,playvidkids,plays video games with kids,"1.  Never in past month,
2.  1-2 times in past month,
3.  Once a week,
4.  Several times a week,
5.  Every day,
6.  Don't know/Refuse","In the past month, how often did you and your child/children play video or computer games together?",,1,1,False
Child,parenttime_index,processed variable - parent time composite,"0. All every day,
16. All never",composite of havemealkids hwbookkids playindoorkids playoutdoorkids,if parent,16,"1, 2, 3, 4, 5, 6, 7, 8, 9, 10, 11, 12, 13, 14, 15, 16",False
Child,hardarrangecare,"how difficult to arrange child care, in past mo","1.  Very difficult,
2.  Somewhat difficult,
3.  A little bit difficult,
4.  Not at all difficult,
5.  Don't know/Refuse","Thinking about the past month, how difficult was it to arrange child care during your scheduled work hours?",,16,"1, 2, 3, 4, 5, 6, 7, 8, 9, 10, 11, 12, 13, 14, 15, 16, 17",False
Child,missworkforcare,"ever miss work to care for kids, in past mo","0. No,
1. Yes,
2.  No,
3.  Don't know/Refuse","In the past month, have you ever had to miss work because you needed to care for your child/children and you couldn't arrange child care?",,16,"1, 2, 3, 4, 5, 6, 7, 8, 9, 10, 11, 12, 13, 14, 15, 16",False
Child,spankkids,"ever spanked kid, in past mo","-99. ,
0. No,
1. Yes,
2.  No","This question is about your youngest child.  Sometimes children behave pretty well and sometimes they don't. In the past month, have you spanked your youngest child because of bad behavior or acting up?",,16,"1, 2, 3, 4, 5, 6, 7, 8, 9, 10, 11, 12, 13, 14, 15, 16",False
Child,parenthard,being a parent is harder than anticipated,"-99. ,
1. Strongly agree,
2. Agree,
3. Disagree,
4. Strongly disagree",Do you agree or disagree?: Being a parent is harder than I thought it would be.,,16,"1, 2, 3, 4, 5, 6, 7, 8, 9, 10, 11, 12, 13, 14, 15, 16, 17",False
Child,parenttrap,feel trapped by parenting responsibilities,"-99. ,
1.  Strongly agree,
2.  Agree,
3.  Disagree,
4.  Strongly disagree",Do you agree or disagree?: I feel trapped by my responsibilities as a parent.,,16,"1, 2, 3, 4, 5, 6, 7, 8, 9, 10, 11, 12, 13, 14, 15, 16, 17",False
Child,caremorework,caring for child is more work than pleasure,"-99. ,
1.  Strongly agree,
2.  Agree,
3.  Disagree,
4.  Strongly disagree",Do you agree or disagree?: I find that taking care of my child/children is much more work than pleasure.,,16,"1, 2, 3, 4, 5, 6, 7, 8, 9, 10, 11, 12, 13, 14, 15, 16, 17",False
Child,tiredparent,often feel tired from parenting responsibilities,"-99. ,
1.  Strongly agree,
2.  Agree,
3.  Disagree,
4.  Strongly disagree","Do you agree or disagree?: I often feel tired, worn out, or exhausted from raising a family.",,16,"1, 2, 3, 4, 5, 6, 7, 8, 9, 10, 11, 12, 13, 14, 15, 16, 17",False
Child,parentstress_index,processed variable - parent stress composite,"0. All Strongly Disagree,
12. All Strongly Agree",composite of parenthard parenttrap caremorework tiredparent,if parent,16,"1, 2, 3, 4, 5, 6, 7, 8, 9, 10, 11, 12, 13, 14, 15, 16, 17",False
Child,cbcl_tooyoung,child acts too young,"1. Not True,
2. Sometimes True,
3. Very True","Below is a list of items that describe children and youths. Please rate each item to describe [CHILD INITITAL] now or within the past month. For each item, please mark if the statement is not true, somewhat true, or very true of your child. Please answer all items as well as you can, even if some do not seem to apply to your child. - Acts too young for his/her age",,15,"2, 3, 4, 5, 6, 7, 8, 9, 10, 11, 12, 13, 14, 15, 16, 17",False
Child,cbcl_argues,child argues a lot,"1. Not True,
2. Sometimes True,
3. Very True","Below is a list of items that describe children and youths. Please rate each item to describe [CHILD INITITAL] now or within the past month. For each item, please mark if the statement is not true, somewhat true, or very true of your child. Please answer all items as well as you can, even if some do not seem to apply to your child. - Argues a lot",,15,"2, 3, 4, 5, 6, 7, 8, 9, 10, 11, 12, 13, 14, 15, 16, 17",False
Child,cbcl_finish,child fails to finish things,"1. Not True,
2. Sometimes True,
3. Very True","Below is a list of items that describe children and youths. Please rate each item to describe [CHILD INITITAL] now or within the past month. For each item, please mark if the statement is not true, somewhat true, or very true of your child. Please answer all items as well as you can, even if some do not seem to apply to your child. - Fails to finish things he/she starts",,15,"2, 3, 4, 5, 6, 7, 8, 9, 10, 11, 12, 13, 14, 15, 16, 17",False
Child,cbcl_concentrate,child can't concentrate,"1. Not True,
2. Sometimes True,
3. Very True","Below is a list of items that describe children and youths. Please rate each item to describe [CHILD INITITAL] now or within the past month. For each item, please mark if the statement is not true, somewhat true, or very true of your child. Please answer all items as well as you can, even if some do not seem to apply to your child. - Can't concentrate, can't pay attention for long",,15,"2, 3, 4, 5, 6, 7, 8, 9, 10, 11, 12, 13, 14, 15, 16, 17",False
Child,cbcl_hyper,child is hyperactive,"1. Not True,
2. Sometimes True,
3. Very True","Below is a list of items that describe children and youths. Please rate each item to describe [CHILD INITITAL] now or within the past month. For each item, please mark if the statement is not true, somewhat true, or very true of your child. Please answer all items as well as you can, even if some do not seem to apply to your child. - Can't sit still, restless or hyperactive",,15,"2, 3, 4, 5, 6, 7, 8, 9, 10, 11, 12, 13, 14, 15, 16, 17",False
Child,cbcl_destroys,child destroys things,"1. Not True,
2. Sometimes True,
3. Very True","Below is a list of items that describe children and youths. Please rate each item to describe [CHILD INITITAL] now or within the past month. For each item, please mark if the statement is not true, somewhat true, or very true of your child. Please answer all items as well as you can, even if some do not seem to apply to your child. - Destroys things belonging to his/her family or others",,15,"2, 3, 4, 5, 6, 7, 8, 9, 10, 11, 12, 13, 14, 15, 16, 17",False
Child,cbcl_disobhome,child is disobedient at home,"1. Not True,
2. Sometimes True,
3. Very True","Below is a list of items that describe children and youths. Please rate each item to describe [CHILD INITITAL] now or within the past month. For each item, please mark if the statement is not true, somewhat true, or very true of your child. Please answer all items as well as you can, even if some do not seem to apply to your child. - Disobedient at home",,15,"2, 3, 4, 5, 6, 7, 8, 9, 10, 11, 12, 13, 14, 15, 16, 17",False
Child,cbcl_disobsch,child is disobedient at school,"1. Not True,
2. Sometimes True,
3. Very True","Below is a list of items that describe children and youths. Please rate each item to describe [CHILD INITITAL] now or within the past month. For each item, please mark if the statement is not true, somewhat true, or very true of your child. Please answer all items as well as you can, even if some do not seem to apply to your child. - Disobedient at school/care",,15,"2, 3, 4, 5, 6, 7, 8, 9, 10, 11, 12, 13, 14, 15, 16, 17",False
Child,cbcl_worthless,child feels worthless,"1. Not True,
2. Sometimes True,
3. Very True","Below is a list of items that describe children and youths. Please rate each item to describe [CHILD INITITAL] now or within the past month. For each item, please mark if the statement is not true, somewhat true, or very true of your child. Please answer all items as well as you can, even if some do not seem to apply to your child. - Feels worthless or inferior",,15,"2, 3, 4, 5, 6, 7, 8, 9, 10, 11, 12, 13, 14, 15, 16, 17",False
Child,cbcl_impulsive,child feels impulsive,"1. Not True,
2. Sometimes True,
3. Very True","Below is a list of items that describe children and youths. Please rate each item to describe [CHILD INITITAL] now or within the past month. For each item, please mark if the statement is not true, somewhat true, or very true of your child. Please answer all items as well as you can, even if some do not seem to apply to your child. - Impulsive or acts without thinking",,15,"2, 3, 4, 5, 6, 7, 8, 9, 10, 11, 12, 13, 14, 15, 16, 17",False
Child,cbcl_anxious,child feels anxious,"1. Not True,
2. Sometimes True,
3. Very True","Below is a list of items that describe children and youths. Please rate each item to describe [CHILD INITITAL] now or within the past month. For each item, please mark if the statement is not true, somewhat true, or very true of your child. Please answer all items as well as you can, even if some do not seem to apply to your child. - Too fearful or anxious",,15,"2, 3, 4, 5, 6, 7, 8, 9, 10, 11, 12, 13, 14, 15, 16, 17",False
Child,cbcl_guilty,child feels guilty,"1. Not True,
2. Sometimes True,
3. Very True","Below is a list of items that describe children and youths. Please rate each item to describe [CHILD INITITAL] now or within the past month. For each item, please mark if the statement is not true, somewhat true, or very true of your child. Please answer all items as well as you can, even if some do not seem to apply to your child. - Feels too guilty",,15,"2, 3, 4, 5, 6, 7, 8, 9, 10, 11, 12, 13, 14, 15, 16, 17",False
Child,cbcl_selfcon,child feels self concious,"1. Not True,
2. Sometimes True,
3. Very True","Below is a list of items that describe children and youths. Please rate each item to describe [CHILD INITITAL] now or within the past month. For each item, please mark if the statement is not true, somewhat true, or very true of your child. Please answer all items as well as you can, even if some do not seem to apply to your child. - Self-conscious or easily embarrassed",,15,"2, 3, 4, 5, 6, 7, 8, 9, 10, 11, 12, 13, 14, 15, 16, 17",False
Child,cbcl_distract,child is easily distracted,"1. Not True,
2. Sometimes True,
3. Very True","Below is a list of items that describe children and youths. Please rate each item to describe [CHILD INITITAL] now or within the past month. For each item, please mark if the statement is not true, somewhat true, or very true of your child. Please answer all items as well as you can, even if some do not seem to apply to your child. - Inattentive or easily distracted",,15,"2, 3, 4, 5, 6, 7, 8, 9, 10, 11, 12, 13, 14, 15, 16, 17",False
Child,cbcl_stubborn,child is stubborn,"1. Not True,
2. Sometimes True,
3. Very True","Below is a list of items that describe children and youths. Please rate each item to describe [CHILD INITITAL] now or within the past month. For each item, please mark if the statement is not true, somewhat true, or very true of your child. Please answer all items as well as you can, even if some do not seem to apply to your child. - Stubborn, sullen, or irritable",,15,"2, 3, 4, 5, 6, 7, 8, 9, 10, 11, 12, 13, 14, 15, 16, 17",False
Child,cbcl_tantrums,child throws tantrums,"1. Not True,
2. Sometimes True,
3. Very True","Below is a list of items that describe children and youths. Please rate each item to describe [CHILD INITITAL] now or within the past month. For each item, please mark if the statement is not true, somewhat true, or very true of your child. Please answer all items as well as you can, even if some do not seem to apply to your child. - Temper tantrums or hot temper",,15,"2, 3, 4, 5, 6, 7, 8, 9, 10, 11, 12, 13, 14, 15, 16, 17",False
Child,cbcl_threats,child threatens people,"1. Not True,
2. Sometimes True,
3. Very True","Below is a list of items that describe children and youths. Please rate each item to describe [CHILD INITITAL] now or within the past month. For each item, please mark if the statement is not true, somewhat true, or very true of your child. Please answer all items as well as you can, even if some do not seem to apply to your child. - Threatens people",,15,"2, 3, 4, 5, 6, 7, 8, 9, 10, 11, 12, 13, 14, 15, 16, 17",False
Child,cbcl_sad,child is sad,"1. Not True,
2. Sometimes True,
3. Very True","Below is a list of items that describe children and youths. Please rate each item to describe [CHILD INITITAL] now or within the past month. For each item, please mark if the statement is not true, somewhat true, or very true of your child. Please answer all items as well as you can, even if some do not seem to apply to your child. - Unhappy, sad, or depressed",,15,"2, 3, 4, 5, 6, 7, 8, 9, 10, 11, 12, 13, 14, 15, 16, 17",False
Child,cbcl_worries,child worries,"1. Not True,
2. Sometimes True,
3. Very True","Below is a list of items that describe children and youths. Please rate each item to describe [CHILD INITITAL] now or within the past month. For each item, please mark if the statement is not true, somewhat true, or very true of your child. Please answer all items as well as you can, even if some do not seem to apply to your child. - Worries",,15,"2, 3, 4, 5, 6, 7, 8, 9, 10, 11, 12, 13, 14, 15, 16, 17",False
Child,kidhealth,child's health overall,"1.  Excellent,
2.  Very good,
3.  Good,
4.  Fair,
5.  Poor","In general, would you say [CHILD INITITAL]'s health is...",,12,"5, 6, 7, 8, 9, 10, 11, 12, 13, 14, 15, 16, 17",False
Child,youngesthealth,reported health of youngest child,"-99. ,
1.  Excellent,
2.  Very good,
3.  Good,
4.  Fair,
5.  Poor","In general, would you say your youngest child's health is....",if parent,4,"1, 2, 3, 4",False
Child,bedtime,does child have regular bedtime?,"0. No,
1. Yes,
2.  No,
3.  Don't know/refuse",Does [CHILD INITIAL]have a regular bedtime during the week?,,4,"5, 6, 7, 8",False
Child,bedtimehour,child bedtime - hour,,"What is your[CHILD AGE]-year-old child, ... : Time-Bedtime-Hour (HH)",if child has regular bedtime,4,"5, 6, 7, 8",False
Child,bedtimemin,child bedtime - min,,"What is your[CHILD AGE]-year-old child, ... : Time-Bedtime-Hour (HH)",if child has regular bedtime,4,"5, 6, 7, 8",False
Child,bedtimeampm,child bedtime - am/pm,,"What is your[CHILD AGE]-year-old child, ... : Time-Bedtime-Hour (HH)",if child has regular bedtime,4,"5, 6, 7, 8",False
Child,bedtimefreq,freq in past week child go to bed at that time,"1.  0 times,
2.  1 time,
3.  2 times,
4.  3 times,
5.  4 times,
6.  5 times","How many times in the last week, Monday through Friday, did [CHILD] go to bed at that time?",,4,"5, 6, 7, 8",False
Child,wakeuptime,does child have regular wakeup time?,"0. No,
1. Yes,
2.  No,
3.  Don't know/refuse",Does [CHILD INITIAL]have a regular wake-up time during the week?,,4,"5, 6, 7, 8",False
Child,wakeuphour,child wakeup - hour,,What time does [CHILD INITIAL]usually wake up in the morning? : AM / PM-Wake-up time,if child has regular wake up time,4,"5, 6, 7, 8",False
Child,wakeupmin,child wakeup - min,,What time does [CHILD INITIAL]usually wake up in the morning? : AM / PM-Wake-up time,if child has regular wake up time,4,"5, 6, 7, 8",False
Child,wakeup_ampm,child wakeup - am/pm,,What time does [CHILD INITIAL]usually wake up in the morning? : AM / PM-Wake-up time,if child has regular wake up time,4,"5, 6, 7, 8",False
Child,wakeuptimefreq,freq in past week child wake up at that time,"1.  0 times,
2.  1 time,
3.  2 times,
4.  3 times,
5.  4 times,
6.  5 times","How many times in the last week, Monday through Friday, did [CHILD] wake up at that time?",,4,"5, 6, 7, 8",False
Child,sleep_toolittle,child sleep - too little,"1.  Usually,
2.  Sometimes,
3.  Rarely or never",The following statements are about [CHILD INITIAL]'s sleep habits.-Sleeps too little,,4,"5, 6, 7, 8",False
Child,sleep_right,child sleep - just right,"1.  Usually,
2.  Sometimes,
3.  Rarely or never",The following statements are about [CHILD INITIAL]'s sleep habits.-Sleeps the right amount,,4,"5, 6, 7, 8",False
Child,sleep_same,child sleep - same amount every day,"1.  Usually,
2.  Sometimes,
3.  Rarely or never",The following statements are about [CHILD INITIAL]'s sleep habits.-Sleeps the same amount each day,,4,"5, 6, 7, 8",False
Child,sleep_longalert,child sleep - takes a long time to wake up,"1.  Usually,
2.  Sometimes,
3.  Rarely or never",The following statements are about [CHILD INITIAL]'s sleep habits.-Takes a long time to be alert,,4,"5, 6, 7, 8",False
Child,sleep_hardbed,child sleep - hard time getting out of bed,"1.  Usually,
2.  Sometimes,
3.  Rarely or never",The following statements are about [CHILD INITIAL]'s sleep habits.-Has a hard time getting out of bed,,4,"5, 6, 7, 8",False
Child,sleep_whileactive,child sleep - falls asleep during activities,"1.  Usually,
2.  Sometimes,
3.  Rarely or never",The following statements are about [CHILD INITIAL]'s sleep habits.-Falls asleep while involved in activities,,4,"5, 6, 7, 8",False
Child,sleep_screen,child sleep - screen time before bed,"1.  Usually,
2.  Sometimes,
3.  Rarely or never","The following statements are about [CHILD INITIAL]'s sleep habits.-Uses a screen-based technology (i.e. television, tablet, phone, laptop) in the hour before he/she goes to sleep",,4,"5, 6, 7, 8",False
Child,kidweight,child weight - describe,"1.  Underweight,
2.  Normal weight,
3.  Somewhat overweight,
4.  Very overweight,
5.  Don't know/Refuse","Which of these best describes your[CHILD AGE]-year-old child, ...",,4,"5, 6, 7, 8",False
Child,adhd,child diagnosis - adhd,"0.  No,
1.  Yes",Has [CHILD INITIAL]'s doctor or health professional ever said that he/she had....-Attention Deficit Disorder (ADD) or ADHD,,4,"5, 6, 7, 8",False
Child,devdelay,child diagnosis - developmental delay,"0.  No,
1.  Yes",Has [CHILD INITIAL]'s doctor or health professional ever said that he/she had....-Developmental Delay,,4,"5, 6, 7, 8",False
Child,learningdis,child diagnosis - learning disability,"0.  No,
1.  Yes",Has [CHILD INITIAL]'s doctor or health professional ever said that he/she had....-Learning Disability,,4,"5, 6, 7, 8",False
Child,asthma,child diagnosis - asthma,"0.  No,
1.  Yes",Has [CHILD INITIAL]'s doctor or health professional ever said that he/she had....-Asthma,,4,"5, 6, 7, 8",False
Child,childhealthnone,child diagnosis - none,"0.  No,
1.  Yes",Has [CHILD INITIAL]'s doctor or health professional ever said that he/she had....-None of these,,4,"5, 6, 7, 8",False
Child,asthmamed,child taking asthma medication?,"0. No,
1. Yes,
2.  No,
3.  Don't know/refuse",Is [CHILD INITIAL]taking asthma medications?,,4,"5, 6, 7, 8",False
Child,wheezing,child wheezing attack - last 12 mo,"1.  Never,
2.  Fewer than 3 times all together,
3.  4-10 times all together,
4.  1-2 times per month,
5.  Once per week,
6.  More than once per week,
7.  Every day","In the past 12 months, how often has [CHILD INITIAL]had an attack of wheezing...",,4,"5, 6, 7, 8",False
Child,emergency,child hospitalized - in last 12 mo,,How many times in the past 12 months has [CHILD INITIAL]been to a hospital em...,,4,"5, 6, 7, 8",False
Child,kidsgosick2,child went to school sick - in past mo,"1.  Yes,
2.  No, my child was sick but stayed home,
3.  No, my child/children haven't been sick in the past month,
4.  Don't know/Refuse","In the past month, did one of your children ever go to school or daycare even though he or she wa...",,7,"2, 3, 4, 5, 6, 7, 8",False
Child,kidgosick_yn,child went to school sick in past month - binary,"0. No,
1. Yes,
4. Don't know/refuse",,,2,"1, 2",False
Child,spousecares,child care freq - spouse/partner/other parent,"-99. ,
1. 5-7 days,
2. 2-4 days,
3. 1 day,
5. Never","In a typical week, how often do you usually use each type of child care for your youngest child? -My spouse or partner, or my child's other parent",,7,"2, 3, 4, 5, 6, 7, 8",False
Child,grandparentcares,child care freq - grandparent,"-99. ,
1. 5-7 days,
2. 2-4 days,
3. 1 day,
5. Never","In a typical week, how often do you usually use each type of child care for your youngest child? -Child's grandparent or other relative",,8,"1, 2, 3, 4, 5, 6, 7, 8",False
Child,siblingcares,child care freq - sibling,"-99. ,
1. 5-7 days,
2. 2-4 days,
3. 1 day,
5. Never","In a typical week, how often do you usually use each type of child care for your youngest child? -Older sibling",,8,"1, 2, 3, 4, 5, 6, 7, 8",False
Child,childselfcares,child care freq - self-care,"-99. ,
1. 5-7 days,
2. 2-4 days,
3. 1 day,
5. Never","In a typical week, how often do you usually use each type of child care for your youngest child? -Child cares for self",,8,"1, 2, 3, 4, 5, 6, 7, 8",False
Child,babysittercares,child care freq - babysitter,"1. 5-7 Days,
2. 2-4 Days,
3. 1 Day,
4. Never","In a typical week, how often do you usually use each type of child care for your youngest child? -Child cares for self",,3,"1, 2, 3",False
Child,babysitters,child care freq - babysitter,"1. 5-7 Days,
2. 2-4 Days,
3. 1 Day,
4. Never","In a typical week, how often do you usually use each type of child care for your youngest child? -Babysitter",,8,"1, 2, 3, 4, 5, 6, 7, 8",False
Child,daycare,child care freq - daycare,"-99. ,
1. 5-7 days,
2. 2-4 days,
3. 1 day,
5. Never","In a typical week, how often do you usually use each type of child care for your youngest child? -Daycare center, school-based program, or Head Start",,8,"1, 2, 3, 4, 5, 6, 7, 8",False
Child,diffplacescare,how many different types of child care used in a week?,"1.  None, my child is only cared for at home,
2.  1 other child care location,
3.  2 other child care locations,
4.  3 other child care locations,
5.  4 or more child care locations,
6. 3 other child care locations,
7. 4 or more other child care locations","In a typical week, how many different places does your youngest child go to for child care? (This...",,5,"4, 5, 6, 7, 8",False
Child,covid0to14_schoolclosed,any child at home due to school closure?,"0. No,
1. Yes,
2. No",Thinking of your child or children between 0 and 14 years of age: Is at least one of your children at home because their school or child care center is closed due to coronavirus/COVID-19?,,5,"8, 9, 10, 11, 12",False
Child,kidactiv_dance,child extracurricular - dance,"0. No,
1. Yes","In the past six months, outside of school hours, has your child/children ever participated in the...-Dance lessons",,7,"2, 3, 4, 5, 6, 7, 8",False
Child,kidactiv_sports,child extracurricular - sports,"0. No,
1. Yes","In the past six months, outside of school hours, has your child/children ever participated in the...-Organized athletics/sports",,7,"2, 3, 4, 5, 6, 7, 8",False
Child,kidactiv_clubs,child extracurricular - clubs,"0. No,
1. Yes","In the past six months, outside of school hours, has your child/children ever participated in the...-Organized clubs",,7,"2, 3, 4, 5, 6, 7, 8",False
Child,kidactiv_music,child extracurricular - music,"0. No,
1. Yes","In the past six months, outside of school hours, has your child/children ever participated in the...-Music or singing lessons",,7,"2, 3, 4, 5, 6, 7, 8",False
Child,kidactiv_drama,child extracurricular - drama,"0. No,
1. Yes","In the past six months, outside of school hours, has your child/children ever participated in the...-Drama lessons",,7,"2, 3, 4, 5, 6, 7, 8",False
Child,kidactiv_art,child extracurricular - art,"0. No,
1. Yes","In the past six months, outside of school hours, has your child/children ever participated in the...-Art or crafts classes",,7,"2, 3, 4, 5, 6, 7, 8",False
Child,kidactiv_perfarts,child extracurricular - performance arts,"0. No,
1. Yes","In the past six months, outside of school hours, has your child/children ever participated in the...-Organized performing arts",,7,"2, 3, 4, 5, 6, 7, 8",False
Child,kidactiv_aftschool,child extracurricular - after school program,"0. No,
1. Yes","In the past six months, outside of school hours, has your child/children ever participated in the...-After school programs",,7,"2, 3, 4, 5, 6, 7, 8",False
Child,kidactiv_age,Age of child doing certain activity,,,,7,"2, 3, 4, 5, 6, 7, 8",False
Child,grade,what grade is your child in?,"1.  Not started kindergarten,
2.  Kindergarten,
3.  First grade,
4.  Second grade,
5.  Third grade,
6.  Fourth grade,
7.  Fifth grade,
8.  Sixth grade,
9.  Seventh grade,
10.  Eighth grade,
11.  Ninth grade,
12.  Tenth grade,
13.  Eleventh grade,
14.  Twelfth grade,
15.  College, one year or more,
16.  Not enrolled in school","What grade or year in school is your [CHILD AGE]-year-old child, ...",,4,"5, 6, 7, 8",False
Child,absent,freq child absent from school in past mo,"1.  Never,
2.  Once,
3.  Twice,
4.  Three times or more,
5.  Don't know/refuse","During the past month, how many times has [CHILD INITIAL] been absent from sch...",,4,"5, 6, 7, 8",False
Child,heldback,child has been held back or repeated a grade,"0. No,
1. Yes,
2. No","Since starting kindergarten, has [CHILD INITIAL] ever repeated a grade or been...",,4,"5, 6, 7, 8",False
Child,troubleteach,child has trouble getting along with teachers,"1.  Often true,
2.  Sometimes true,
3.  Never true",[CHILD INITIAL] has trouble getting along with teachers.,,4,"5, 6, 7, 8",False
Child,troublepeer,child has trouble getting along with peers,"1.  Often true,
2.  Sometimes true,
3.  Never true",[CHILD INITIAL] has trouble getting along with other peers.,,4,"5, 6, 7, 8",False
Child,suspexpel,child has been suspended or expelled,"0. No,
1. Yes,
2.  No",Has [CHILD INITIAL] ever been suspended or expelled from school?,,4,"5, 6, 7, 8",False
Child,suspexpelgrade,grade of suspension or expulsion,"1.  Kindergarten,
2.  Pre-first grade (after K),
3.  First grade,
4.  Second grade,
5.  Third grade,
6.  Fourth grade,
7.  Fifth grade,
8.  Sixth grade,
9.  Seventh grade,
10.  Eighth grade,
11.  Ninth grade,
12.  Tenth grade,
13.  Eleventh grade,
14.  Twelfth grade",What grade was [CHILD INITIAL] in the last time this happened?,,4,"5, 6, 7, 8",False
Child,suspexpelpunish,type of suspension child received,"1.  In-school suspension,
2.  Out-of-school suspension,
3.  Expulsion from school,
4.  Other","The last time this happened, did [CHILD INITIAL] receive a...",,4,"5, 6, 7, 8",False
Child,suspexpelpunish_text,"type of suspension child received, text",,"The last time this happened, did [CHILD INITIAL] receive a... -TEXT",,4,"5, 6, 7, 8",False
Child,likeschool,child likes school,"1.  Often true,
2.  Sometimes true,
3.  Never true","In general, [CHILD INITIAL] likes to go to school.",,4,"5, 6, 7, 8",False
Child,interestschoolwk,child interested in schoolwork,"1.  Often true,
2.  Sometimes true,
3.  Never true",[CHILD INITIAL] is interested in school work.,,4,"5, 6, 7, 8",False
Child,workhardschool,child works hard at school,"1.  Often true,
2.  Sometimes true,
3.  Never true",[CHILD INITIAL] works hard at school.,,4,"5, 6, 7, 8",False
Child,reportcard,child report card describe,"1.  Not well at all,
2.  Below average,
3.  Average,
4.  Above average,
5.  Very well,
6.  My child has never received a report card","Based on your knowledge of [CHILD INITIAL]'s most recent report card, how well...",,4,"5, 6, 7, 8",False
Child,oldest_child_age,processing variable - age of oldest child,,Variable created in processing,,3,"2, 3, 4",False
Child,youngest_child_age,processing variable - age of youngest child,,Variable created in processing,,15,"2, 3, 4, 5, 6, 7, 8, 9, 10, 11, 12, 13, 14, 15, 16, 17",False
Child,cbcl_age,child behavior checklist - age of child,,Variable created in processing,,6,"2, 3, 4, 5, 6, 7",False
Child,cbcl_gender,child behavior checklist - gender of child,,Variable created in processing,,6,"2, 3, 4, 5, 6, 7",False
Child,kid_health_age,child module - pointer variable,,,,9,"5, 6, 7, 8, 9, 10, 11, 12, 13",False
Child,kid_health_gender,child module - pointer variable,"1. Male,
2. Female,
3. Other,
4. Prefer not to answer,
5. Transgender male,
6. Transgender female,
7. Non-binary,
8. Prefer to self-describe",,,9,"5, 6, 7, 8, 9, 10, 11, 12, 13",False
Child,kid_school_age,child module - pointer variable,,,,9,"5, 6, 7, 8, 9, 10, 11, 12, 13",False
Child,kid_school_gender,child module - pointer variable,"1. Male,
2. Female,
3. Other,
4. Prefer not to answer,
5. Transgender male,
6. Transgender female,
7. Non-binary,
8. Prefer to self-describe",,,9,"5, 6, 7, 8, 9, 10, 11, 12, 13",False
Child,child_gen1,child 1 gender,"-99. ,
1. Male,
2. Female",,,15,"2, 3, 4, 5, 6, 7, 8, 9, 10, 11, 12, 13, 14, 15, 16, 17",False
Child,child_age1,age of child 1,,,,15,"2, 3, 4, 5, 6, 7, 8, 9, 10, 11, 12, 13, 14, 15, 16, 17",False
Child,child_gen2,child 2 gender,"-99. ,
1. Male,
2. Female",,,15,"2, 3, 4, 5, 6, 7, 8, 9, 10, 11, 12, 13, 14, 15, 16, 17",False
Child,child_age2,age of child 2,,,,15,"2, 3, 4, 5, 6, 7, 8, 9, 10, 11, 12, 13, 14, 15, 16, 17",False
Child,child_gen3,child 3 gender,"-99. ,
1. Male,
2. Female",,,15,"2, 3, 4, 5, 6, 7, 8, 9, 10, 11, 12, 13, 14, 15, 16, 17",False
Child,child_age3,age of child 3,,,,15,"2, 3, 4, 5, 6, 7, 8, 9, 10, 11, 12, 13, 14, 15, 16, 17",False
Child,child_gen4,child 4 gender,"-99. ,
1. Male,
2. Female",,,15,"2, 3, 4, 5, 6, 7, 8, 9, 10, 11, 12, 13, 14, 15, 16, 17",False
Child,child_age4,child 4 age,,,,15,"2, 3, 4, 5, 6, 7, 8, 9, 10, 11, 12, 13, 14, 15, 16, 17",False
Child,child_gen5,child 5 gender,"-99. ,
1. Male,
2. Female",,,15,"2, 3, 4, 5, 6, 7, 8, 9, 10, 11, 12, 13, 14, 15, 16, 17",False
Child,child_age5,child 5 age,,,,15,"2, 3, 4, 5, 6, 7, 8, 9, 10, 11, 12, 13, 14, 15, 16, 17",False
Child,child_gen6,child 6 gender,"-99. ,
1. Male,
2. Female",,,15,"2, 3, 4, 5, 6, 7, 8, 9, 10, 11, 12, 13, 14, 15, 16, 17",False
Child,child_age6,child 6 age,,,,15,"2, 3, 4, 5, 6, 7, 8, 9, 10, 11, 12, 13, 14, 15, 16, 17",False
Child,child_gen7,chil 7 gender,"-99. ,
1. Male,
2. Female",,,15,"2, 3, 4, 5, 6, 7, 8, 9, 10, 11, 12, 13, 14, 15, 16, 17",False
Child,child_age7,child 7 age,,,,15,"2, 3, 4, 5, 6, 7, 8, 9, 10, 11, 12, 13, 14, 15, 16, 17",False
Child,child_gen8,child 8 gender,"-99. ,
1. Male,
2. Female",,,15,"2, 3, 4, 5, 6, 7, 8, 9, 10, 11, 12, 13, 14, 15, 16, 17",False
Child,child_age8,child 8 age,,,,15,"2, 3, 4, 5, 6, 7, 8, 9, 10, 11, 12, 13, 14, 15, 16, 17",False
Child,child_gen9,child 9 gender,"-99. ,
1. Male,
2. Female",,,15,"2, 3, 4, 5, 6, 7, 8, 9, 10, 11, 12, 13, 14, 15, 16, 17",False
Child,child_age9,child 9 age,,,,15,"2, 3, 4, 5, 6, 7, 8, 9, 10, 11, 12, 13, 14, 15, 16, 17",False
Child,child_gen10,child 10 gender,"-99. ,
1. Male,
2. Female",,,14,"2, 3, 5, 6, 7, 8, 9, 10, 11, 12, 13, 14, 15, 16, 17",False
Child,child_age10,child 10 age,,,,14,"2, 3, 5, 6, 7, 8, 9, 10, 11, 12, 13, 14, 15, 16, 17",False
Child,child_gen11,child 11 gender,"-99. ,
1. Male,
2. Female",,,13,"3, 5, 6, 7, 8, 9, 10, 11, 12, 13, 14, 15, 16, 17",False
Child,child_age11,child 11 age,,,,13,"3, 5, 6, 7, 8, 9, 10, 11, 12, 13, 14, 15, 16, 17",False
Child,child_gen12,child 12 gender,"-99. ,
1. Male,
2. Female",,,13,"3, 5, 6, 7, 8, 9, 10, 11, 12, 13, 14, 15, 16, 17",False
Child,child_age12,child 12 age,,,,13,"3, 5, 6, 7, 8, 9, 10, 11, 12, 13, 14, 15, 16, 17",False
Child,child_gen13,child 13 gender,"-99. ,
1. Male,
2. Female",,,13,"3, 5, 6, 7, 8, 9, 10, 11, 12, 13, 14, 15, 16, 17",False
Child,child_age13,child 13 age,,,,13,"3, 5, 6, 7, 8, 9, 10, 11, 12, 13, 14, 15, 16, 17",False
Child,child_gen14,child 14 gender,"-99. ,
1. Male,
2. Female",,,13,"3, 5, 6, 7, 8, 9, 10, 11, 12, 13, 14, 15, 16, 17",False
Child,child_age14,child 14 age,,,,13,"3, 5, 6, 7, 8, 9, 10, 11, 12, 13, 14, 15, 16, 17",False
Child,child_gen15,child 15 gender,"-99. ,
1. Male,
2. Female",,,12,"5, 6, 7, 8, 9, 10, 11, 12, 13, 14, 15, 16, 17",False
Child,child_age15,child 15 age,,,,12,"5, 6, 7, 8, 9, 10, 11, 12, 13, 14, 15, 16, 17",False
Child,child_gen16,child 16 gender,"-99. ,
1. Male,
2. Female",,,12,"5, 6, 7, 8, 9, 10, 11, 12, 13, 14, 15, 16, 17",False
Child,child_age16,child 16 age,,,,12,"5, 6, 7, 8, 9, 10, 11, 12, 13, 14, 15, 16, 17",False
Child,heldback0,held back - kindergarten,"0. No,
1. Yes",Which grade or grades did [CHILD] repeat? (Mark all that apply.),if held back,4,"5, 6, 7, 8",False
Child,heldback1,held back - 1st grade,"0. No,
1. Yes",Which grade or grades did [CHILD] repeat? (Mark all that apply.),if held back,4,"5, 6, 7, 8",False
Child,heldback2,held back - 2nd grade,"0. No,
1. Yes",Which grade or grades did [CHILD] repeat? (Mark all that apply.),if held back,4,"5, 6, 7, 8",False
Child,heldback3,held back - 3rd grade,"0. No,
1. Yes",Which grade or grades did [CHILD] repeat? (Mark all that apply.),if held back,4,"5, 6, 7, 8",False
Child,heldback4,held back - 4th grade,"0. No,
1. Yes",Which grade or grades did [CHILD] repeat? (Mark all that apply.),if held back,4,"5, 6, 7, 8",False
Child,heldback5,held back - 5th grade,"0. No,
1. Yes",Which grade or grades did [CHILD] repeat? (Mark all that apply.),if held back,4,"5, 6, 7, 8",False
Child,heldback6,held back - 6th grade,"0. No,
1. Yes",Which grade or grades did [CHILD] repeat? (Mark all that apply.),if held back,4,"5, 6, 7, 8",False
Child,heldback7,held back - 7th grade,"0. No,
1. Yes",Which grade or grades did [CHILD] repeat? (Mark all that apply.),if held back,4,"5, 6, 7, 8",False
Child,heldback8,held back - 8th grade,"0. No,
1. Yes",Which grade or grades did [CHILD] repeat? (Mark all that apply.),if held back,4,"5, 6, 7, 8",False
Child,heldback9,held back - 9th grade,"0. No,
1. Yes",Which grade or grades did [CHILD] repeat? (Mark all that apply.),if held back,4,"5, 6, 7, 8",False
Child,heldback10,held back - 10th grade,"0. No,
1. Yes",Which grade or grades did [CHILD] repeat? (Mark all that apply.),if held back,4,"5, 6, 7, 8",False
Child,heldback11,held back - 11th grade,"0. No,
1. Yes",Which grade or grades did [CHILD] repeat? (Mark all that apply.),if held back,4,"5, 6, 7, 8",False
Child,heldback12,held back - 12th grade,"0. No,
1. Yes",Which grade or grades did [CHILD] repeat? (Mark all that apply.),if held back,4,"5, 6, 7, 8",False
Child,emb_kids14,has children 14 or under,,System variable - Has children 14 or under,,5,"12, 13, 14, 15, 16, 17",False
Child,kids0to17_dependents,are your children under 18 tax dependents?,"1. I claim all of these children as dependents,
2. I claim some of these children as dependents,
3. I do not claim any of these children as dependents","Thinking of all of your children between 0 and 17 years of age, do you claim these children as dependents when you file your taxes?",,2,"11, 12",False
Child,numkidslive0to14,"num children live with, age under 15","-99. ,
1.  I live with all of these children,
2.  I live with some of these children,
3.  I do not live with any of these children","Thinking of your children between 0 and 14 years of age: Do you live with all, some, or none of these children?",,15,"2, 3, 4, 5, 6, 7, 8, 9, 10, 11, 12, 13, 14, 15, 16, 17",False
Child,numkids,number of kids,,,if parent,16,"1, 2, 3, 4, 5, 6, 7, 8, 9, 10, 11, 12, 13, 14, 15, 16, 17",False
Child,kid_flag,indicates same reference child for health and school questions,,processed indicator variable,,4,"5, 6, 7, 8",False
Child,kidslive0to14_harm,lives with any of kids age 0-14,,processed indicator variable,if parent,16,"1, 2, 3, 4, 5, 6, 7, 8, 9, 10, 11, 12, 13, 14, 15, 16, 17",False
Work Relationships,superfair,supervisor treats fairly,"-99. ,
1.  Always true,
2.  Often true,
3.  Sometimes true,
4.  Never true","At [EMPLOYER NAME], my immediate supervisor treats me fairly",,7,"2, 3, 4, 5, 6, 7, 8, 2, 3, 4, 5, 6, 7, 8",False
Work Relationships,supergender,supervisor gender,"-99. ,
1.  Male,
2.  Female,
3.  I do not have an immediate supervisor or do not have just one immediate supervisor,
4. Other",Is your immediate supervisor at [EMPLOYER NAME] male or female?,,7,"2, 3, 4, 5, 6, 7, 8, 2, 3, 4, 5, 6, 7, 8",False
Work Relationships,superwhite,supervisor race/ethnicity - white,"-99. ,
0. No,
1. Yes",How would you describe the race/ethnicity of your immediate supervisor at [EMPLOYER NAME]? Please check all that apply.,if has an immediate supervisor,7,"2, 3, 4, 5, 6, 7, 8, 2, 3, 4, 5, 6, 7, 8",False
Work Relationships,superhisp,supervisor race/ethnicity - hispanic,"-99. ,
0. No,
1. Yes",How would you describe the race/ethnicity of your immediate supervisor at [EMPLOYER NAME]? Please check all that apply.,if has an immediate supervisor,7,"2, 3, 4, 5, 6, 7, 8, 2, 3, 4, 5, 6, 7, 8",False
Work Relationships,superblack,supervisor race/ethnicity - black,"-99. ,
0. No,
1. Yes",How would you describe the race/ethnicity of your immediate supervisor at [EMPLOYER NAME]? Please check all that apply.,if has an immediate supervisor,7,"2, 3, 4, 5, 6, 7, 8, 2, 3, 4, 5, 6, 7, 8",False
Work Relationships,superapi,supervisor race/ethnicity - asian pacific islander,"-99. ,
0. No,
1. Yes",How would you describe the race/ethnicity of your immediate supervisor at [EMPLOYER NAME]? Please check all that apply.,if has an immediate supervisor,7,"2, 3, 4, 5, 6, 7, 8, 2, 3, 4, 5, 6, 7, 8",False
Work Relationships,superaian,supervisor race/ethnicity - american indian or alaskan native,"-99. ,
0. No,
1. Yes",How would you describe the race/ethnicity of your immediate supervisor at [EMPLOYER NAME]? Please check all that apply.,if has an immediate supervisor,7,"2, 3, 4, 5, 6, 7, 8, 2, 3, 4, 5, 6, 7, 8",False
Work Relationships,superoth,supervisor race/ethnicity - other,"0. No,
1. Yes",How would you describe the race/ethnicity of your immediate supervisor at [EMPLOYER NAME]? Please check all that apply.,if has an immediate supervisor,7,"2, 3, 4, 5, 6, 7, 8, 2, 3, 4, 5, 6, 7, 8",False
Work Relationships,union_vote,would vote for union,"1. I would vote for the union,
2. I would vote against the union,
4. Don't know/not sure","If an election were held today to decide whether employees like you should be represented by a union, would you vote for the union or against the union?",If not in labor union,6,"12, 13, 14, 15, 16, 17",False
Work Relationships,personaltalk,number of coworkers talked to about personal life,,"In the last two weeks, how many co-workers at your workplace did you talk to about anything related to your personal life?",,2,"4, 7",False
Work Relationships,personalhelp,number of coworkers could ask for help,,"If you needed help with something personal outside of work, how many co-workers at your workplace could you ask for help? (You can count the same person or persons as in the previous question.)",,2,"4, 7",False
Work Relationships,workhelp,number of coworkers trust to help with serious problem,,"If you had a serious problem at work, how many co-workers could you trust to help you? (You can count the same person or persons as in the previous questions)",,2,"4, 7",False
Work Relationships,numberemployees,number of employees,,About how many employees does your store have?,,3,"4, 7, 10",False
Work Relationships,workunhappy_diffjob,frequent bad event at work - likelihood of looking for new job,,"If something happened frequently at your job that made you unhappy, how likely would you be to take the following actions? Respond using the scale below from 0 to 100.",,1,4,False
Work Relationships,workunhappy_complaint,frequent bad event at work - likelihood of filing complaint with employer,,"If something happened frequently at your job that made you unhappy, how likely would you be to take the following actions? Respond using the scale below from 0 to 100.",,1,4,False
Work Relationships,workunhappy_solution,frequent bad event at work - likelihood of resolving with coworker(s),,"If something happened frequently at your job that made you unhappy, how likely would you be to take the following actions? Respond using the scale below from 0 to 100.",,1,4,False
Work Relationships,harassment_yes,experienced workplace sexual harassment - at current employer,"0. No,
1. Yes","Have you ever experienced workplace sexual harassment that created an uncomfortable or hostile work environment? This could include unwanted words, signs, jokes, pranks, intimidation, or physical violence. MARK ALL THAT APPLY.",,1,4,False
Work Relationships,harassment_dkrefuse,experienced workplace sexual harassment - don't know/refuse,"0. No,
1. Yes","Have you ever experienced workplace sexual harassment that created an uncomfortable or hostile work environment? This could include unwanted words, signs, jokes, pranks, intimidation, or physical violence. MARK ALL THAT APPLY.",,1,4,False
Work Relationships,harassment_otheremp,experienced workplace sexual harassment - at another employer,"0. No,
1. Yes","Have you ever experienced workplace sexual harassment that created an uncomfortable or hostile work environment? This could include unwanted words, signs, jokes, pranks, intimidation, or physical violence. MARK ALL THAT APPLY.",,1,4,False
Work Relationships,harassment_no,experienced workplace sexual harassment - no,"0. No,
1. Yes","Have you ever experienced workplace sexual harassment that created an uncomfortable or hostile work environment? This could include unwanted words, signs, jokes, pranks, intimidation, or physical violence. MARK ALL THAT APPLY.",,1,4,False
Work Relationships,benefitsforsex_yes,offered job benefits for sexual favors - at current employer,"0. No,
1. Yes","Have you personally experienced someone in a position of authority at your workplace trying to trade job benefits for sexual favors? Benefits might include being hired, promoted, or maintaining employment. MARK ALL THAT APPLY.",,1,4,False
Work Relationships,benefitsforsex_dkrefuse,offered job benefits for sexual favors - don't know/refuse,"0. No,
1. Yes","Have you personally experienced someone in a position of authority at your workplace trying to trade job benefits for sexual favors? Benefits might include being hired, promoted, or maintaining employment. MARK ALL THAT APPLY.",,1,4,False
Work Relationships,benefitsforsex_otheremp,offered job benefits for sexual favors - at another employer,"0. No,
1. Yes","Have you personally experienced someone in a position of authority at your workplace trying to trade job benefits for sexual favors? Benefits might include being hired, promoted, or maintaining employment. MARK ALL THAT APPLY.",,1,4,False
Work Relationships,benefitsforsex_no,offered job benefits for sexual favors - no,"0. No,
1. Yes","Have you personally experienced someone in a position of authority at your workplace trying to trade job benefits for sexual favors? Benefits might include being hired, promoted, or maintaining employment. MARK ALL THAT APPLY.",,1,4,False
Work Relationships,customer,interacts with customers face to face,"1.  Always,
2.  Often,
3.  Sometimes,
4.  Rarely,
5.  Never,
6.  Don't know/refuse","As part of your job at [EMPLOYER NAME], how often do you interact with customers or clients face-to-face?",,3,"6, 7, 8",False
Work Relationships,heard_starbucks_union,heard about Starbucks workers' union efforts,"1. A lot,
4. A little,
5. Nothing at all,
6. Not sure","Over the past year, workers at over 250 Starbucks across the country have voted to form a union. How much, if anything, have you heard or read about that?",if employed,1,14,False
Work Relationships,super_gender,supervisor gender,"1. Man,
4. Woman,
5. Non-binary,
6. I do not have an immediate supervisor or do not have just one immediate supervisor,
7. Other",What is the gender of your imemdiate supervisor at [EMPLOYER NAME]?,if employed,4,"14, 15, 16, 17",False
Work Relationships,super_white,supervisor race/ethnicity - white,"0. No,
1. Yes",How would you describe the race/ethnicity of your immediate supervisor at [EMPLOYER NAME]? Mark all that apply.,if employed AND if has an immediate supervisor or more than one,4,"14, 15, 16, 17",False
Work Relationships,super_hisp,supervisor race/ethnicity - hispanic,"0. No,
1. Yes",How would you describe the race/ethnicity of your immediate supervisor at [EMPLOYER NAME]? Mark all that apply.,if employed AND if has an immediate supervisor or more than one,4,"14, 15, 16, 17",False
Work Relationships,super_black,supervisor race/ethnicity - black,"0. No,
1. Yes",How would you describe the race/ethnicity of your immediate supervisor at [EMPLOYER NAME]? Mark all that apply.,if employed AND if has an immediate supervisor or more than one,4,"14, 15, 16, 17",False
Work Relationships,super_api,supervisor race/ethnicity - asian pacific islander,"0. No,
1. Yes",How would you describe the race/ethnicity of your immediate supervisor at [EMPLOYER NAME]? Mark all that apply.,if employed AND if has an immediate supervisor or more than one,4,"14, 15, 16, 17",False
Work Relationships,super_aian,supervisor race/ethnicity - american indian or alaskan native,"0. No,
1. Yes",How would you describe the race/ethnicity of your immediate supervisor at [EMPLOYER NAME]? Mark all that apply.,if employed AND if has an immediate supervisor or more than one,4,"14, 15, 16, 17",False
Work Relationships,super_other,supervisor race/ethnicity - other,"0. No,
1. Yes",How would you describe the race/ethnicity of your immediate supervisor at [EMPLOYER NAME]? Mark all that apply.,if employed AND if has an immediate supervisor or more than one,4,"14, 15, 16, 17",False
Work Relationships,super_other_text,"supervisor race/ethnicity - other, text",,How would you describe the race/ethnicity of your immediate supervisor at [EMPLOYER NAME]? Mark all that apply.,if employed AND if has an immediate supervisor or more than one,4,"14, 15, 16, 17",False
Work Relationships,workplace_pct_women,estimated share of workplace that're women,,"In your personal experience at your [EMPLOYER NAME] workplace, about what percent of the people who work there are women?",if employed,4,"14, 15, 16, 17",False
Work Relationships,workplace_pct_white,estimated share of workplace that're white,,"In your personal experience at your [EMPLOYER NAME] workplace, about what percent of the people who work there are white?",if employed,4,"14, 15, 16, 17",False
Work Relationships,workplace_pct_hisp,estimated share of workplace that're hispanic,,"In your personal experience at your [EMPLOYER NAME] workplace, about what percent of the people who work there are Hispanic or Latino/Latina?",if employed,4,"14, 15, 16, 17",False
Work Relationships,workplace_pct_black,estimated share of workplace that're black,,"In your personal experience at your [EMPLOYER NAME] workplace, about what percent of the people who work there are Black or African American?",if employed,4,"14, 15, 16, 17",False
Work Relationships,workplace_pct_api,estimated share of workplace that're asian,,"In your personal experience at your [EMPLOYER NAME] workplace, about what percent of the people who work there are Asian or Pacific Islander?",if employed,4,"14, 15, 16, 17",False
Bullying,bullyfreq_supervisor_harm,freq bullied  - by supervisor (harm),"1. Never,
2. Rarely,
3. Sometimes,
4. Often,
5. Always,
6. Not applicable",How often are you bullied by your supervisor? (Harmonized),,5,"11, 14, 15, 16, 17",False
Bullying,bullyfreq_coworkers_harm,freq bullied  - by coworkers (harm),"1. Never,
2. Rarely,
3. Sometimes,
4. Often,
5. Always,
6. Not applicable",How often are you bullied by your coworkers? (Harmonized),,5,"11, 14, 15, 16, 17",False
Bullying,bullyfreq_customers_harm,freq bullied  - by customers (harm),"1. Never,
2. Rarely,
3. Sometimes,
4. Often,
5. Always,
6. Not applicable",How often are you bullied by your customers? (Harmonized) (Harmonized),,5,"11, 14, 15, 16, 17",False
Bullying,exp_cust_yelled,experienced customer bullying - raised voice or yelled,"0. No,
1. Yes",Please tell us if you have experienced any of the following in the past 12 months at your job at [EMPLOYER NAME]. Mark all that apply. - Selected choice - A customer has raised their voice or yelled at me,If working at [EMPLOYER NAME] for at least 1 year,1,17,False
Bullying,exp_cust_swear,experienced customer bullying - sworn or verbally abused,"0. No,
1. Yes",Please tell us if you have experienced any of the following in the past 12 months at your job at [EMPLOYER NAME]. Mark all that apply. - Selected choice - A customer has sworn at or verbally abused me,If working at [EMPLOYER NAME] for at least 1 year,1,17,False
Bullying,exp_cust_threat,experienced customer bullying - threatened,"0. No,
1. Yes",Please tell us if you have experienced any of the following in the past 12 months at your job at [EMPLOYER NAME]. Mark all that apply. - Selected choice - A customer has threatened me,If working at [EMPLOYER NAME] for at least 1 year,1,17,False
Bullying,exp_cust_thrown,experienced customer bullying - thrown things or made a mess,"0. No,
1. Yes",Please tell us if you have experienced any of the following in the past 12 months at your job at [EMPLOYER NAME]. Mark all that apply. - Selected choice - A customer has thrown things or intentionally made a mess to express anger at me,If working at [EMPLOYER NAME] for at least 1 year,1,17,False
Bullying,exp_store_security,experienced customer bullying - had to involve security/police,"0. No,
1. Yes",Please tell us if you have experienced any of the following in the past 12 months at your job at [EMPLOYER NAME]. Mark all that apply. - Selected choice - You have had to involve store security or call the police on a customer,If working at [EMPLOYER NAME] for at least 1 year,1,17,False
Bullying,exp_cust_sexual_harras,experienced customer bullying - sexually harassed,"0. No,
1. Yes",Please tell us if you have experienced any of the following in the past 12 months at your job at [EMPLOYER NAME]. Mark all that apply. - Selected choice - A customer has sexually harassed me,If working at [EMPLOYER NAME] for at least 1 year,1,17,False
Bullying,exp_cust_tried_hit,experienced customer bullying - tried to hit with hands/object/weapon,"0. No,
1. Yes","Please tell us if you have experienced any of the following in the past 12 months at your job at [EMPLOYER NAME]. Mark all that apply. - Selected choice - A customer has tried to hit me with their hands, an object, or a weapon",If working at [EMPLOYER NAME] for at least 1 year,1,17,False
Bullying,exp_cust_actually_hit,experienced customer bullying - actually hit with hands/object/weapon,"0. No,
1. Yes","Please tell us if you have experienced any of the following in the past 12 months at your job at [EMPLOYER NAME]. Mark all that apply. - Selected choice - A customer has actually hit me with their hands, an object, or a weapon",If working at [EMPLOYER NAME] for at least 1 year,1,17,False
Bullying,exp_cust_injured,experienced customer bullying - injured,"0. No,
1. Yes",Please tell us if you have experienced any of the following in the past 12 months at your job at [EMPLOYER NAME]. Mark all that apply. - Selected choice - A customer has injured me,If working at [EMPLOYER NAME] for at least 1 year,1,17,False
Bullying,exp_none,experienced customer bullying - none,"0. No,
1. Yes",Please tell us if you have experienced any of the following in the past 12 months at your job at [EMPLOYER NAME]. Mark all that apply. - Selected choice - None of these,If working at [EMPLOYER NAME] for at least 1 year,1,17,False
Bullying,respectfreq_coworkers_harm,freq feel respected  - by coworkers (harm),"1. Never,
2. Rarely,
3. Sometimes,
4. Often,
5. Always,
6. Not applicable",How often do you feel respected by your supervisor? (Harmonized),,5,"11, 14, 15, 16, 17",False
Bullying,respectfreq_customers_harm,freq feel respected - by customers (harm),"1. Never,
2. Rarely,
3. Sometimes,
4. Often,
5. Always,
6. Not applicable",How often do you feel respected by your coworkers? (Harmonized),,5,"11, 14, 15, 16, 17",False
Bullying,respectfreq_supervisor_harm,freq feel respected - by supervisor (harm),"1. Never,
2. Rarely,
3. Sometimes,
4. Often,
5. Always,
6. Not applicable",How often do you feel respected by your customers? (Harmonized),,5,"11, 14, 15, 16, 17",False
Bullying,job_autonomy_harm,I decide how I get job done (harm),"1. Strongly agree,
2. Agree,
3. Neither agree nor disagree,
4. Disagree,
5. Strongly disagree","How much do you agree with the following statement: AT EMPLOYER, I Am allowed to decide how to go about getting my job done.  (Harmonized)",,5,"11, 14, 15, 16, 17",False
Bullying,job_responsibilities_harm,I decide daily responsibilities (harm),"1. Strongly agree,
2. Agree,
3. Neither agree nor disagree,
4. Disagree,
5. Strongly disagree","How much do you agree with the following statement: At EMPLOYER, I often have a good understanding of what my tasks and responsibilities are. (Harmonized)",,5,"11, 14, 15, 16, 17",False
Bullying,resolveprob_city_cnty_govt,resolve problem - file complaint with city or county regulator,"0. No,
1. Yes","If you had a serious problem at {Employer name}, what would you do to resolve this issue? Mark all that apply - Selected choice - File a complaint with a City or County Labor Regulator such as an Office of Labor Standards",,2,"16, 17",False
Bullying,resolveprob_state_govt,resolve problem - file complaint with state regulator,"0. No,
1. Yes","If you had a serious problem at {Employer name}, what would you do to resolve this issue? Mark all that apply - Selected choice - File a complaint with a State Labor Regulator",,2,"16, 17",False
Bullying,resolveprob_fed_govt,resolve problem - file complaint with federal labor regulator,"0. No,
1. Yes","If you had a serious problem at {Employer name}, what would you do to resolve this issue? Mark all that apply - Selected choice - File a complaint with a Federal Labor Regulator such as OSHA or the Department of Labor",,2,"16, 17",False
Bullying,resolveprob_other,resolve problem - other,"0. No,
1. Yes","If you had a serious problem at {Employer name}, what would you do to resolve this issue? Mark all that apply - Selected choice - Other (specify):",,2,"16, 17",False
Bullying,resolveprob_other_text,resolve problem - other (text),,"If you had a serious problem at {Employer name}, what would you do to resolve this issue? Mark all that apply - Selected choice - Other (text)",,2,"16, 17",False
Bullying,resolveprob_coworkers_harm,how resolved issue? - talk to coworkers (harm),"0. No,
1. Yes","If you had a serious problem at [EMPLOYERNAME], what would you do to resolve this issue? - Discuss with coworkers. (Harmonized)",,4,"11, 14, 16, 17",False
Bullying,resolveprob_supervisor_harm,how resolved issue? - talk to supervisor (harm),"0. No,
1. Yes","If you had a serious problem at [EMPLOYERNAME], what would you do to resolve this issue? -Discuss with supervisor. (Harmonized)",,4,"11, 14, 16, 17",False
Bullying,resolveprob_management_harm,how resolved issue? - talk to management (harm),"0. No,
1. Yes","If you had a serious problem at [EMPLOYERNAME], what would you do to resolve this issue? - Talk to higher-up management. (Harmonized)",,4,"11, 14, 16, 17",False
Bullying,resolveprob_grievance_harm,how resolved issue? - use company grievance procedure (harm),"0. No,
1. Yes","If you had a serious problem at [EMPLOYERNAME], what would you do to resolve this issue? - use a company grievance prodecure. (Harmonized)",,4,"11, 14, 16, 17",False
Bullying,resolveprob_union_harm,how resolved issue? - talk to union rep (harm),"0. No,
1. Yes","If you had a serious problem at [EMPLOYERNAME], what would you do to resolve this issue? - speak to a union rep. (Harmonized)",,4,"11, 14, 16, 17",False
Bullying,resolveprob_HR_harm,how resolved issue? - talk HR (harm),"0. No,
1. Yes","If you had a serious problem at [EMPLOYERNAME], what would you do to resolve this issue? - Speak to HR (Human Resources). (Harmonized)",,4,"11, 14, 16, 17",False
Bullying,resolveprob_quit_harm,how resolved issue? - quit (harm),"0. No,
1. Yes","If you had a serious problem at [EMPLOYERNAME], what would you do to resolve this issue? - Quit. (Harmonized)",,4,"11, 14, 16, 17",False
Bullying,resolveprob_nonprof_harm,how resolved issue? - talk to non-profit agency (harm),"0. No,
1. Yes","If you had a serious problem at [EMPLOYERNAME], what would you do to resolve this issue? - Talk to someone at a nonprofit/advocacy organization. (Harmonized)",,4,"11, 14, 16, 17",False
Bullying,resolveprob_workercenter_harm,how resolved issue? - talk to worker center (harm),"0. No,
1. Yes","If you had a serious problem at [EMPLOYERNAME], what would you do to resolve this issue? - Talk to someone at a worker center. (Harmonized)",,2,"11, 14",False
Bullying,resolveprob_govt_harm,how resolved issue? - file complaint to gov agency (harm),"0. No,
1. Yes","If you had a serious problem at [EMPLOYERNAME], what would you do to resolve this issue? - file a complaint with the city or state department of labor/labor regulator. (Harmonized)",,2,"11, 14",False
Bullying,resolveprob_idk_harm,how resolved issue? - not comfortable raising issue (harm),"0. No,
1. Yes","If you had a serious problem at [EMPLOYERNAME], what would you do to resolve this issue? - I would not know what to do. (Harmonized)",,2,"11, 14",False
Bullying,resolveprob_nothing_harm,how resolved issue? - not know what to do (harm),"0. No,
1. Yes","If you had a serious problem at [EMPLOYERNAME], what would you do to resolve this issue? - I would do nothing. (Harmonized)",,2,"11, 14",False
Bullying,resolveprob_uncomfortable_harm,how resolved issue? - would do nothing  (harm),"0. No,
1. Yes","If you had a serious problem at [EMPLOYERNAME], what would you do to resolve this issue? - I would not feel comfortable raising issues at work.",,2,"11, 14",False
Bullying,super_treats_fairly,treated fairly by immediate supervisor,"1. Strongly agree,
4. Agree,
5. Disagree,
6. Strongly disagree","At [EMPLOYER NAME], my immediate supervisor treats me fairly.",if employed,4,"14, 15, 16, 17",False
Bullying,super_cares_opinion,feelings about supervisor - cares about my opinions,"1. Strongly agree,
2. Agree,
4. Disagree,
5. Strongly disagree",Below is a series of statements that represent possible feelings you might have about your supervisor. Please indicate the degree to which you agree or disagree with each statement: My supervisor cares about my opinions,if employed,1,17,False
Bullying,super_cares_wellbeing,feelings about supervisor - cares about my well-being,"1. Strongly agree,
2. Agree,
4. Disagree,
5. Strongly disagree",Below is a series of statements that represent possible feelings you might have about your supervisor. Please indicate the degree to which you agree or disagree with each statement: My supervisor really cares about my well-being,if employed,1,17,False
Bullying,super_cares_goals,feelings about supervisor - cares about my goals,"1. Strongly agree,
2. Agree,
4. Disagree,
5. Strongly disagree",Below is a series of statements that represent possible feelings you might have about your supervisor. Please indicate the degree to which you agree or disagree with each statement: My supervisor really cares about my goals and wants to help me achieve them,if employed,1,17,False
Bullying,super_helps_prob,feelings about supervisor - will help when there's a problem,"1. Strongly agree,
2. Agree,
4. Disagree,
5. Strongly disagree",Below is a series of statements that represent possible feelings you might have about your supervisor. Please indicate the degree to which you agree or disagree with each statement: Help is available from my supervisor when I have a problem,if employed,1,17,False
Bullying,super_forgives_mistake,feelings about supervisor - would forgive honest mistake,"1. Strongly agree,
2. Agree,
4. Disagree,
5. Strongly disagree",Below is a series of statements that represent possible feelings you might have about your supervisor. Please indicate the degree to which you agree or disagree with each statement: My supervisor would forgive an honest mistake on my part,if employed,1,17,False
Bullying,super_provides_opportunity,feelings about supervisor - provides opportunities for growth,"1. Strongly agree,
2. Agree,
4. Disagree,
5. Strongly disagree",Below is a series of statements that represent possible feelings you might have about your supervisor. Please indicate the degree to which you agree or disagree with each statement: My supervisor provides opportunities for growth and development at work,if employed,1,17,False
Bullying,super_supportive,feelings about supervisor - supportive when giving feedback,"1. Strongly agree,
2. Agree,
4. Disagree,
5. Strongly disagree",Below is a series of statements that represent possible feelings you might have about your supervisor. Please indicate the degree to which you agree or disagree with each statement: My supervisor is supportive when giving me feedback about my job performance,if employed,1,17,False
Bullying,coworkers_unity,feelings about coworkers - sense of unity,"1. Strongly agree,
2. Agree,
4. Disagree,
5. Strongly disagree",Please indicate how much you agree or disagree with the following statements about your coworkers: There is a sense of unity and solidarity among my coworkers,if employed,1,17,False
Bullying,coworkers_mistake,feelings about coworkers - hold mistakes against me,"1. Strongly agree,
2. Agree,
4. Disagree,
5. Strongly disagree","Please indicate how much you agree or disagree with the following statements about your coworkers: If I make a mistake, my coworkers often hold it against me",if employed,1,17,False
Bullying,coworkers_reject_others,feelings about coworkers - reject others for being different,"1. Strongly agree,
2. Agree,
4. Disagree,
5. Strongly disagree",Please indicate how much you agree or disagree with the following statements about your coworkers: My coworkers sometimes reject others for being different,if employed,1,17,False
Bullying,coworkers_ask_help,feelings about coworkers - difficult to ask them for help,"1. Strongly agree,
2. Agree,
4. Disagree,
5. Strongly disagree",Please indicate how much you agree or disagree with the following statements about your coworkers: It is difficult to ask my coworkers for help,if employed,1,17,False
Bullying,know_expectations,knows what expectations at work are,"1. Strongly agree,
2. Agree,
4. Disagree,
5. Strongly disagree",The following questions ask about your experiences at your current job. Please answer each question by selecting the response option that most closely matches your opinion: I often have a good understanding of what my tasks and responsibilities are,if employed,1,17,False
Bullying,treated_unfair_race,feels treated unfairly by coworkers or superviser due to race,"1. Never,
2. Rarely,
3. Sometimes,
4. Often,
5. Always","Thinking about your job at ${e://Field/EMPLOYERNAME}, how often do you feel that you are treated badly or unfairly by your coworkers or your supervisors because of your: Race/ethnicity",if employed,1,17,False
Bullying,treated_unfair_gender,feels treated unfairly by coworkers or superviser due to gender,"1. Never,
2. Rarely,
3. Sometimes,
4. Often,
5. Always","Thinking about your job at ${e://Field/EMPLOYERNAME}, how often do you feel that you are treated badly or unfairly by your coworkers or your supervisors because of your: Gender",if employed,1,17,False
Bullying,treated_unfair_age,feels treated unfairly by coworkers or superviser due to age,"1. Never,
2. Rarely,
3. Sometimes,
4. Often,
5. Always","Thinking about your job at ${e://Field/EMPLOYERNAME}, how often do you feel that you are treated badly or unfairly by your coworkers or your supervisors because of your: Age",if employed,1,17,False
Bullying,treated_unfair_sex_orient,feels treated unfairly by coworkers or superviser due to sexual orientation,"1. Never,
2. Rarely,
3. Sometimes,
4. Often,
5. Always","Thinking about your job at ${e://Field/EMPLOYERNAME}, how often do you feel that you are treated badly or unfairly by your coworkers or your supervisors because of your: Sexual orientation",if employed,1,17,False
Bullying,treated_unfair_disability,feels treated unfairly by coworkers or superviser due to disability,"1. Never,
2. Rarely,
3. Sometimes,
4. Often,
5. Always","Thinking about your job at ${e://Field/EMPLOYERNAME}, how often do you feel that you are treated badly or unfairly by your coworkers or your supervisors because of your: Disability (if any)",if employed,1,17,False
Bullying,treated_unfair_incarcerated,feels treated unfairly by coworkers or superviser due to former incarceration,"1. Never,
2. Rarely,
3. Sometimes,
4. Often,
5. Always","Thinking about your job at ${e://Field/EMPLOYERNAME}, how often do you feel that you are treated badly or unfairly by your coworkers or your supervisors because of your: Former incarceration (juvenile or adult)","If in jail, prison, residential facility, group home, juvenile detention center, other court-ordered placement before 18th birthday",1,17,False
Bullying,treated_unfair_cws,feels treated unfairly by coworkers or superviser due to child welfare system involvement,"1. Never,
2. Rarely,
3. Sometimes,
4. Often,
5. Always","Thinking about your job at ${e://Field/EMPLOYERNAME}, how often do you feel that you are treated badly or unfairly by your coworkers or your supervisors because of your: Race/ethnicity",If in foster care (under the legal responsibility of the child welfare agency) before 18th birthday,1,17,False
Bullying,phys_safe_home,feeling physically safe - at home,"1. Strongly agree,
2. Agree,
4. Disagree,
5. Strongly disagree",Please indicate how much you agree or disagree with the following statements. I feel physically safe in my home.,if employed,1,17,False
Bullying,phys_safe_neighborhood,feeling physically safe - in neighborhood,"1. Strongly agree,
2. Agree,
4. Disagree,
5. Strongly disagree",Please indicate how much you agree or disagree with the following statements. I feel physically safe in my neighborhood.,if employed,1,17,False
Bullying,phys_safe_commute,feeling physically safe - on commute,"1. Strongly agree,
2. Agree,
4. Disagree,
5. Strongly disagree",Please indicate how much you agree or disagree with the following statements. I feel physically safe on my commute to work.,if employed,1,17,False
Bullying,phys_safe_workplace,feeling physically safe - in workplace,"1. Strongly agree,
2. Agree,
4. Disagree,
5. Strongly disagree",Please indicate how much you agree or disagree with the following statements. I feel physically safe in my workplace.,if employed,1,17,False
Worker Voice,worker_voice_improve_cond,extent worker suggests improvements to working conditions,"1. Never,
2. Rarely,
3. Sometimes,
4. Often,
5. Always","At [EMPLOYER NAME], how often do each of the following occur?... I give suggestions about improving working conditions for me and my coworkers",,1,15,False
Worker Voice,worker_voice_improve_perf,extent worker suggests improvements to workplace's performance,"1. Never,
2. Rarely,
3. Sometimes,
4. Often,
5. Always","At [EMPLOYER NAME], how often do each of the following occur?... I give suggestions about improving my workplace’s performance",,1,15,False
Worker Voice,worker_voice_concern_res,extent worker knows who to take an issue at work to,"1. Never,
2. Rarely,
3. Sometimes,
4. Often,
5. Always","At [EMPLOYER NAME], how often do each of the following occur?... When I have an issue or concern at work, I know who to talk to about it",,1,15,False
Worker Voice,worker_voice_make_sugg,extent worker feels they can make suggestions without retaliation,"1. Never,
2. Rarely,
3. Sometimes,
4. Often,
5. Always","At [EMPLOYER NAME], how often do each of the following occur?... I can voice concerns or make suggestions at work without getting into trouble",,1,15,False
Worker Voice,worker_voice_sup_takes_sugg,extent worker feels management considers their suggestions,"1. Never,
2. Rarely,
3. Sometimes,
4. Often,
5. Always","At [EMPLOYER NAME], how often do each of the following occur?... Supervisors and leadership take my concerns and suggestions seriously",,1,15,False
Worker Voice,influence_new_tech,worker influence over introduction of new tech,"1. None,
4. Very little,
5. A little,
6. A moderate amount,
7. A lot",How much say or influence do you have now over the introduction of new technologies at work that might affect your job?,,1,17,False
Worker Voice,should_influence_new_tech,how much influence workers should have over introduction of new tech,"1. None,
4. Very little,
5. A little,
6. A moderate amount,
7. A lot",How much say or influence do you think you should have over the introduction of new technologies at work that might affect your job?,,1,17,False
Worker Voice,signif_tech_changes,significant changes in use of tech in workplace in past 12 months,"1. Yes,
4. No,
5. Donâ€™t know/Not sure",Have there been any significant changes in the use of technology at your [EMPLOYER NAME] workplace in the last 12 months?,,1,17,False
Worker Voice,tech_change_notice,advance notice of significant change in use of tech in workplace,"1. No advance notice,
4. Less than 1 month,
5. 1-3 months,
6. 3-6 months,
7. 6-12 months,
8. 1 year or more",How far in advance of this change were you told that it was going to happen?,,1,17,False
Worker Voice,tech_change_information,amount of information from employer about newly introduced tech,"1. None,
4. Very little,
5. A little,
6. A moderate amount,
7. A lot","How much information have you received from [EMPLOYER NAME] about the purpose, functioning, and/or operation of this newly introduced technology?",,1,17,False
Punitive Time Attendance,report_flexible_time,"difficulty of reporting being late, leaving early, or taking time off","1. Very difficult,
4. Somewhat difficult,
5. Not at all difficult,
6. Don't know/refuse","At your job at [EMPLOYER NAME], how difficult is it to report being late, leaving early, or taking time off?",,1,15,False
Punitive Time Attendance,system_time_points,indicator for workplace time-schedule point system,"0. No,
1. Yes,
2. No,
3. Don't know/refuse","At your job at [EMPLOYER NAME], is there a policy, system, or bank where employees lose or earn points, occurrences, demerits, or disciplinary charges for being late, leaving early, or taking time off?",,1,15,False
Punitive Time Attendance,any_lost_points_time,worker has lost/earned time points for schedule/time change in past 12 months,"0. No,
1. Yes,
2. No,
3. Don't know/refuse","In the past 12 months, have you lost or earned a point, occurrence, demerit, or disciplinary charge at work for being late, leaving early, or taking time off for any reason?",,1,15,False
Punitive Time Attendance,lost_pts_time_sick,worker lost/earned time points in past 12 months - personal health reasons,"0. No,
1. Yes","In the past 12 months, have you lost or earned a point, occurrence, demerit, or disciplinary charge at work for being late, leaving early for any of the following reasons? Mark all that apply.  - Selected Choice - I was sick or injured, including mental health needs",if workplace has time-schedule point system AND worker has lost/earned time points for schedule/time change in past 12 months,1,15,False
Punitive Time Attendance,lost_points_time_care,worker lost/earned time points in past 12 months - family health reasons,"0. No,
1. Yes","In the past 12 months, have you lost or earned a point, occurrence, demerit, or disciplinary charge at work for being late, leaving early for any of the following reasons? Mark all that apply.  - Selected Choice - I had to care for an ill family member or loved one",if workplace has time-schedule point system AND worker has lost/earned time points for schedule/time change in past 12 months,1,15,False
Punitive Time Attendance,lost_pts_time_med_appt,worker lost/earned time points in past 12 months - health appointment,"0. No,
1. Yes","In the past 12 months, have you lost or earned a point, occurrence, demerit, or disciplinary charge at work for being late, leaving early for any of the following reasons? Mark all that apply.  - Selected Choice - I attended a medical or mental health appointment for myself or a loved one",if workplace has time-schedule point system AND worker has lost/earned time points for schedule/time change in past 12 months,1,15,False
Punitive Time Attendance,lost_pts_time_school_meet,worker lost/earned time points in past 12 months -  child's school meeting,"0. No,
1. Yes","In the past 12 months, have you lost or earned a point, occurrence, demerit, or disciplinary charge at work for being late, leaving early for any of the following reasons? Mark all that apply.  - Selected Choice - I attended a meeting at my child’s school",if workplace has time-schedule point system AND worker has lost/earned time points for schedule/time change in past 12 months,1,15,False
Punitive Time Attendance,lost_pts_time_child_emerg,worker lost/earned time points in past 12 months - childcare emergency,"0. No,
1. Yes","In the past 12 months, have you lost or earned a point, occurrence, demerit, or disciplinary charge at work for being late, leaving early for any of the following reasons? Mark all that apply.  - Selected Choice - I had a childcare emergency/unexpected closure",if workplace has time-schedule point system AND worker has lost/earned time points for schedule/time change in past 12 months,1,15,False
Punitive Time Attendance,lost_pts_time_trans_delay,worker lost/earned time points in past 12 months - transportation delay,"0. No,
1. Yes","In the past 12 months, have you lost or earned a point, occurrence, demerit, or disciplinary charge at work for being late, leaving early for any of the following reasons? Mark all that apply.  - Selected Choice - I had a transportation delay (e.g. bus running late or car trouble)",if workplace has time-schedule point system AND worker has lost/earned time points for schedule/time change in past 12 months,1,15,False
Punitive Time Attendance,lost_pts_time_other,worker lost/earned time points in past 12 months - other reason,"0. No,
1. Yes","In the past 12 months, have you lost or earned a point, occurrence, demerit, or disciplinary charge at work for being late, leaving early for any of the following reasons? Mark all that apply.  - Selected Choice - Another reason (specify): [Text Box]",if workplace has time-schedule point system AND worker has lost/earned time points for schedule/time change in past 12 months,1,15,False
Punitive Time Attendance,lost_pts_time_none,worker lost/earned time points in past 12 months - none,"0. No,
1. Yes","In the past 12 months, have you lost or earned a point, occurrence, demerit, or disciplinary charge at work for being late, leaving early for any of the following reasons? Mark all that apply.  - Selected Choice - None of these",if workplace has time-schedule point system AND worker has lost/earned time points for schedule/time change in past 12 months,1,15,False
Punitive Time Attendance,lost_points_time_oth_text,worker lost/earned time points in past 12 months - text,,"In the past 12 months, have you lost or earned a point, occurrence, demerit, or disciplinary charge at work for being late, leaving early for any of the following reasons? Mark all that apply.  - Selected Choice - Text",if workplace has time-schedule point system AND worker has lost/earned time points for schedule/time change in past 12 months,1,15,False
Punitive Time Attendance,conseq_time_worse_sched,consequence in past 12 months for time points - worse schedule,"0. No,
1. Yes","In the past 12 months, have you experienced any of the following consequences due to having a certain number of time or attendance-based points, occurrences, demerits, or disciplinary charges on your record? Mark all that apply.  - Selected Choice - Got a worse schedule",if workplace has time-schedule point system AND worker has lost/earned time points for schedule/time change in past 12 months,1,15,False
Punitive Time Attendance,conseq_time_fewer_hours,consequence in past 12 months for time points - receive less hours,"0. No,
1. Yes","In the past 12 months, have you experienced any of the following consequences due to having a certain number of time or attendance-based points, occurrences, demerits, or disciplinary charges on your record? Mark all that apply.  - Selected Choice - Scheduled for fewer hours",if workplace has time-schedule point system AND worker has lost/earned time points for schedule/time change in past 12 months,1,15,False
Punitive Time Attendance,conseq_time_no_OT,consequence in past 12 months for time points - ineligible for paid overtime,"0. No,
1. Yes","In the past 12 months, have you experienced any of the following consequences due to having a certain number of time or attendance-based points, occurrences, demerits, or disciplinary charges on your record? Mark all that apply.  - Selected Choice - Ineligible for paid overtime",if workplace has time-schedule point system AND worker has lost/earned time points for schedule/time change in past 12 months,1,15,False
Punitive Time Attendance,conseq_time_no_promotion,consequence in past 12 months for time points - ineligible for promotion,"0. No,
1. Yes","In the past 12 months, have you experienced any of the following consequences due to having a certain number of time or attendance-based points, occurrences, demerits, or disciplinary charges on your record? Mark all that apply.  - Selected Choice - Ineligible for a promotion",if workplace has time-schedule point system AND worker has lost/earned time points for schedule/time change in past 12 months,1,15,False
Punitive Time Attendance,conseq_time_demoted,consequence in past 12 months for time points - demoted,"0. No,
1. Yes","In the past 12 months, have you experienced any of the following consequences due to having a certain number of time or attendance-based points, occurrences, demerits, or disciplinary charges on your record? Mark all that apply.  - Selected Choice - Got demoted",if workplace has time-schedule point system AND worker has lost/earned time points for schedule/time change in past 12 months,1,15,False
Punitive Time Attendance,conseq_time_no_transfer,consequence in past 12 months for time points - ineligible for company transfer,"0. No,
1. Yes","In the past 12 months, have you experienced any of the following consequences due to having a certain number of time or attendance-based points, occurrences, demerits, or disciplinary charges on your record? Mark all that apply.  - Selected Choice - Ineligible for transfer within the company",if workplace has time-schedule point system AND worker has lost/earned time points for schedule/time change in past 12 months,1,15,False
Punitive Time Attendance,conseq_time_other,consequence in past 12 months for time points - other,"0. No,
1. Yes","In the past 12 months, have you experienced any of the following consequences due to having a certain number of time or attendance-based points, occurrences, demerits, or disciplinary charges on your record? Mark all that apply.  - Selected Choice - Another consequence (specify): [Text Box]",if workplace has time-schedule point system AND worker has lost/earned time points for schedule/time change in past 12 months,1,15,False
Punitive Time Attendance,conseq_time_none,consequence in past 12 months for time points - none,"0. No,
1. Yes","In the past 12 months, have you experienced any of the following consequences due to having a certain number of time or attendance-based points, occurrences, demerits, or disciplinary charges on your record? Mark all that apply.  - Selected Choice - None of these",if workplace has time-schedule point system AND worker has lost/earned time points for schedule/time change in past 12 months,1,15,False
Punitive Time Attendance,conseq_time_oth_text,consequence in past 12 months for time points - text,,"In the past 12 months, have you experienced any of the following consequences due to having a certain number of time or attendance-based points, occurrences, demerits, or disciplinary charges on your record? Mark all that apply.  - Selected Choice - Text",if workplace has time-schedule point system AND worker has lost/earned time points for schedule/time change in past 12 months,1,15,False
Punitive Time Attendance,points_result_firing,time-schedule point system can lead to firing,"0. No,
1. Yes,
2. No,
3. Don't know/refuse","If you earn a certain number of time or attendance-based points, occurrences, demerits, or disciplinary charges on your record, can that result in being fired?",if workplace has time-schedule point system,1,15,False
Punitive Time Attendance,sups_control_enforcement,Perceived extent of supervisor control over time-schedule point system policies,"1. A great deal,
4. Somewhat,
5. A little,
6. Not at all",How much do managers/supervisors control whether these policies are enforced at your workplace?,if workplace has time-schedule point system,1,15,False
Punitive Time Attendance,appeal_points_lost,Perceived difficulty to appeal time-schedule point system,"1. Very difficult,
4. Somewhat difficult,
5. Not at all difficult,
6. Don't know/refuse","If you feel you were given or lost a point, occurrence, demerit, or disciplinary charge unfairly, how difficult is it to appeal it?",if workplace has time-schedule point system,1,15,False
Punitive Time Attendance,avd_lost_pts_child_unsup,avoid time-schedule point penalty in past 12 months - left child unsupervised,"0. No,
1. Yes","In the past 12 months, have you done any of the following to avoid losing or earning a point, occurrence, demerit, or disciplinary charge? Mark all that apply.  - Selected Choice -",if workplace has time-schedule point system,1,15,False
Punitive Time Attendance,avd_lost_pts_elder_unsup,avoid time-schedule point penalty in past 12 months - left elder unsupervised,"0. No,
1. Yes","In the past 12 months, have you done any of the following to avoid losing or earning a point, occurrence, demerit, or disciplinary charge? Mark all that apply.  - Selected Choice -",if workplace has time-schedule point system,1,15,False
Punitive Time Attendance,avd_lost_pts_delay_hlthcare,avoid time-schedule point penalty in past 12 months - delayed health appointment,"0. No,
1. Yes","In the past 12 months, have you done any of the following to avoid losing or earning a point, occurrence, demerit, or disciplinary charge? Mark all that apply.  - Selected Choice -",if workplace has time-schedule point system,1,15,False
Punitive Time Attendance,avd_lost_pts_work_sick,avoid time-schedule point penalty in past 12 months - worked sick,"0. No,
1. Yes","In the past 12 months, have you done any of the following to avoid losing or earning a point, occurrence, demerit, or disciplinary charge? Mark all that apply.  - Selected Choice -",if workplace has time-schedule point system,1,15,False
Punitive Time Attendance,avd_lost_pts_child_sick,avoid time-schedule point penalty in past 12 months - sent child to school sick,"0. No,
1. Yes","In the past 12 months, have you done any of the following to avoid losing or earning a point, occurrence, demerit, or disciplinary charge? Mark all that apply.  - Selected Choice -",if workplace has time-schedule point system,1,15,False
Punitive Time Attendance,avd_lost_pts_none,avoid time-schedule point penalty in past 12 months - none,"0. No,
1. Yes","In the past 12 months, have you done any of the following to avoid losing or earning a point, occurrence, demerit, or disciplinary charge? Mark all that apply.  - Selected Choice -",if workplace has time-schedule point system,1,15,False
WA Leave,walv,heard of WA PFML law?,"0. No,
1. Yes,
2. No",Have you heard of Washington's new Paid Family &amp; Medical Leave Law?,If Located in Washington State,2,"8, 10, 8, 10",False
WA Leave,waqual_child,WA PFML - which events qualify? - child,"0.  No,
1.  Yes","To the best of your knowledge, which of the following are ""qualifying events"" for paid leave under Washington's Paid Family &amp; Medical Leave Law? Mark all that apply. - Welcoming a new child into your family through birth, adoption, or foster placement",If respondent has heard of Washington's new Paid Family &amp; Medical Leave Law,2,"8, 10, 8, 10",False
WA Leave,waqual_health,WA PFML - which events qualify? - health,"0.  No,
1.  Yes","To the best of your knowledge, which of the following are ""qualifying events"" for paid leave under Washington's Paid Family &amp; Medical Leave Law? Mark all that apply. - Your own serious health condition or illness, like recovering from a surgery or a serious injury",If respondent has heard of Washington's new Paid Family &amp; Medical Leave Law,2,"8, 10, 8, 10",False
WA Leave,waqual_care,WA PFML - which events qualify? - caregiving,"0.  No,
1.  Yes","To the best of your knowledge, which of the following are ""qualifying events"" for paid leave under Washington's Paid Family &amp; Medical Leave Law? Mark all that apply. - Caring for a seriously ill or injured family member",If respondent has heard of Washington's new Paid Family &amp; Medical Leave Law,2,"8, 10, 8, 10",False
WA Leave,waqual_military,WA PFML - which events qualify? - domestic violence,"0.  No,
1.  Yes","To the best of your knowledge, which of the following are ""qualifying events"" for paid leave under Washington's Paid Family &amp; Medical Leave Law? Mark all that apply. - A qualifying military family leave event",If respondent has heard of Washington's new Paid Family &amp; Medical Leave Law,2,"8, 10, 8, 10",False
WA Leave,walv_understand,WA PFML - which events qualify? - military,"1. Extremely well,
2. Very well,
3. Somewhat well,
4. Not well at all","At the time you needed to take leave, how well did you understand the paid family and medical leave benefits that were available to you?","If took leave to care for oneself, or recover from illness, or to care for new child, and located in Washington State",2,"8, 10, 8, 10",False
WA Leave,walv_empexplain,WA PFML - employer helped learn about the benefit,"0. No,
1. Yes,
2. Somewhat helpful,
3. Not at all helpful,
4. My employer did not discuss these benefits with me",Did any of the following help you learn about the paid family &amp; medical leave benefits that were available to you? Please select all that apply: - Selected Choice - Employer,"If took leave to care for oneself, or recover from illness, or to care for new child, and located in Washington State",1,"10, 10",False
WA Leave,walv_healthexplain,WA PFML - coworker helped you learn about the benefit,"0.  No,
1.  Yes",Did any of the following help you learn about the paid family &amp; medical leave benefits that were available to you? Please select all that apply: - Selected Choice - Healthcare provider,,1,"10, 10",False
WA Leave,walv_famexplain,WA PFML - health provider helped to learn about the benefit,"0.  No,
1.  Yes",Did any of the following help you learn about the paid family &amp; medical leave benefits that were available to you? Please select all that apply: - Selected Choice - Friend/family,"If took leave to care for oneself, or recover from illness, or to care for new child, and located in Washington State",1,"10, 10",False
WA Leave,walv_govexplain,WA PFML - family helped to learn about the benefit,"0.  No,
1.  Yes",Did any of the following help you learn about the paid family &amp; medical leave benefits that were available to you? Please select all that apply: - Selected Choice - Government agency,"If took leave to care for oneself, or recover from illness, or to care for new child, and located in Washington State",1,"10, 10",False
WA Leave,walv_nonprofexplain,WA PFML - government agency helped to learn about the benefit,"0.  No,
1.  Yes",Did any of the following help you learn about the paid family &amp; medical leave benefits that were available to you? Please select all that apply: - Selected Choice - Nonprofit/Legal aid,"If took leave to care for oneself, or recover from illness, or to care for new child, and located in Washington State",1,"10, 10",False
WA Leave,walv_webexplain,WA PFML - non-profit  helped to learn about the benefit,"0.  No,
1.  Yes",Did any of the following help you learn about the paid family &amp; medical leave benefits that were available to you? Please select all that apply: - Selected Choice - Internet search,"If took leave to care for oneself, or recover from illness, or to care for new child, and located in Washington State",1,"10, 10",False
WA Leave,walv_othexplain,WA PFML - internet helped to learn about the benefit,"0.  No,
1.  Yes",Did any of the following help you learn about the paid family &amp; medical leave benefits that were available to you? Please select all that apply: - Selected Choice - Other,"If took leave to care for oneself, or recover from illness, or to care for new child, and located in Washington State",1,"10, 10",False
WA Leave,walv_nobodyexplain,WA PFML - other source helped to learn about the benefit,"0.  No,
1.  Yes",Did any of the following help you learn about the paid family &amp; medical leave benefits that were available to you? Please select all that apply: - Selected Choice - Nobody helped me,"If took leave to care for oneself, or recover from illness, or to care for new child, and located in Washington State",1,"10, 10",False
WA Leave,walv_othexplain_text,WA PFML - nobody helped to learn about the benefit,,Did any of the following help you learn about the paid family &amp; medical leave benefits that were available to you? Please select all that apply: - Other - Text,"If took leave to care for oneself, or recover from illness, or to care for new child, and located in Washington State",1,"10, 10",False
WA Leave,walv_emphelpful,"WA PFML - other source helped to learn about the benefit, text","1. Very helpful,
2. Somewhat helpful,
3. Not at all helpful,
4. My employer did not discuss these benefits with me",How helpful was your employer in making sure you understood the paid family and medical leave benefits that were available to you?,"If took leave to care for oneself, or recover from illness, or to care for new child, and located in Washington State",2,"8, 10, 8, 10",False
WA Leave,walv_ch_lv_other,WA PFML - Deciding how much time to take off work - other,"0.  No,
1.  Yes",Please tell us if any of the following were important factors in your decision about how much time you took off from your job at [EMPLOYER NAME] to care for your new child. Mark all that apply - other,If took leave to care for child and located in Washington state,1,"8, 8",False
WA Leave,walv_hlth_lv_other,WA PFML - Deciding how long to recover- other,"0.  No,
1.  Yes",Please tell us if any of the following were important factors in your decision about how much time you took off from your job at [EMPLOYER NAME] to recover from your serious health condition or illness. Mark all that apply. - other,If took leave to recover from serious health condition AND located in Washington state,1,"8, 8",False
WA Leave,walv_cr_lv_other,WA PFML - Deciding how long to care for family member - other,"0.  No,
1.  Yes",Please tell us if any of the following were important factors in your decision about how much time you took off from your job at [EMPLOYER NAME] to care for a family member. Mark all that apply. -  other,If took leave to care for a family member AND located in washington state,1,"8, 8",False
WA Leave,walv_mult_lv_other,WA PFML - Deciding how long to care for self or others - other,"0.  No,
1.  Yes",Please tell us if any of the following were important factors in your decision about how much time you took off from your job at [EMPLOYER NAME] to care for yourself or others. Mark all that apply. -  other,If took leave to care for yourself or others AND located in Washington state,1,"8, 8",False
WA Leave,seaord_paidsicksafe,heard about seattle ordinances - paid sick and safe time,"-99. ,
1. Yes,
2. No,
3. Don't know/refuse",Have you heard anything about the following Seattle Ordinances? - Paid Sick and Safe Time Ordinance,,4,"2, 3, 4, 6",False
WA Leave,seaord_minwage,heard about seattle ordinances - minimum wage,"-99. ,
1. Yes,
2. No,
3. Don't know/refuse",Have you heard anything about the following Seattle Ordinances? -  Minimum Wage Ordinance,,4,"2, 3, 4, 6",False
WA Leave,seaord_secsched,heard about seattle ordinances - secure scheduling,"-99. ,
1. Yes,
2. No,
3. Don't know/refuse",Have you heard anything about the following Seattle Ordinances? - Secure Scheduling Ordinance,,4,"2, 3, 4, 6",False
WA Leave,seaord_wagetheft,heard about seattle ordinances - wage theft,"-99. ,
1. Yes,
2. No,
3. Don't know/refuse",Have you heard anything about the following Seattle Ordinances? - Wage Theft Ordinance,,4,"2, 3, 4, 6",False
WA Leave,any_wa,,,,,1,"8, 8",False
Job Search,consider_return_work,consider return to work in next few months,"1. Yes,
2. No,
3. I'm not sure",Would you consider going back to work in the next few months?,if unemployed,1,11,False
Job Search,job_search_lastweek,Have you looked for a job in the last week?,"0. No,
1. Yes,
2. No",Have you looked for a job in the last week?,if unemployed,1,11,False
Job Search,whynot_expect_work,Why aren't you currently looking for work?,"1. I'm permanently retired,
2. I have enough income or savings from other sources to live on,
3. I have care obligations,
4. I am worried about COVID transmission,
5. I cannot find any jobs that are hiring,
6. I have a physical limitation or health condition that prevents me from working",Why aren't you currently looking for work?,if job search last week == no,1,11,False
Job Search,learn_jobopen_online,How do you learn about job openings? - online,"0. No,
1. Yes",How do you learn about job openings? - online,if job search last week == yes,1,11,False
Job Search,learn_jobopen_newspaper,How do you learn about job openings? - newpaper,"0. No,
1. Yes",How do you learn about job openings? - newpaper,if job search last week == yes,1,11,False
Job Search,learn_jobopen_workplaces,How do you learn about job openings? - help wanted signs,"0. No,
1. Yes",How do you learn about job openings? - help wanted signs,if job search last week == yes,1,11,False
Job Search,learn_jobopen_family,How do you learn about job openings? - family,"0. No,
1. Yes",How do you learn about job openings? - family,if job search last week == yes,1,11,False
Job Search,learn_jobopen_coworkers,How do you learn about job openings? - co-workers,"0. No,
1. Yes",How do you learn about job openings? - co-workers,if job search last week == yes,1,11,False
Job Search,num_jobapps,Num job applications submitted in the past month,,How many job applications have you submitted in the past month?,if job search last week == yes,1,11,False
Job Search,jobsearch_displayorder1,random job posting  1,,System variable - order of randomized job offer,,1,11,False
Job Search,jobsearch_displayorder2,random job posting  2,,System variable - order of randomized job offer,,1,11,False
Job Search,jobsearch_displayorder3,random job posting  3,,System variable - order of randomized job offer,,1,11,False
Job Search,jobsearch_displayorder4,random job posting  4,,System variable - order of randomized job offer,,1,11,False
Job Search,jobsearch_displayorder5,random job posting  5,,System variable - order of randomized job offer,,1,11,False
Job Search,jobsearch_displayorder6,random job posting  6,,System variable - order of randomized job offer,,1,11,False
Job Search,jobsearch_displayorder7,random job posting  7,,System variable - order of randomized job offer,,1,11,False
Job Search,jobsearch_displayorder8,random job posting  8,,System variable - order of randomized job offer,,1,11,False
Job Search,jobsearch_displayorder9,random job posting  9,,System variable - order of randomized job offer,,1,11,False
Job Search,jobsearch_displayorder10,random job posting  10,,System variable - order of randomized job offer,,1,11,False
Job Search,likely_accept_offer,job offer conjoint experiment - likelihood accept offer (unemployed),"1. Very unlikely,
2. Unlikely,
3. Somewhat likely,
4. Very likely","If you were offered this job, how likely would you be to accept the offer?",if unemployed,1,11,False
Job Search,emp_takejoboffer,job offer conjoint experiment - likelihood accept offer (employed),"1. Very unlikely,
2. Unlikely,
3. Somewhat likely,
4. Very likely","If you were offered this job, how likely would you be to accept the offer?",,1,11,False
Retired,retire_date,retire date,"1. December 2020,
2. November 2020,
3. October 2020,
4. September 2020,
5. August 2020,
6. July 2020,
7. June 2020,
8. May 2020,
9. April 2020,
10. March 2020,
11. February 2020,
12. January 2020,
13. Before January 2020",When did you retire from your last employer?,,2,"9, 10",False
Retired,retire_date_month,month retired from employer,"1. January,
2. February,
3. March,
4. April,
5. May,
6. June,
7. July,
8. August,
9. September,
10. October,
11. November,
12. December",When did you retire from your last employer? - Month,,7,"11, 12, 13, 14, 15, 16, 17",False
Retired,retire_date_yr,Year retired from employer,"1. 2017,
2. 2018,
3. 2019,
4. 2020,
5. 2021,
6. 2022,
7. 2023,
8. 2024",When did you retire from your last employer? - Year,,7,"11, 12, 13, 14, 15, 16, 17",False
Retired,retire_plan,did you plan to retire this year?,"0. No,
1. Yes,
2. No,
3. Don't know/refuse","Think back to January 2020. At that time, was it your plan to retire this year?",,9,"9, 10, 11, 12, 13, 14, 15, 16, 17",False
Retired,longwork_retire,how long working at former employer before retire,"1.  Less than 1 year,
2.  1 year,
3.  2 year,
4.  3 year,
5.  4 year,
6.  5 year,
7.  6 year,
8.  7 year,
9.  8 year,
10.  9 year,
11.  10 years or more,
12.  Don't know/refuse",How long had you been working at your last employer when you retired?,,3,"9, 10, 11",False
Retired,retire_longwork,how long working at former employer before retire,"1. Less than 1 year,
2. 1 year,
3. 2 years,
4. 3 years,
5. 4 years,
6. 5 years,
7. 6 years,
8. 7 years,
9. 8 years,
10. 9 years,
11. 10 years or more,
12. Don't know/refuse",How long had you been working at your last employer when you retired?,,6,"12, 13, 14, 15, 16, 17",False
Retired,retire_covid_riskhigh,why retire? Covid risk,"0. No,
1. Yes",Why did you retire from your job in [DATE]? Mark all that apply. - Selected Choice - I felt risk of getting COVID was too high,,9,"9, 10, 11, 12, 13, 14, 15, 16, 17",False
Retired,retire_unsafe,why retire? Unsafe at work,"0. No,
1. Yes",Why did you retire from your job in [DATE]? Mark all that apply. - Selected Choice - I was concerned about unsafe working conditions — other than COVID,,9,"9, 10, 11, 12, 13, 14, 15, 16, 17",False
Retired,retire_providecare,why retire? Provide child care,"0. No,
1. Yes",Why did you retire from your job in [DATE]? Mark all that apply. - Selected Choice - To provide unpaid care for a child/children (my own child or another person's child),,9,"9, 10, 11, 12, 13, 14, 15, 16, 17",False
Retired,retire_unmanagesched,why retire? Unmanagable schedule,"0. No,
1. Yes",Why did you retire from your job in [DATE]? Mark all that apply. - Selected Choice - I found my schedule unmanageable/found schedule unmanageable,,9,"9, 10, 11, 12, 13, 14, 15, 16, 17",False
Retired,retire_dislikemanager,why retire? Dislike manager,"0. No,
1. Yes",Why did you retire from your job in [DATE]? Mark all that apply. - Selected Choice - I didn't like my manager,,8,"10, 11, 12, 13, 14, 15, 16, 17",False
Retired,retire_dislikework,why retire? Dislike work,"0. No,
1. Yes",Why did you retire from your job in [DATE]? Mark all that apply. - Selected Choice - I didn't like the work,,8,"10, 11, 12, 13, 14, 15, 16, 17",False
Retired,retire_finances,why retire? Finacial situation changed,"0. No,
1. Yes",Why did you retire from your job in [DATE]? Mark all that apply. - Selected Choice - My financial situation changed and I was able to retire early,,9,"9, 10, 11, 12, 13, 14, 15, 16, 17",False
Retired,retire_other,why retire? Other,"0. No,
1. Yes",Why did you retire from your job in [DATE]? Mark all that apply. - Selected Choice - Other,,9,"9, 10, 11, 12, 13, 14, 15, 16, 17",False
Retired,retire_other_text,"why retire? Other, text",,Why did you retire from your job in [DATE]? Mark all that apply. - Other - Text,,9,"9, 10, 11, 12, 13, 14, 15, 16, 17",False
Retired,retire_stressful,why retire? Job too stressful,"0. No,
1. Yes",Why did you retire from your job in [DATE]? Mark all that apply. - Selected Choice - I found the work too stressful,,1,9,False
Retired,retire_financially_ready,why retire? Financially ready,"0. No,
1. Yes",Why did you retire from your job at ${e://Field/EMPLOYERNAME}? Mark all that apply - I was financially ready to stop working,,2,"16, 17",False
Retired,retire_planned,why retire? Had been planning to retire,"0. No,
1. Yes",Why did you retire from your job at ${e://Field/EMPLOYERNAME}? Mark all that apply - I had been planning to retire this year,,2,"16, 17",False
Retired,retire_ss_eligible,why retire? Became eligible for Medicare or SS,"0. No,
1. Yes",Why did you retire from your job at ${e://Field/EMPLOYERNAME}? Mark all that apply - I became eligible for Medicare or Social Security,,2,"16, 17",False
Retired,retire_income_SS,retired income - received SS in last year?,"0. No,
1. Yes","In the past year, did you receive any income from these sources? Mark all that apply.¬† - Social Security",,7,"11, 12, 13, 14, 15, 16, 17",False
Retired,retire_income_SSI,retired income - recieved SSI in last year?,"0. No,
1. Yes","In the past year, did you receive any income from these sources? Mark all that apply.¬† - Supplemental Security Income, also called SSI",,7,"11, 12, 13, 14, 15, 16, 17",False
Retired,retire_income_oddjob,retired income - worked odd job in last year?,"0. No,
1. Yes","In the past year, did you receive any income from these sources? Mark all that apply.¬† - Odd jobs",,7,"11, 12, 13, 14, 15, 16, 17",False
Retired,retire_income_welfare,retired income - recieved welfare in last year?,"0. No,
1. Yes,
2. No","In the past year, did you receive any income from these sources? Mark all that apply.¬† - Welfare",,7,"11, 12, 13, 14, 15, 16, 17",False
Retired,retire_income_pension,retired income - recieved pension in last year?,"0. No,
1. Yes","In the past year, did you receive any income from these sources? Mark all that apply.¬† - Pension from Prior Employment",,6,"12, 13, 14, 15, 16, 17",False
Retired,retire_income_vetbenefits,retired income - recieved vet benefirs in last year?,"0. No,
1. Yes,
2. No","In the past year, did you receive any income from these sources? Mark all that apply.¬† - Veteran Benefits or a Military Pension",,7,"11, 12, 13, 14, 15, 16, 17",False
Retired,retire_income_property,retired income - recieved property income in last year?,"0. No,
1. Yes,
2. No","In the past year, did you receive any income from these sources? Mark all that apply.¬† - Rent paid to you for a property you own",,7,"11, 12, 13, 14, 15, 16, 17",False
Retired,retire_income_other,retired income - recieved other income in last year?,"0. No,
1. Yes,
2. No","In the past year, did you receive any income from these sources? Mark all that apply.¬† - Other income sources. Please specify:",,7,"11, 12, 13, 14, 15, 16, 17",False
Retired,retire_income_none,retired income - recieved no income in last year?,"0. No,
1. Yes,
2. No","In the past year, did you receive any income from these sources? Mark all that apply.¬† - None",,7,"11, 12, 13, 14, 15, 16, 17",False
Retired,retire_income_other_text,"retired income - recieved other income in last year?, text",,"In the past year, did you receive any income from these sources? Mark all that apply.¬† - Other income sources. Please specify:",,6,"12, 13, 14, 15, 16, 17",False
Retired,retire_inc_SS_amnt,retired - how much income from SS last year?,,About how much income did you receive from Social Security last month?,,7,"11, 12, 13, 14, 15, 16, 17",False
Retired,retire_inc_SSI_amnt,retired - how much income from SSI last year?,,About how much income did you receive from Supplemental Security Income last month?,,7,"11, 12, 13, 14, 15, 16, 17",False
Retired,retire_inc_oddjob_amnt,retired - how much income from odd job last year?,,About how much income did you receive from odd jobs last month? (For example: if the amount is $6...,,7,"11, 12, 13, 14, 15, 16, 17",False
Retired,retire_inc_welfare_amnt,retired - how much income from welfare last year?,,About how much income did you receive from welfare last month? (For example: if the amount is $60...,,7,"11, 12, 13, 14, 15, 16, 17",False
Retired,retire_income_pension_amnt,retired income - amount received from employer's pension last month,,About how much income did you receive from your former employer's pension last month?,,6,"12, 13, 14, 15, 16, 17",False
Retired,retire_inc_vetben_amnt,retired - how much income from vet benefits last year?,,About how much income did you receive from Veteran Benefits or a Military Pension last month?,,7,"11, 12, 13, 14, 15, 16, 17",False
Retired,retire_inc_property_amnt,retired - how much income from peroperty last year?,,About how much income did you receive from rent paid to you for a property you own last month? (F...,,7,"11, 12, 13, 14, 15, 16, 17",False
Retired,retire_inc_other_amnt,retired income - recieved other income in last year?,,About how much income did you receive from other income sources last month?,,7,"11, 12, 13, 14, 15, 16, 17",False
Retired,retire_savings_401k,retired - savings - 401k,"0. No,
1. Yes",Do you have any of these forms of retirement savings? Mark all that apply. - 401k pre-tax retirement account,,7,"11, 12, 13, 14, 15, 16, 17",False
Retired,retire_savings_IRA,retired - savings - IRA,"0. No,
1. Yes",Do you have any of these forms of retirement savings? Mark all that apply. - IRA,,7,"11, 12, 13, 14, 15, 16, 17",False
Retired,retire_savings_bank,retired - savings - bank,"0. No,
1. Yes","Do you have any of these forms of retirement savings? Mark all that apply. - Checking, savings, or money market account",,7,"11, 12, 13, 14, 15, 16, 17",False
Retired,retire_savings_other,retired - savings - other,"0. No,
1. Yes",Do you have any of these forms of retirement savings? Mark all that apply. - Other,,7,"11, 12, 13, 14, 15, 16, 17",False
Retired,retire_savings_other_text,"retired - savings - other, text",,Do you have any of these forms of retirement savings? Mark all that apply. - Other,,6,"12, 13, 14, 15, 16, 17",False
Retired,retire_savings_none,retired - savings - none,"0. No,
1. Yes",Do you have any of these forms of retirement savings? Mark all that apply. - None,,5,"13, 14, 15, 16, 17",False
Retired,retire_savings_401k_amount,retired - savings - 401k amount,,"In total, about how much do you have saved in a 401k pre-tax retirement account? (For example: if...",,1,11,False
Retired,retire_savings_IRA_amount,retired - savings - IRA amount,,"In total, about how much do you have saved in an IRA? (For example: if the amount is $600, please...",,1,11,False
Retired,retire_savings_bank_amount,retired - savings - bank amount,,"In total, about how much do you have saved in a checking, savings, or money market account? (For...",,1,11,False
Retired,retire_savings_other_amount,retired - savings - other amount,,"In total, about how much do you have saved in your other retirement savings? (For example: if the...",,6,"12, 13, 14, 15, 16, 17",False
Retired,retire_job_search,retired - looking for work?,"0. No,
1. Yes,
2. No",Are you currently looking for work?,,7,"11, 12, 13, 14, 15, 16, 17",False
Retired,retire_job_search_money,retired - why looking for work? - need money,"0. No,
1. Yes",What are the reasons you are looking for work? Mark all that apply. - I need the money,,7,"11, 12, 13, 14, 15, 16, 17",False
Retired,retire_job_search_hlth_ins,retired - why looking for work? - need health insurance,"0. No,
1. Yes",What are the reasons you are looking for work? Mark all that apply - I need the health insurance,,7,"11, 12, 13, 14, 15, 16, 17",False
Retired,retire_job_search_fill_time,retired - why looking for work? - need to occupy time,"0. No,
1. Yes",What are the reasons you are looking for work? Mark all that apply. - I need something to do with my time,,7,"11, 12, 13, 14, 15, 16, 17",False
Retired,retire_job_search_other,retired - why looking for work? - other,"0. No,
1. Yes",What are the reasons you are looking for work? Mark all that apply. - Other,,7,"11, 12, 13, 14, 15, 16, 17",False
Retired,retire_job_nosrch_hlth_iss,retired - why not looking for work? - health condition,"0. No,
1. Yes",Why are you not looking for work? Mark all that apply - I have a health condition that limits my ability to work.,,7,"11, 12, 13, 14, 15, 16, 17",False
Retired,retire_job_nosrch_fin_stbl,retired - why looking for work? - have enough income,"0. No,
1. Yes",Why are you not looking for work? Mark all that apply -   I have enough income from other sources.,,7,"11, 12, 13, 14, 15, 16, 17",False
Retired,retire_job_nosrch_care,retired - why looking for work? - caregiving responsibilities,"0. No,
1. Yes",Why are you not looking for work? Mark all that apply -   I have caregiving responsibilities that limit my ability to work.,,7,"11, 12, 13, 14, 15, 16, 17",False
Retired,retire_job_nosrch_other,retired - why looking for work? - other,"0. No,
1. Yes",Why are you not looking for work? Mark all that apply -   Other,,7,"11, 12, 13, 14, 15, 16, 17",False
Retired,retire_work_hours_lastmonth,retired  - hours per week worked for pay last month,,Retired people sometimes do some work for pay. About how many hours per week did you work in the...,,7,"11, 12, 13, 14, 15, 16, 17",False
Retired,retire_work_lastmonth_money,retired - why work last month? - need money,"0. No,
1. Yes",Why did you work last month? Mark all that apply. - I need the money,,7,"11, 12, 13, 14, 15, 16, 17",False
Retired,retire_work_lstmon_hlth_ins,retired - why work last month? - need health insurance,"0. No,
1. Yes",Why did you work last month? Mark all that apply - I need health insurance,,7,"11, 12, 13, 14, 15, 16, 17",False
Retired,retire_work_lstmon_fill,retired - why work last month? - to occupy time,"0. No,
1. Yes",Why did you work last month? Mark all that apply - I need something to do with my time,,7,"11, 12, 13, 14, 15, 16, 17",False
Retired,retire_work_lstmon_other,retired - why work last month? - other,"0. No,
1. Yes",Why did you work last month? Mark all that apply - Other,,7,"11, 12, 13, 14, 15, 16, 17",False
Retired,retire_work_lastmonth,retired - worked for pay in past month,"4. Yes,
5. No",Retired people sometimes do some work for pay. Did you work for pay last month?,,5,"13, 14, 15, 16, 17",False
Retired,retire_providecare_friend,retired to provide care for family or friend,"0. No,
1. Yes",Why did you retire from your job? Check all that apply - To provide unpaid care for an adult family member or a close friend.,,6,"12, 13, 14, 15, 16, 17",False
Retired,retire_health,retired due to health reasons,"0. No,
1. Yes",Why did you retire from your job? Check all that apply - Health reasons,,6,"12, 13, 14, 15, 16, 17",False
Retired,retire_disability,retired due to disability,"0. No,
1. Yes",Why did you retire from your job? Check all that apply - Disability/Injury,,6,"12, 13, 14, 15, 16, 17",False
Quit,quit_date,quit date,"4.  Less than 1 month ago,
5.  1 month ago,
6.  2 months ago,
7.  3 months ago,
8.  4 months ago,
9.  5 months ago,
10.  6-12 months ago,
11.  1 year or more ago",When did you quit your job?,if quit,9,"9, 10, 11, 12, 13, 14, 15, 16, 17",False
Quit,longwork_quit,quit - tenure at prior employer before quit,"1.  Less than 1 year,
2.  1 year,
3.  2 year,
4.  3 year,
5.  4 year,
6.  5 year,
7.  6 year,
8.  7 year,
9.  8 year,
10.  9 year,
11.  10 years or more,
12.  Don't know/refuse",How long had you been working at your last job when you quit?,if quit,9,"9, 10, 11, 12, 13, 14, 15, 16, 17",False
Quit,quit_riskhigh,why quit? Covid risk,"0. No,
1. Yes",Why did you quit your job at [EMPLOYER]? Mark all that apply. - Selected Choice - I felt risk of getting COVID was too high,if quit,9,"9, 10, 11, 12, 13, 14, 15, 16, 17",False
Quit,quit_unsafecond,why quit? Unsafe at work not covid,"0. No,
1. Yes",Why did you quit your job at [EMPLOYER]? Mark all that apply. - Selected Choice - Unsafe working conditions other than COVID,if quit,9,"9, 10, 11, 12, 13, 14, 15, 16, 17",False
Quit,quit_providecare,why quit? Provide  care,"0. No,
1. Yes",Why did you quit your job at [EMPLOYER]? Mark all that apply. - Selected Choice - To provide care for a child or family member,if quit,9,"9, 10, 11, 12, 13, 14, 15, 16, 17",False
Quit,quit_dislikesched,why quit? Bad schedule,"0. No,
1. Yes",Why did you quit your job at [EMPLOYER]? Mark all that apply. - Selected Choice - I didn't like my schedule/found schedule unmanageable,if quit,9,"9, 10, 11, 12, 13, 14, 15, 16, 17",False
Quit,quit_dislikemanager,why quit? Dislike manager,"0. No,
1. Yes",Why did you quit your job at [EMPLOYER]? Mark all that apply. - Selected Choice - I didn't like my manager,if quit,9,"9, 10, 11, 12, 13, 14, 15, 16, 17",False
Quit,quit_dislikework,why quit? Dislike work,"0. No,
1. Yes",Why did you quit your job at [EMPLOYER]? Mark all that apply. - Selected Choice - I didn't like the work,if quit,9,"9, 10, 11, 12, 13, 14, 15, 16, 17",False
Quit,quit_diffjob,why quit? Got different job,"0. No,
1. Yes",Why did you quit your job at [EMPLOYER]? Mark all that apply. - Selected Choice - I got a different job,if quit,9,"9, 10, 11, 12, 13, 14, 15, 16, 17",False
Quit,quit_other,why quit? Other,"0. No,
1. Yes",Why did you quit your job at [EMPLOYER]? Mark all that apply. - Selected Choice - Other,if quit,9,"9, 10, 11, 12, 13, 14, 15, 16, 17",False
Quit,quit_other_text,"why quit? Other, text",,Why did you quit your job at [EMPLOYER]? Mark all that apply. - Other - Text,if quit,9,"9, 10, 11, 12, 13, 14, 15, 16, 17",False
Quit,quit_job_search,quit - currently looking for work,"0. No,
1. Yes,
2. No",Are you currently looking for work?,if quit,6,"12, 13, 14, 15, 16, 17",False
Quit,quit_job_search_money,quit - reasons looking for work - need money,"0. No,
1. Yes",What are the reasons you are looking for work? Mark all that apply. - I need the money,if quit and looking for work,6,"12, 13, 14, 15, 16, 17",False
Quit,quit_job_search_health_ins,quit - reasons looking for work - need health insurance,"0. No,
1. Yes",What are the reasons you are looking for work? Mark all that apply. - I need health insurance,if quit and looking for work,6,"12, 13, 14, 15, 16, 17",False
Quit,quit_job_search_fill_time,quit - reasons looking for work - need to occupy my time,"0. No,
1. Yes",What are the reasons you are looking for work? Mark all that apply. - I need something to do with my time,if quit and looking for work,6,"12, 13, 14, 15, 16, 17",False
Quit,quit_job_search_other,quit - reasons looking for work - other,"0. No,
1. Yes",What are the reasons you are looking for work? Mark all that apply. - Other,if quit and looking for work,6,"12, 13, 14, 15, 16, 17",False
Quit,quit_job_nosearch_hlth_iss,quit - reasons not looking for work  - health condition,"0. No,
1. Yes",Why are you not looking for work? Mark all that apply. - I have a health condition that limits my ability to work,if quit and not looking for work,6,"12, 13, 14, 15, 16, 17",False
Quit,quit_job_nosearch_fin_stbl,quit - reasons not looking  for work  - have enough other income,"0. No,
1. Yes",Why are you not looking for work? Mark all that apply. - I have enough income from other sources,if quit and not looking for work,6,"12, 13, 14, 15, 16, 17",False
Quit,quit_job_nosearch_care,quit - reasons not looking  for work  - caregiving responsibilities,"0. No,
1. Yes",Why are you not looking for work? Mark all that apply. - I have caregiving responsibilities that limit my ability to work,if quit and not looking for work,6,"12, 13, 14, 15, 16, 17",False
Quit,quit_job_nosearch_other,quit - reasons not looking  for work - other,"0. No,
1. Yes",Why are you not looking for work? Mark all that apply. - Other reasons,if quit and not looking for work,6,"12, 13, 14, 15, 16, 17",False
Quit,quit_work_hours_lastmonth,quit - hours per week working in other jobs,,Unemployed people sometimes do some work for pay. About how many hours per week did you work in t...,if quit and worked last month,6,"12, 13, 14, 15, 16, 17",False
Quit,quit_work_lastmonth_money,quit - why work past month - needed money,"0. No,
1. Yes",Why did you work last month? Mark all that apply. - I need the money,if quit and worked last month,6,"12, 13, 14, 15, 16, 17",False
Quit,quit_work_lastmon_hlth_ins,quit - why work past month - needed health insurance,"0. No,
1. Yes",Why did you work last month? Mark all that apply. - I need health insurance,if quit and worked last month,6,"12, 13, 14, 15, 16, 17",False
Quit,quit_work_lastmon_fill_time,quit - why work past month - needed to occupy time,"0. No,
1. Yes",Why did you work last month? Mark all that apply. - I need something to do with my time,if quit and worked last month,6,"12, 13, 14, 15, 16, 17",False
Quit,quit_work_lastmonth_other,quit - why work past month - other,"0. No,
1. Yes",Why did you work last month? Mark all that apply. - Other,if quit and worked last month,6,"12, 13, 14, 15, 16, 17",False
Quit,quit_moving,why quit? Moving,,Why did you quit your job at [EMPLOYER]? Mark all that apply. - Selected Choice - I'm moving away,if quit,1,11,False
Quit,quit_fewhours,why quit? Insufficient hours,"0. No,
1. Yes",Why did you quit your job at [EMPLOYER]? Mark all that apply. - Selected Choice - I didn't have enough hours,if quit,6,"12, 13, 14, 15, 16, 17",False
Quit,quit_moved,why quit? Moved,"0. No,
1. Yes",Why did you quit your job at [EMPLOYER]? Mark all that apply. - Selected Choice - I moved away,if quit,6,"12, 13, 14, 15, 16, 17",False
Laid Off,laidoff_date,laid off date,"4.  Less than 1 month ago,
5.  1 month ago,
6.  2 months ago,
7.  3 months ago,
8.  4 months ago,
9.  5 months ago,
10.  6-12 months ago,
11.  1 year or more ago",When were you laid off from [EMPLOYER],if laid off,10,"8, 9, 10, 11, 12, 13, 14, 15, 16, 17",False
Laid Off,longwork_laidoff,job tenure at former employer before laid off,"1.  Less than 1 year,
2.  1 year,
3.  2 year,
4.  3 year,
5.  4 year,
6.  5 year,
7.  6 year,
8.  7 year,
9.  8 year,
10.  9 year,
11.  10 years or more,
12.  Don't know/refuse",How long had you been working at [EMPLOYER] when you were laid off?,if laid off,10,"8, 9, 10, 11, 12, 13, 14, 15, 16, 17",False
Laid Off,why_laidoff,why laid off?,"1. My workplace stayed open, but business was down,
2. My workplace closed temporarily,
3. My workplace closed permanently,
4. Temporary job that ended,
5. Other",Why were you laid off from your job? - Selected Choice,if laid off,9,"9, 10, 11, 12, 13, 14, 15, 16, 17",False
Laid Off,why_laidoff_text,"why laid off?, text",,Why were you laid off from your job? - Other reason: - Text,if laid off,9,"9, 10, 11, 12, 13, 14, 15, 16, 17",False
Laid Off,LO_job_search,laid off - looking for work,"0. No,
1. Yes,
2. No",Are you currently looking for work?,if laid off,6,"12, 13, 14, 15, 16, 17",False
Laid Off,LO_job_search_money,laid off reason looking for work - money,"0. No,
1. Yes",What are the reasons you are looking for work? Mark all that apply - Selected Choice - I need the money,if laid off &amp; currently looking for work,6,"12, 13, 14, 15, 16, 17",False
Laid Off,LO_job_search_health_ins,laid off reason looking for work - health insurance,"0. No,
1. Yes",What are the reasons you are looking for work? Mark all that apply - Selected Choice - I need health insurance,if laid off &amp; currently looking for work,6,"12, 13, 14, 15, 16, 17",False
Laid Off,LO_job_search_fill_time,laid off reason looking for work - fill time,"0. No,
1. Yes",What are the reasons you are looking for work? Mark all that apply - Selected Choice - I need something to do with my time,if laid off &amp; currently looking for work,6,"12, 13, 14, 15, 16, 17",False
Laid Off,LO_job_search_other,laid off reason looking for work - other,"0. No,
1. Yes",What are the reasons you are looking for work? Mark all that apply - Selected Choice - Other,if laid off &amp; currently looking for work,6,"12, 13, 14, 15, 16, 17",False
Laid Off,LO_job_nosearch_hlth_issue,laid off reason not looking for work - health issue,"0. No,
1. Yes",Why are you not looking for work? Mark all that apply - Selected Choice - I have a health condition that limits my ability to work,if laid off &amp; not currently looking for work,6,"12, 13, 14, 15, 16, 17",False
Laid Off,LO_job_nosearch_fin_stable,laid off reason not looking for work - sufficient income,"0. No,
1. Yes",Why are you not looking for work? Mark all that apply - Selected Choice - I have enough income from other sources,if laid off &amp; not currently looking for work,6,"12, 13, 14, 15, 16, 17",False
Laid Off,LO_job_nosearch_care,laid off reason not looking for work - caregiving responsibilities,"0. No,
1. Yes",Why are you not looking for work? Mark all that apply - Selected Choice - I have caregiving responsibilities that limit my ability to work,if laid off &amp; not currently looking for work,6,"12, 13, 14, 15, 16, 17",False
Laid Off,LO_job_nosearch_other,laid off reason not looking for work -  other,"0. No,
1. Yes",Why are you not looking for work? Mark all that apply - Selected Choice - Other reasons,if laid off &amp; not currently looking for work,6,"12, 13, 14, 15, 16, 17",False
Laid Off,LO_work_hours_lastmonth,laid off - hours per week worked in the past month,,Unemployed people sometimes do some work for pay. About how many hours per week did you work in the past month?,if laid off,6,"12, 13, 14, 15, 16, 17",False
Laid Off,LO_work_lastmonth_money,laid off reason worked past month - need money,"0. No,
1. Yes",Why did you work last month? - Selected Choice - I need the money,if laid off &amp; worked in past month,6,"12, 13, 14, 15, 16, 17",False
Laid Off,LO_work_lastmonth_hlth_ins,laid off reason worked past month - health insurance,"0. No,
1. Yes",Why did you work last month? - Selected Choice - I need health insurance,if laid off &amp; worked in past month,6,"12, 13, 14, 15, 16, 17",False
Laid Off,LO_work_lastmonth_fill_time,laid off reason worked past month - fill time,"0. No,
1. Yes",Why did you work last month? - Selected Choice - I need something to do with my time,if laid off &amp; worked in past month,6,"12, 13, 14, 15, 16, 17",False
Laid Off,LO_work_lastmonth_other,laid off reason worked past month - other,"0. No,
1. Yes",Why did you work last month? - Selected Choice - Other,if laid off &amp; worked in past month,6,"12, 13, 14, 15, 16, 17",False
Laid Off,laidoff_sevpay,laid off - received severance pay,"0. No,
1. Yes,
2. No,
3. Don't know/refuse","When you were laid off from your job at [EMPLOYER NAME], did your employer provide you with severance pay?",if laid off,2,"9, 10",False
Laid Off,laidoff_sevpay_amount,laid off - severance pay amount,"1. A very small amount of pay,
2. Some portion of my usual pay,
3. Most or all of my usual pay",How much severance pay did your [EMPLOYER NAME] employer provide when you were laid off?,if laid off &amp; received severance pay,2,"9, 10",False
Laid Off,laidoff_sevpay_length,laid off - length if time receiving severance pay,"1. Less than 1 month,
2. 1 month,
3. 2 months,
4. 3 months,
5. 4 months,
6. 5 months,
7. 6 months or longer",How long did you receive severance pay while you were laid off?,if laid off &amp; received severance pay,2,"9, 10",False
Laid Off,laidoff_prevjob,laid off from prebious job,"1.  Yes,
2.  No,
3.  Don't know/refuse","Prior to starting your job at [EMPLOYER NAME], were you laid off from your previous job?",if worked 4 or less months at current job,1,8,False
Laid Off,q1_emp_prevjob_laidoff,previous employer respondent was laid off from,,What was the name of your previous employer?,if laid off (if laidoff_prevjob == 1),1,8,False
Laid Off,prevjob_laidoff_date,laid off date of previous job,"4.  I was laid off on or after February 1, 2020,
5.  I was laid off before February 1, 2020",When were you laid off from your previous job at [EMPLOYER NAME]?,if laid off (if laidoff_prevjob == 1),1,8,False
Laid Off,longwork_prevjob_laidoff,job tenure at former employer before laid off,"1.  Less than 1 year,
2.  1 year,
3.  2 year,
4.  3 year,
5.  4 year,
6.  5 year,
7.  6 year,
8.  7 year,
9.  8 year,
10.  9 year,
11.  10 years or more,
12.  Don't know/refuse","How long have you been working at [EMPLOYER NAME], prior to being laid off?",if laid off (if laidoff_prevjob == 1),1,8,False
Furloughed,furloughed_date,furloughed date,"4.  Less than 1 month ago,
5.  1 month ago,
6.  2 months ago,
7.  3 months ago,
8.  4 or more months ago",When were you furloughed from [QID1210938442-ChoiceGroup-SelectedChoicesTextEntry]?,if furloughed,10,"8, 9, 10, 11, 12, 13, 14, 15, 16, 17",False
Furloughed,longwork_furloughed,how long working at former employer before furloughed,"1.  Less than 1 year,
2.  1 year,
3.  2 year,
4.  3 year,
5.  4 year,
6.  5 year,
7.  6 year,
8.  7 year,
9.  8 year,
10.  9 year,
11.  10 years or more,
12.  Don't know/refuse",How long have you been working at [QID1210938442-ChoiceGroup-SelectedChoicesTextEntry]?,if furloughed,10,"8, 9, 10, 11, 12, 13, 14, 15, 16, 17",False
Furloughed,why_furloughed,why furloughed?,"1. My workplace stayed open, but business was down,
2. My workplace closed temporarily,
3. My workplace closed permanently,
4. Temporary job that ended,
5. Other",Why were you furloughed from your job? - Selected Choice,if furloughed,9,"9, 10, 11, 12, 13, 14, 15, 16, 17",False
Furloughed,why_furloughed_text,"why furloughed?, text",,Why were you furloughed from your job? - Other reason: - Text,if furloughed,9,"9, 10, 11, 12, 13, 14, 15, 16, 17",False
Furloughed,furlo_providepay,after furloughed - employer provide continued pay,"0. No,
1. Yes","When you were furloughed from your job, did your employer provide you with any of the following? Mark all that apply. - Selected Choice - Continuation of pay",if furloughed,2,"9, 10",False
Furloughed,furlo_providehealth,after furloughed - employer provide continued healht insurance,"0. No,
1. Yes","When you were furloughed from your job, did your employer provide you with any of the following? Mark all that apply. - Selected Choice - Continuation of health insurance benefits",if furloughed,2,"9, 10",False
Furloughed,furlo_providegiftcard,after furloughed - employer provide gift card,"0. No,
1. Yes","When you were furloughed from your job, did your employer provide you with any of the following? Mark all that apply. - Selected Choice - Gift card",if furloughed,2,"9, 10",False
Furloughed,furlo_provideother,after furloughed - employer provide other benefit,"0. No,
1. Yes","When you were furloughed from your job, did your employer provide you with any of the following? Mark all that apply. - Selected Choice - Other benefit:",if furloughed,2,"9, 10",False
Furloughed,furlo_providenone,after furloughed - employer provide nothing,"0. No,
1. Yes","When you were furloughed from your job, did your employer provide you with any of the following? Mark all that apply. - Selected Choice - None",if furloughed,2,"9, 10",False
Furloughed,furlo_provideother_text,"after furloughed - employer provide other benefit, text",,"When you were furloughed from your job, did your employer provide you with any of the following? Mark all that apply. - Other benefit: - Text",if furloughed,2,"9, 10",False
Furloughed,furlo_paylength,after furloughed - how long received pay?,"1. Less than 1 month,
2. 1 month,
3. 2 months,
4. 3 months,
5. 4 months,
6. 5 months,
7. 6 months or longer",How long did you receive continuation pay while you were furloughed?,if furloughed,2,"9, 10",False
Furloughed,furlo_payamount,how much continued pay after furloughed?,"1. A very small amount of pay,
2. Some portion of my usual pay,
3. Most or all of my usual pay","During the period you were receiving severance pay, how much pay did you receive?",if furloughed,2,"9, 10",False
Furloughed,furloughed_date_expanded,furloughed date - more options,"4.  Less than 1 month ago,
5.  1 month ago,
6.  2 months ago,
7.  3 months ago,
8.  4 months ago,
12.  5 months ago,
13.  6-12 months ago,
14.  1 year or more ago",When were you furloughed by [EMPLOYERNAME]?,if furloughed,7,"10, 11, 12, 13, 15, 16, 17, 10, 11, 12, 13, 15, 16, 17",False
Furloughed,fur_job_search,furloughed - looking for work,"0. No,
1. Yes,
2. No",Are you currently looking for work?,if furloughed,6,"12, 13, 14, 15, 16, 17",False
Furloughed,fur_job_search_money,reason looking for work - money,"0. No,
1. Yes",What are the reasons you are looking for work? Mark all that apply - Selected Choice - I need the money,if furloughed &amp; currently looking for work,6,"12, 13, 14, 15, 16, 17",False
Furloughed,fur_job_search_health_ins,reason looking for work - health insurance,"0. No,
1. Yes",What are the reasons you are looking for work? Mark all that apply - Selected Choice - I need health insurance,if furloughed &amp; currently looking for work,6,"12, 13, 14, 15, 16, 17",False
Furloughed,fur_job_search_fill_time,reason looking for work - fill time,"0. No,
1. Yes",What are the reasons you are looking for work? Mark all that apply - Selected Choice - I need something to do with my time,if furloughed &amp; currently looking for work,6,"12, 13, 14, 15, 16, 17",False
Furloughed,fur_job_search_other,reason looking for work - other,"0. No,
1. Yes",What are the reasons you are looking for work? Mark all that apply - Selected Choice - Other,if furloughed &amp; currently looking for work,6,"12, 13, 14, 15, 16, 17",False
Furloughed,fur_job_nosearch_hlth_issue,reason not looking for work - health issue,"0. No,
1. Yes",Why are you not looking for work? Mark all that apply - Selected Choice - I have a health condition that limits my ability to work,if furloughed &amp; not currently looking for work,6,"12, 13, 14, 15, 16, 17",False
Furloughed,fur_job_nosearch_fin_stable,reason not looking for work - sufficient income,"0. No,
1. Yes",Why are you not looking for work? Mark all that apply - Selected Choice - I have enough income from other sources,if furloughed &amp; not currently looking for work,6,"12, 13, 14, 15, 16, 17",False
Furloughed,fur_job_nosearch_care,reason not looking for work - caregiving responsibilities,"0. No,
1. Yes",Why are you not looking for work? Mark all that apply - Selected Choice - I have caregiving responsibilities that limit my ability to work,if furloughed &amp; not currently looking for work,6,"12, 13, 14, 15, 16, 17",False
Furloughed,fur_job_nosearch_other,reason not looking for work - other,"0. No,
1. Yes",Why are you not looking for work? Mark all that apply - Selected Choice - Other reasons,if furloughed &amp; not currently looking for work,6,"12, 13, 14, 15, 16, 17",False
Furloughed,fur_work_hours_lastmonth,hours per week worked in the past month,,Unemployed people sometimes do some work for pay. About how many hours per week did you work in the past month?,if furloughed,6,"12, 13, 14, 15, 16, 17",False
Furloughed,fur_work_lastmonth_money,reason worked past month - need money,"0. No,
1. Yes",Why did you work last month? Mark all that apply - Selected Choice - I need the money,if furloughed &amp; worked in past month,6,"12, 13, 14, 15, 16, 17",False
Furloughed,fur_work_lastmon_hlth_ins,reason worked past month - health insurance,"0. No,
1. Yes",Why did you work last month? Mark all that apply - Selected Choice - I need health insurance,if furloughed &amp; worked in past month,6,"12, 13, 14, 15, 16, 17",False
Furloughed,fur_work_lastmon_fill_time,reason worked past month - fill time,"0. No,
1. Yes",Why did you work last month? Mark all that apply - Selected Choice - I need something to do with my time,if furloughed &amp; worked in past month,6,"12, 13, 14, 15, 16, 17",False
Furloughed,fur_work_lastmonth_other,reason worked past month - other,"0. No,
1. Yes",Why did you work last month? Mark all that apply - Selected Choice - Other,if furloughed &amp; worked in past month,6,"12, 13, 14, 15, 16, 17",False
Furloughed,furloughed_date_expanded,furloughed_date -expanded options,"4.  Less than 1 month ago,
5.  1 month ago,
6.  2 months ago,
7.  3 months ago,
8.  4 months ago,
12.  5 months ago,
13.  6-12 months ago,
14.  1 year or more ago",When were you furloughed from [QID1210938442-ChoiceGroup-SelectedChoicesTextEntry]?,if furloughed,7,"10, 11, 12, 13, 15, 16, 17, 10, 11, 12, 13, 15, 16, 17",False
Furloughed,benefits_paidsick_pre_fur,benefits before furloughed - paid sick leave,"0.  No,
1.  Yes","Now, please look at the following list of benefits that employers sometimes make available to their employees. Which of the benefits on this list did you receive as part of your job at ${q://QID942/ChoiceGroup/SelectedChoicesTextEntry}, prior to being furloughed? Please mark all that apply.",if furloughed,1,8,False
Furloughed,benefits_paidvac_pre_fur,benefits before furloughed - paid vacation,"0.  No,
1.  Yes","Now, please look at the following list of benefits that employers sometimes make available to their employees. Which of the benefits on this list did you receive as part of your job at ${q://QID942/ChoiceGroup/SelectedChoicesTextEntry}, prior to being furloughed? Please mark all that apply.",if furloughed,1,8,False
Furloughed,benefits_health_pre_fur,benefits before furloughed - health insurance,"0.  No,
1.  Yes","Now, please look at the following list of benefits that employers sometimes make available to their employees. Which of the benefits on this list did you receive as part of your job at ${q://QID942/ChoiceGroup/SelectedChoicesTextEntry}, prior to being furloughed? Please mark all that apply.",if furloughed,1,8,False
Furloughed,benefits_dental_pre_fur,benefits before furloughed - dental insurance,"0.  No,
1.  Yes","Now, please look at the following list of benefits that employers sometimes make available to their employees. Which of the benefits on this list did you receive as part of your job at ${q://QID942/ChoiceGroup/SelectedChoicesTextEntry}, prior to being furloughed? Please mark all that apply.",if furloughed,1,8,False
Furloughed,benefits_paidleave_pre_fur,benefits before furloughed - paid leave,"0.  No,
1.  Yes","Now, please look at the following list of benefits that employers sometimes make available to their employees. Which of the benefits on this list did you receive as part of your job at ${q://QID942/ChoiceGroup/SelectedChoicesTextEntry}, prior to being furloughed? Please mark all that apply.",if furloughed,1,8,False
Furloughed,benefits_unpaidlv_pre_fur,benefits before furloughed - unpaid leave,"0.  No,
1.  Yes","Now, please look at the following list of benefits that employers sometimes make available to their employees. Which of the benefits on this list did you receive as part of your job at ${q://QID942/ChoiceGroup/SelectedChoicesTextEntry}, prior to being furloughed? Please mark all that apply.",if furloughed,1,8,False
Furloughed,benefits_retirement_pre_fur,benefits before furloughed - retirement plan,"0.  No,
1.  Yes","Now, please look at the following list of benefits that employers sometimes make available to their employees. Which of the benefits on this list did you receive as part of your job at ${q://QID942/ChoiceGroup/SelectedChoicesTextEntry}, prior to being furloughed? Please mark all that apply.",if furloughed,1,8,False
Furloughed,benefits_tuition_pre_fur,benefits before furloughed - tuition assistance,"0.  No,
1.  Yes","Now, please look at the following list of benefits that employers sometimes make available to their employees. Which of the benefits on this list did you receive as part of your job at ${q://QID942/ChoiceGroup/SelectedChoicesTextEntry}, prior to being furloughed? Please mark all that apply.",if furloughed,1,8,False
Furloughed,benefits_childcare_pre_fur,benefits before furloughed - child care,"0.  No,
1.  Yes","Now, please look at the following list of benefits that employers sometimes make available to their employees. Which of the benefits on this list did you receive as part of your job at ${q://QID942/ChoiceGroup/SelectedChoicesTextEntry}, prior to being furloughed? Please mark all that apply.",if furloughed,1,8,False
Furloughed,benefits_none_pre_fur,benefits before furloughed - none,"0.  No,
1.  Yes","Now, please look at the following list of benefits that employers sometimes make available to their employees. Which of the benefits on this list did you receive as part of your job at ${q://QID942/ChoiceGroup/SelectedChoicesTextEntry}, prior to being furloughed? Please mark all that apply.",if furloughed,1,8,False
Furloughed,benefits_notreceive_on_fur,no benefits on furlough,"0.  No,
1.  Yes","Which of these benefits are you still receiving from [EMPLOYER NAME], now that you are furloughed?",if furloughed &amp; receiving benefits,1,8,False
Furloughed,benefits_paidsick_on_fur,benefits on furlough - paid sick leave,"0.  No,
1.  Yes","Which of these benefits are you still receiving from [EMPLOYER NAME], now that you are furloughed?",if furloughed &amp; receiving benefits,1,8,False
Furloughed,benefits_paidvac_on_fur,benefits on furlough - paid vacation,"0.  No,
1.  Yes","Which of these benefits are you still receiving from [EMPLOYER NAME], now that you are furloughed?",if furloughed &amp; receiving benefits,1,8,False
Furloughed,benefits_health_on_fur,benefits on furlough - health insurance,"0.  No,
1.  Yes","Which of these benefits are you still receiving from [EMPLOYER NAME], now that you are furloughed?",if furloughed &amp; receiving benefits,1,8,False
Furloughed,benefits_dental_on_fur,benefits on furlough - dental insurance,"0.  No,
1.  Yes","Which of these benefits are you still receiving from [EMPLOYER NAME], now that you are furloughed?",if furloughed &amp; receiving benefits,1,8,False
Furloughed,benefits_paidleave_on_fur,benefits on furlough - paid leave,"0.  No,
1.  Yes","Which of these benefits are you still receiving from [EMPLOYER NAME], now that you are furloughed?",if furloughed &amp; receiving benefits,1,8,False
Furloughed,benefits_unpaidleave_on_fur,benefits on furlough - unpaid leave,"0.  No,
1.  Yes","Which of these benefits are you still receiving from [EMPLOYER NAME], now that you are furloughed?",if furloughed &amp; receiving benefits,1,8,False
Furloughed,benefits_retirement_on_fur,benefits on furlough - retirement plan,"0.  No,
1.  Yes","Which of these benefits are you still receiving from [EMPLOYER NAME], now that you are furloughed?",if furloughed &amp; receiving benefits,1,8,False
Furloughed,benefits_tuition_on_fur,benefits on furlough - tuition assistance,"0.  No,
1.  Yes","Which of these benefits are you still receiving from [EMPLOYER NAME], now that you are furloughed?",if furloughed &amp; receiving benefits,1,8,False
Furloughed,benefits_childcare_on_fur,benefits on furlough - child care,"0.  No,
1.  Yes","Which of these benefits are you still receiving from [EMPLOYER NAME], now that you are furloughed?",if furloughed &amp; receiving benefits,1,8,False
Furloughed,benefits_none_on_fur,benefits on furlough - none,"0.  No,
1.  Yes","Which of these benefits are you still receiving from [EMPLOYER NAME], now that you are furloughed?",if furloughed &amp; receiving benefits,1,8,False
Temporary Worker,curr_temp_work,currently paid by temporary help agency to work,"1. Yes,
2. No,
3. Don't know,
4. Refuse","Are you currently paid by a temporary help agency to work for ${e://Field/EMPLOYERNAME}, such as PeopleReady, Instawork, or Adecco? A temporary help agency assigns people to work at other companies and handles all worker payments.",,1,17,False
Temporary Worker,independent_contractor,"currently independent contractor, consultant, or freelancer","1. Yes,
2. No,
3. Don't know,
4. Refuse","Does ${e://Field/EMPLOYERNAME} classify you as an independent contractor, independent consultant, or a free-lance worker? These workers usually do not have taxes taken out of their paycheck by their employer.",,1,17,False
Temporary Worker,initial_temp_work,intially assigned to employer through temporary help agency,"1. Yes,
2. No,
3. Don't know,
4. Refuse","Were you initially assigned to ${e://Field/EMPLOYERNAME} through a temporary help agency, such as PeopleReady, Instawork, or Adecco?",If not currently paid by temporary help agency to work,1,17,False
Temporary Worker,curr_assignment_length,length of current temporary assignment,"1. Less than 1 week,
4. At least 1 week but less than 1 month,
5. 1-6 months,
6. 7-11 months,
7. 1 year or more,
8. Donâ€™t know,
9. Refuse",How long is your current assignment at ${e://Field/EMPLOYERNAME} expected to last (total duration)?,If currently paid by temporary help agency to work,1,17,False
Temporary Worker,temp_work_org_length,length of tenure with temporary help agency,"1. Less than 1 week,
4. At least 1 week but less than 1 month,
5. 1-6 months,
6. 7-11 months,
7. 1 year or more,
8. Donâ€™t know,
9. Refuse",How long have you done work assignments of any kind for this temporary help agency?,If currently paid by temporary help agency to work,1,17,False
Temporary Worker,why_temp_work,main reason why working for temporary help agency,"1. The pay is higher than other jobs,
10. To get a permanent job at a company like,
11. Only type of work I could find,
12. To obtain experience/training,
13. Flexibility of schedule,
14. In school/training,
15. Childcare problems,
16. Health limitations,
17. Only wanted to work for a short period of time,
18. Donâ€™t know,
19. Other (specify):",People work for temporary help agencies for a variety of reasons. What is the main reason you work for a temporary help agency?,If currently paid by temporary help agency to work,1,17,False
Temporary Worker,why_temp_work_text,"main reason why working for temporary help agency, text",,People work for temporary help agencies for a variety of reasons. What is the main reason you work for a temporary help agency?,If currently paid by temporary help agency to work,1,17,False
Unidentified Folks,UF_did_last_week,Unidentified folks - Did you do any of these in the last week?,"1. Worked for pay at job/business,
2. Worked without pay at a job/business,
4. Employed but not working,
6. Was on temporary leave from my job,
7. On vacation from my job,
8. Did gig work,
9. Was self-employed,
10. None of these",,,4,"14, 15, 16, 17",False
Unidentified Folks,UF_status,Unidentified folks - unidentified status,"1. I was fired,
2. I was at a temporary job that ended,
3. On a temporary leave (parental leave, health leave, etc),
4. Other. Please specify:",embedded variable,,6,"12, 13, 14, 15, 16, 17",False
Unidentified Folks,UF_status_text,"Unidentified folks - unidentified status, text",,,,6,"12, 13, 14, 15, 16, 17",False
Unidentified Folks,longwork_UF,Unidentified folks - job tenure at former employer before left,"1. Less than 1 year,
2. 1 year,
3. 2 years,
4. 3 years,
5. 4 years,
6. 5 years,
7. 6 years,
8. 7 years,
9. 8 years,
10. 9 years,
11. 10 years or more,
12. Don't know/refuse",How long did you work at EMPLOYERNAME?,if unidentified,6,"12, 13, 14, 15, 16, 17",False
Unidentified Folks,UF_why_fired,Unidentified folks - Why fired?,,What was the reason you were fired from your job?,if fired,6,"12, 13, 14, 15, 16, 17",False
Unidentified Folks,UF_job_search,Unidentified folks - Have you looked for a job in the last week?,"0. No,
1. Yes,
2. No",Have you looked for a job in the last week?/Are you currently looking for work?(Fa '22),if unidentified,6,"12, 13, 14, 15, 16, 17",False
Unidentified Folks,UF_job_search_money,Unidentified folks - reason looking for work -need money,"0. No,
1. Yes",What are the reasons you are looking for work? Mark all that apply. - I need the money,,5,"13, 14, 15, 16, 17",False
Unidentified Folks,UF_job_search_health_ins,Unidentified folks - reason looking for work -need health insurance,"0. No,
1. Yes",What are the reasons you are looking for work? Mark all that apply. - I need health insurance,,5,"13, 14, 15, 16, 17",False
Unidentified Folks,UF_job_search_fill_time,Unidentified folks - reason looking for work -fill time,"0. No,
1. Yes",What are the reasons you are looking for work? Mark all that apply. - I need something to do with my time,,5,"13, 14, 15, 16, 17",False
Unidentified Folks,UF_job_search_other,Unidentified folks - reason looking for work -other,"0. No,
1. Yes",What are the reasons you are looking for work? Mark all that apply. - Other,,5,"13, 14, 15, 16, 17",False
Unidentified Folks,UF_job_nosrch_hlth_iss,Unidentified folks - reason not looking for work - health issue,"0. No,
1. Yes",Why are you not looking for work? Mark all that apply. - I have a health condition that limits my ability to work,,5,"13, 14, 15, 16, 17",False
Unidentified Folks,UF_job_nosrch_fin_stbl,Unidentified folks - reason not looking for work -sufficient income,"0. No,
1. Yes",Why are you not looking for work? Mark all that apply. - I have enough income from other sources,,5,"13, 14, 15, 16, 17",False
Unidentified Folks,UF_job_nosrch_care,Unidentified folks - reason not looking for work - caregiving responsibilities,"0. No,
1. Yes",Why are you not looking for work? Mark all that apply. - I have caregiving responsibilities that limit my ability to work,,5,"13, 14, 15, 16, 17",False
Unidentified Folks,UF_job_nosrch_other,Unidentified folks - reason not looking for work - other,"0. No,
1. Yes",Why are you not looking for work? Mark all that apply. - Other reasons,,5,"13, 14, 15, 16, 17",False
Unidentified Folks,UF_work_hours_lastmonth,Unidentified folks  - hours per week worked for pay last month,,Unemployed people sometimes do some work for pay. About how many hours per week did you work in the past month?,,5,"13, 14, 15, 16, 17",False
Unidentified Folks,UF_work_lastmonth_money,Unidentified folks - why work last month? - need money,"0. No,
1. Yes",Why did you work last month? Mark all that apply. - I need the money,,5,"13, 14, 15, 16, 17",False
Unidentified Folks,UF_work_lstmon_hlth_ins,Unidentified folks - why work last month? - need health insurance,"0. No,
1. Yes",Why did you work last month? Mark all that apply. - I need the health insurance,,5,"13, 14, 15, 16, 17",False
Unidentified Folks,UF_work_lstmon_fill,Unidentified folks - why work last month? - to occupy time,"0. No,
1. Yes",Why did you work last month? Mark all that apply. - I need something to do with my time,,5,"13, 14, 15, 16, 17",False
Unidentified Folks,UF_work_lstmon_other,Unidentified folks - why work last month? - other,"0. No,
1. Yes",Why did you work last month? Mark all that apply. - Other,,5,"13, 14, 15, 16, 17",False
EITC,eitc_closed,randomization indicator variable - EITC  closed,,Block Randomizer - Display Order - EITC Closed-Ended,System variable - assignment to open or closed EITC use Qs (failed),1,10,False
EITC,eitc_open,randomization indicator variable - EITC open,,Block Randomizer - Display Order - EITC Open-Ended,System variable - assignment to open or closed EITC use Qs (failed),1,10,False
EITC,stim_pay_appliance_closed,stimulus use - appliances,"0.  No,
1.  Yes",Have you spent or do you plan to spend your stimulus payment on any of the following? (Mark all that apply) - Selected Choice - Furniture or appliance purchase,if received stimulus payment in 2020,1,10,False
EITC,stim_pay_groceries_closed,stimulus use - groceries,"0.  No,
1.  Yes",Have you spent or do you plan to spend your stimulus payment on any of the following? (Mark all that apply) - Selected Choice - Shopping/groceries,if received stimulus payment in 2020,1,10,False
EITC,stim_pay_oth_text_closed,"stimulus use - other, text",,Have you spent or do you plan to spend your stimulus payment on any of the following?  - Other text,if received stimulus payment in 2020,1,10,False
EITC,stim_pay_paybills_closed,stimulus use - pay bills,"0.  No,
1.  Yes",Have you spent or do you plan to spend your stimulus payment on any of the following? (Mark all that apply) - Selected Choice - Pay off bills,if received stimulus payment in 2020,1,10,False
EITC,stim_pay_vacation_closed,stimulus use - vacation,"0.  No,
1.  Yes",Have you spent or do you plan to spend your stimulus payment on any of the following? (Mark all that apply) - Selected Choice - Special treat/vacation,if received stimulus payment in 2020,1,10,False
EITC,stimulus_pay_amount_harm,"stimulus amount (dollars), harmonized",,How much did you receive in your stimulus?,if received stimulus payment in 2020,1,10,False
EITC,stimulus_pay_car_closed,stimulus use - car,"0.  No,
1.  Yes",Please tell us a little more about how you plan to spend your refund. Have you spent or do you plan to spend your stimulus payment on any of the following? (Mark all that apply) - Selected Choice - Car purchase or repair,if received stimulus payment in 2020,1,10,False
EITC,stimulus_pay_ccdebt_closed,stimulus use - credit card debt payment,"0.  No,
1.  Yes",Please tell us a little more about how you plan to spend your refund. Have you spent or do you plan to spend your stimulus payment on any of the following? (Mark all that apply) - Selected Choice - Pay off credit card debt,if received stimulus payment in 2020,1,10,False
EITC,stimulus_pay_dkr_closed,stimulus use - dkr,"0.  No,
1.  Yes",Please tell us a little more about how you plan to spend your refund. Have you spent or do you plan to spend your stimulus payment on any of the following? (Mark all that apply) - Selected Choice - Don't know/refuse,if received stimulus payment in 2020,1,10,False
EITC,stimulus_pay_family_closed,stimulus use - family,"0.  No,
1.  Yes",Please tell us a little more about how you plan to spend your refund. Have you spent or do you plan to spend your stimulus payment on any of the following? (Mark all that apply) - Selected Choice - Help other family,if received stimulus payment in 2020,1,10,False
EITC,stimulus_pay_kids_closed,stimulus use - kids,"0.  No,
1.  Yes",Please tell us a little more about how you plan to spend your refund. Have you spent or do you plan to spend your stimulus payment on any of the following? (Mark all that apply) - Selected Choice - Purchases for kids,if received stimulus payment in 2020,1,10,False
EITC,stimulus_pay_othdebt_closed,stimulus use - other debt payment,"0.  No,
1.  Yes",Please tell us a little more about how you plan to spend your refund. Have you spent or do you plan to spend your stimulus payment on any of the following? (Mark all that apply) - Selected Choice - Pay off other debts,if received stimulus payment in 2020,1,10,False
EITC,stimulus_pay_other_closed,stimulus use - other,"0.  No,
1.  Yes",Please tell us a little more about how you plan to spend your refund. Have you spent or do you plan to spend your stimulus payment on any of the following? (Mark all that apply) - Selected Choice - Other,if received stimulus payment in 2020,1,10,False
EITC,stimulus_pay_received_harm,received stimulus payment,"0. No,
1. Yes,
2. No,
3. Don't know/refuse",Did you receive a stimulus payment?,,1,10,False
EITC,stimulus_pay_rent_closed,stimulus use - rent,"0.  No,
1.  Yes",Please tell us a little more about how you plan to spend your refund. Have you spent or do you plan to spend your stimulus payment on any of the following? (Mark all that apply) - Selected Choice - Mortgage or rent,if received stimulus payment in 2020,1,10,False
EITC,stimulus_pay_savings_closed,stimulus use - savings,"0.  No,
1.  Yes",Please tell us a little more about how you plan to spend your refund. Have you spent or do you plan to spend your stimulus payment on any of the following? (Mark all that apply) - Selected Choice - Savings,if received stimulus payment in 2020,1,10,False
EITC,stimulus_pay_use_open,how spend stiumulus payment - free text,,How have you spent or how do you plan to spend your stimulus payment?,if received stimulus payment in 2020,1,10,False
EITC,tax_filed_harm,"filed tax return 2020, harmonized","0. No,
1. Yes,
2. No,
3. Don't know/refuse",Have you filed your tax return for 2020? (These are the taxes based on your earnings in calendar year 2020),,1,10,False
EITC,tax_method_harm,"how did you prepare your taxes?, harmonized","3. Paid Preparer in Person,
4. VITA Center,
5. Paid Online Software,
6. Other,
7. I did my own taxes, did not pay anyone,
8. Friend or Family did them for free",How did you prepare your taxes?,if tax_filed = yes,1,10,False
EITC,tax_prep_cost_harm,"cost of tax prep (dollars), harmonized",,"How much did it cost to do your tax preparation? (For example, if you paid $40, enter 40.)",if tax_method_harm == 3 | 5,1,10,False
EITC,tax_preparer_harm,"what in-person tax prep service did you use?, harmonized","1. H&amp;R Block,
2. Jackson Hewitt,
3. Liberty Tax,
4. Other",What in-person paid preparer did you use? - harmonized,if tax_method_harm == 3,1,10,False
EITC,tax_preparer_other_text_harm,other in-person tax prep service - harmonized,,What in-person paid preparer did you use? - text (harmonized),,1,10,False
EITC,tax_method_other_text_harm,"other tax pre method, open",,Which of the following best describes how you prepared your taxes? - Other (harmonized),if filed tax return in 2020 == 1,1,10,False
EITC,tax_refund_received_harm,"recieved 2020 tax refund, harmonized","1. Yes, I received my refund,
2. No, I expect a refund, but haven't received it yet,
3. No, I don't expect a refund,
4. Don't know/refuse",Have you received a 2020 tax refund?,if filed tax return in 2020 == 1,1,10,False
EITC,tax_refund_amount_open,"tax refund amount 2020 (dollars), open",,DROP,,1,10,False
EITC,tax_refund_use_open,"how spend 2020 tax refund - other, open",,How have you spent or how do you plan to spend your 2020 tax refund? - text,if tax_refund_received_harm == 1 | 2 (received or expected),1,10,False
EITC,tax_software_harm,"what online tax prep service did you use?, harmonized","1. TurboTax,
2. H&amp;R Block,
3. TaxAct,
4. Jackson Hewitt,
5. Other",What paid tax preparation software did you use? - harmonized,if prepared taxes with online service,1,10,False
EITC,tax_software_oth_text_open,"other online tax prep service used,  open",,What paid tax preparation software did you use? - other (text),if prepared taxes with online service,1,10,False
EITC,tax_software_oth_txt_closed,"other online tax prep service used, closed",,What paid tax preparation software did you use? - other,if prepared taxes with online service,1,10,False
EITC,tax_software_other_text_harm,"other online tax prep service used,  harmonized",,What paid tax preparation software did you use? - other (harmonized),if prepared taxes with online service,1,10,False
Politics,primary_vote,vote in state primary?,"1. Yes, I voted,
2. I usually vote, but did not in this election,
3. No, I did not vote in this election,
4. I am not eligible to vote,
5. Other,
6. Don't know/refuse",Did you vote in your state’s primary election or caucus? This would have been in February or March 2020.,"If GeoIP = AL, AR, CA, CO, IA, ME, MA, MN, NV, NH, NC, OK, SC, TN, TX, UT, VA, VT Or Employer State = 1 Or Employer State = 4 Or Employer State = 5 Or Employer State = 6 Or Employer State = 15 Or Employer State = 19 Or Employer State = 21 Or Employer State = 23 Or Employer State = 28 Or Employer State = 29 Or Employer State = 33 Or Employer State = 36 Or Employer State = 40 Or Employer State = 42 Or Employer State = 43 Or Employer State = 44 Or Employer State = 45 Or Employer State = 46 &amp; if H2.1 = 1",1,8,False
Politics,primary_choice,choice in presidential primary,"1. Bernie Sanders,
2. Joe Biden,
3. Michael Bloomberg,
4. Elizabeth Warren,
5. Another Democrat,
6. Donald Trump,
7. Another Republican,
8. Other,
9. Don't know/refuse","In the Presidential primary or caucus, which candidate is your choice for the nomination?","If GeoIP = AL, AR, CA, CO, IA, ME, MA, MN, NV, NH, NC, OK, SC, TN, TX, UT, VA, VT Or Employer State = 1 Or Employer State = 4 Or Employer State = 5 Or Employer State = 6 Or Employer State = 15 Or Employer State = 19 Or Employer State = 21 Or Employer State = 23 Or Employer State = 28 Or Employer State = 29 Or Employer State = 33 Or Employer State = 36 Or Employer State = 40 Or Employer State = 42 Or Employer State = 43 Or Employer State = 44 Or Employer State = 45 Or Employer State = 46 &amp; if H2.1 = 1",1,8,False
Politics,primary_choice_text,choice in presidential primary - other,,"In the Presidential primary or caucus, which candidate is your choice for the nomination? - other","If GeoIP = AL, AR, CA, CO, IA, ME, MA, MN, NV, NH, NC, OK, SC, TN, TX, UT, VA, VT Or Employer State = 1 Or Employer State = 4 Or Employer State = 5 Or Employer State = 6 Or Employer State = 15 Or Employer State = 19 Or Employer State = 21 Or Employer State = 23 Or Employer State = 28 Or Employer State = 29 Or Employer State = 33 Or Employer State = 36 Or Employer State = 40 Or Employer State = 42 Or Employer State = 43 Or Employer State = 44 Or Employer State = 45 Or Employer State = 46 &amp; if H2.1 = 1 &amp; if H2.2 = 11",1,8,False
Politics,general_choice,choice in presidential general election,"2. Joe Biden,
6. Donald Trump,
8. Other,
9. Don't know/refuse,
10. Howie Hawkins,
11. Jo Jorgensen","In the 2020 United States presidential election, which candidate is your choice for the presidency?",,1,9,False
Politics,general_choice_text,choice in presidential general election - other,,"In the 2020 United States presidential election, which candidate is your choice for the presidency? - other",If presidency choice = Other,1,9,False
Politics,participation_mtg,in the last year - attend political meeting,"0. No,
1. Yes,
2. No","During the past year, did you attend a political meeting?",,2,"8, 9",False
Politics,participation_contact,in the last year - contact a public official,"0. No,
1. Yes,
2. No","During the past year, did you contact a public official?",,2,"8, 9",False
Politics,participation_campaign,in the last year -work for a campaign,"0. No,
1. Yes,
2. No","During the past year, work for a candidate or campaign?",,2,"8, 9",False
Politics,participation_protest,in the last year - attend a demonstration,"0. No,
1. Yes,
2. No","During the past year, did you attend a political protest, march, or demonstration?",,2,"8, 9",False
Politics,participation_donate,in the last year -donate money to politics,"0. No,
1. Yes,
2. No","During the past year, did you donate money to a candiate, campaign, or political organization?",,2,"8, 9",False
Politics,participation_sign,in the last year - put up political sign,"0. No,
1. Yes,
2. No","During the past year, did you put up a political sign?",,2,"8, 9",False
Politics,party_id,party affiliation,"1. Democrat,
2. Republican,
3. Independent,
4. Other","Generally speaking, do you think of yourself as a…",,2,"8, 9",False
Politics,party_strong,party affiliation strength,"1. Strong,
2. Not so strong",Would you call yourself a strong (Democrat or Republican) or a not so strong (Democrat or Republican)?,If party affiliation is democrat or republican,1,8,False
Politics,party_id_lean,party affiliation leadning,"1. Democratic Party,
2. Republican Party,
3. Neither,
4. Don't know/refuse",Do you think of yourself as closer to the Democraic or the Republican Party?,If party affiliation is indepdenent or other,1,8,False
Politics,pol_int,follow public affairs,"1. Most of the time,
2. Some of the time,
3. Only now and then,
4. Hardly at all","Some people seem to follow what’s going on in government and public affairs most of the time, whether there’s an election going on or not. Others aren’t that interested. Would you say you follow what’s going on in government and public affairs...",,1,8,False
Politics,efficacy_ex,public officials don't care,"1. Strongly agree,
2. Somewhat agree,
3. Neither agree nor disagree,
4. Somewhat disagree,
5. Strongly disagree","In general, would you say you agree or disagree with the following  statement: Public officials don’t care much what people like me think.",,1,8,False
Politics,efficacy_in,have no say in government,"1. Strongly agree,
2. Somewhat agree,
3. Neither agree nor disagree,
4. Somewhat disagree,
5. Strongly disagree","In general, would you say you agree or disagree with the following statement: People like me have no say over what the government does.",,1,8,False
Politics,trustinst_corp,trust in corporations,"1. No confidence at all,
2. No confidence at all,
3. No confidence at all,
4. No confidence at all,
5. No confidence at all",How much confidence do you have in major companies?,,1,8,False
Politics,trustinst_educ,trust in education,"1. No confidence at all,
2. No confidence at all,
3. No confidence at all,
4. No confidence at all,
5. No confidence at all",How much confidence do you have in education?,,1,8,False
Politics,trustinst_exec,trust in executive branch,"1. No confidence at all,
2. No confidence at all,
3. No confidence at all,
4. No confidence at all,
5. No confidence at all",How much confidence do you have in the executive branch of the U.S. government?,,1,8,False
Politics,trustinst_scotus,trust in supreme court,"1. No confidence at all,
2. No confidence at all,
3. No confidence at all,
4. No confidence at all,
5. No confidence at all",How much confidence do you have in the U.S. supreme court?,,1,8,False
Politics,trustinst_cong,trust in congress,"1. No confidence at all,
2. No confidence at all,
3. No confidence at all,
4. No confidence at all,
5. No confidence at all",How much confidence do you have in the U.S. Congress?,,1,8,False
Politics,trustinst_bank,trust in financial institutions,"1. No confidence at all,
2. No confidence at all,
3. No confidence at all,
4. No confidence at all,
5. No confidence at all",How much confidence do you have in banks and financial institutions?,,1,8,False
Politics,trustinst_union,trust in unions,"1. No confidence at all,
2. No confidence at all,
3. No confidence at all,
4. No confidence at all,
5. No confidence at all",How much confidence do you have in labor unions?,,1,8,False
Politics,trustinst_media,trust in media,"1. No confidence at all,
2. No confidence at all,
3. No confidence at all,
4. No confidence at all,
5. No confidence at all",How much confidence do you have in the news media?,,1,8,False
Politics,unionpolicy,support for easier unionization,"1. Support,
2. Oppose",Do you support or oppse a policy that would make it easier to form labor unions?,,1,8,False
Politics,ideology,political ideology,"1. Very liberal,
2. Liberal,
3. Moderate,
4. Conservative,
5. Very conservative","In general, how would you describe your own political viewpoint?",,2,"8, 9",False
Politics,rel_att,freq attend religious services,"-99. ,
1. More than once a week,
2. Once a week,
3. One or twice a month,
4. A few times a year,
5. Seldom,
6. Never","Aside from weddings and funerals, how often do you attend religious services?",,1,8,False
Class Mobility,social_class,social class identification,"1. Lower class,
2. Lower middle class,
3. Middle class,
4. Upper middle class,
5. Upper class,
6. Don't know/refuse",Most people see themselves as belonging to a particular class. Which social class you would say y...,,1,12,False
Class Mobility,why_socialclass_job,social class defined by - job,"0. No,
1. Yes",What aspects of your life make you feel like you are [SOCIAL CLASS] - My job,,1,12,False
Class Mobility,why_socialclass_income,social class defined by - income,"0. No,
1. Yes",What aspects of your life make you feel like you are [SOCIAL CLASS] - My household's income,,1,12,False
Class Mobility,why_socialclass_educ,social class defined by - education,"0. No,
1. Yes",What aspects of your life make you feel like you are [SOCIAL CLASS] - How much education I've completed,,1,12,False
Class Mobility,why_socialclass_savings,social class defined by - savings,"0. No,
1. Yes",What aspects of your life make you feel like you are [SOCIAL CLASS] - The level of my savings/wealth,,1,12,False
Class Mobility,why_socialclass_ownhome,social class defined by - home ownership,"0. No,
1. Yes",What aspects of your life make you feel like you are [SOCIAL CLASS] - Owning my own home,,1,12,False
Class Mobility,why_socialclass_parentjob,social class defined by - parent job,"0. No,
1. Yes",What aspects of your life make you feel like you are [SOCIAL CLASS] - What my mother/father did for work,,1,12,False
Class Mobility,why_socclass_neighbd,social class defined by - neighborhood,"0. No,
1. Yes",What aspects of your life make you feel like you are [SOCIAL CLASS] - My neighborhood,,1,12,False
Class Mobility,why_socialclass_interests,social class defined by - interests,"0. No,
1. Yes","What aspects of your life make you feel like you are [SOCIAL CLASS] - The kinds of things (music, sports, art) that I like",,1,12,False
Class Mobility,why_socialclass_other,social class defined by - other,"0. No,
1. Yes",What aspects of your life make you feel like you are [SOCIAL CLASS] - Other:,,1,12,False
Class Mobility,why_socialclass_dkr,social class defined by - don't know/refuse,"0. No,
1. Yes",What aspects of your life make you feel like you are [SOCIAL CLASS] - Don't know/refuse,,1,12,False
Class Mobility,why_socialclass_other_text,social class defined by - text,,What aspects of your life make you feel like you are [SOCIAL CLASS] - Other,,1,12,False
Class Mobility,working_class,working class identification,"0. No,
1. Yes,
2. No,
3. Don't know/refuse",Would you say that you are also working class?,,1,12,False
Class Mobility,why_workingclass_job,working class defined by - job,"0. No,
1. Yes","When you say that you are working class, what aspects of your life make you feel like you are working class - My job",if working_class == 1,1,12,False
Class Mobility,why_workingclass_income,working class defined by - income,"0. No,
1. Yes","When you say that you are working class, what aspects of your life make you feel like you are working class - My household's income",if working_class == 1,1,12,False
Class Mobility,why_workingclass_educ,working class defined by - education,"0. No,
1. Yes","When you say that you are working class, what aspects of your life make you feel like you are working class - How much education I've completed",if working_class == 1,1,12,False
Class Mobility,why_workingclass_savings,working class defined by - savings,"0. No,
1. Yes","When you say that you are working class, what aspects of your life make you feel like you are working class - The level of my savings/wealth",if working_class == 1,1,12,False
Class Mobility,why_workingclass_ownhome,working class defined by - home ownership,"0. No,
1. Yes","When you say that you are working class, what aspects of your life make you feel like you are working class - Owning my own home",if working_class == 1,1,12,False
Class Mobility,why_workingclass_parentjob,working class defined by - parent job,"0. No,
1. Yes","When you say that you are working class, what aspects of your life make you feel like you are working class - What my mother/father did for work",if working_class == 1,1,12,False
Class Mobility,why_workclass_neighbd,working class defined by - neighborhood,"0. No,
1. Yes","When you say that you are working class, what aspects of your life make you feel like you are working class - My neighborhood",if working_class == 1,1,12,False
Class Mobility,why_workingclass_interests,working class defined by - interests,"0. No,
1. Yes","When you say that you are working class, what aspects of your life make you feel like you are working class - The kinds of things (music, sports, art) that I like",if working_class == 1,1,12,False
Class Mobility,why_workingclass_other,working class defined by - other,"0. No,
1. Yes","When you say that you are working class, what aspects of your life make you feel like you are working class - Other:",if working_class == 1,1,12,False
Class Mobility,why_workingclass_dkr,working class  defined by- dk/ref,"0. No,
1. Yes","When you say that you are working class, what aspects of your life make you feel like you are working class - Don't know/refuse",if working_class == 1,1,12,False
Class Mobility,why_workingclass_other_text,working class defined by - text,,"When you say that you are working class, what aspects of your life make you feel like you are working class - Other:",if working_class == 1,1,12,False
Class Mobility,job_compare_parent,current job compared to parent,"1. Much better,
2. Somewhat better,
3. The same,
4. Somewhat worse,
5. Much worse,
6. Don't know/refuse",Please consider your parent who had the highest earning job in your family while you were growing up. Is your current job better or worse than their job was?,,1,12,False
Class Mobility,current_econ_desc,family current economic situation,"1. Economically stable,
2. Getting worse economically, falling behind,
3. Getting better economically, getting ahead,
4. Don't know/refuse,
5. Just getting by",Which of the following best describes how things are going for your family economically these days?,,1,12,False
Class Mobility,current_work_towards,currently working towards,"1. Achieving financial stability,
2. Moving up the income ladder,
3. Don't know/refuse,
4. Being able to make ends meet",What are you currently working towards?,,1,12,False
Class Mobility,getahead_famwealth,importance in getting ahead - family wealth,"1. Essential,
2. Important but not essential,
3. Not important,
4. Don't know/refuse","Please indicate how essential, important, or not important you think each of the following is for getting ahead in life - Coming from a wealthy family",,1,12,False
Class Mobility,getahead_parenteduc,importance in getting ahead - parent education,"1. Essential,
2. Important but not essential,
3. Not important,
4. Don't know/refuse","Please indicate how essential, important, or not important you think each of the following is for getting ahead in life - Having well-educated parents",,1,12,False
Class Mobility,getahead_educ,importance in getting ahead - education,"1. Essential,
2. Important but not essential,
3. Not important,
4. Don't know/refuse","Please indicate how essential, important, or not important you think each of the following is for getting ahead in life - Having a good education",,1,12,False
Class Mobility,getahead_connections,importance in getting ahead - connections,"1. Essential,
2. Important but not essential,
3. Not important,
4. Don't know/refuse","Please indicate how essential, important, or not important you think each of the following is for getting ahead in life - Knowing the right people",,1,12,False
Class Mobility,getahead_hardwork,importance in getting ahead - hard work,"1. Essential,
2. Important but not essential,
3. Not important,
4. Don't know/refuse","Please indicate how essential, important, or not important you think each of the following is for getting ahead in life - Hard work",,1,12,False
Class Mobility,getahead_racegender,importance in getting ahead - race/gender,"1. Essential,
2. Important but not essential,
3. Not important,
4. Don't know/refuse","Please indicate how essential, important, or not important you think each of the following is for getting ahead in life - A person's race or gender",,1,12,False
Class Mobility,getahead_luck,importance in getting ahead - luck,"1. Essential,
2. Important but not essential,
3. Not important,
4. Don't know/refuse","Please indicate how essential, important, or not important you think each of the following is for getting ahead in life - Having good luck",,1,12,False
Class Mobility,getahead_gov,importance in getting ahead - gov help,"1. Essential,
2. Important but not essential,
3. Not important,
4. Don't know/refuse","Please indicate how essential, important, or not important you think each of the following is for getting ahead in life - Being able to get help from the government when you need it",,1,12,False
Class Mobility,getahead_display_famwealth,response list position - family wealth,,System variable - list position of this item in randomly ordered list,,1,12,False
Class Mobility,getahead_display_parenteduc,response list position - parent education,,System variable - list position of this item in randomly ordered list,,1,12,False
Class Mobility,getahead_display_educ,response list position - education,,System variable - list position of this item in randomly ordered list,,1,12,False
Class Mobility,getahead_disp_connect,response list position - connections,,System variable - list position of this item in randomly ordered list,,1,12,False
Class Mobility,getahead_display_hardwork,response list position - hard work,,System variable - list position of this item in randomly ordered list,,1,12,False
Class Mobility,getahead_display_racegender,response list position - race/gender,,System variable - list position of this item in randomly ordered list,,1,12,False
Class Mobility,getahead_display_luck,response list position - luck,,System variable - list position of this item in randomly ordered list,,1,12,False
Class Mobility,getahead_display_gov,response list position - gov help,,System variable - list position of this item in randomly ordered list,,1,12,False
Class Mobility,econ_5years,expected economic circumstance in 5 years,"1. Much better,
2. Somewhat better,
3. The same,
4. Somewhat worse,
5. Much worse,
6. Don't know/refuse","Thinking about 5 years from now, do you expect your economic circumstances to be better or worse than they are now?",,1,12,False
Class Mobility,expect_kid_econcirc,expected social class of kids,"1. Much better,
2. Somewhat better,
3. The same,
4. Somewhat worse,
5. Much worse,
6. Don't know/refuse","Thinking about your own kids when they are adults, do you expect their economic circumstances to be better or worse than yours?",if kids == 1,1,12,False
Class Mobility,expect_kid_job,expected jobs of kids,"1. Much better,
2. Somewhat better,
3. The same,
4. Somewhat worse,
5. Much worse,
6. Don't know/refuse","Thinking about your own kids when they are adults, do you expect their job to be better or worse than your current job?",if kids == 1,1,12,False
CTC,ctc_aware,aware of ctc,"1. Yes, I was aware of it,
2. Yes, but I was only vaguely aware of it,
3. No, I hadn't heard about it",Were you aware that this credit was made available to families starting in July?,if has kids,1,11,False
CTC,ctc_receive,received ctc,"1. Yes,
2. No,
3. I'm not sure",Did you receive Child Tax Credit payments this past summer or fall?,if has kids,1,11,False
CTC,ctc_num_payments,number of ctc payments received,,How many Child Tax Credit payments have you received since July 2021?,if has kids &amp; received CTC,1,11,False
CTC,ctc_amount_receive,last ctc payment amount (dollars),,How much did you receive in your last Child Tax Credit payment?,if has kids &amp; received CTC,1,11,False
CTC,ctc_used_bills,used ctc for bills,"0. No,
1. Yes",How have you used these funds provided by the Child Tax Credit (CTC)? Please select up to three (3) main ways you have used the funds. - Selected Choice - Pay off bills,if has kids &amp; received CTC,1,11,False
CTC,ctc_used_ccdebt,used ctc for credit card debt,"0. No,
1. Yes",How have you used these funds provided by the Child Tax Credit (CTC)? Please select up to three (3) main ways you have used the funds. - Selected Choice - Pay off credit card debt,if has kids &amp; received CTC,1,11,False
CTC,ctc_used_otherdebt,used ctc for other debt,"0. No,
1. Yes",How have you used these funds provided by the Child Tax Credit (CTC)? Please select up to three (3) main ways you have used the funds. - Selected Choice - Pay off other debts,if has kids &amp; received CTC,1,11,False
CTC,ctc_used_housing,used ctc for housing,"0. No,
1. Yes",How have you used these funds provided by the Child Tax Credit (CTC)? Please select up to three (3) main ways you have used the funds. - Selected Choice - Mortgage or rent,if has kids &amp; received CTC,1,11,False
CTC,ctc_used_car,used ctc for car,"0. No,
1. Yes",How have you used these funds provided by the Child Tax Credit (CTC)? Please select up to three (3) main ways you have used the funds. - Selected Choice - Car purchase or repair,if has kids &amp; received CTC,1,11,False
CTC,ctc_used_furniture,used ctc for furniture,"0. No,
1. Yes",How have you used these funds provided by the Child Tax Credit (CTC)? Please select up to three (3) main ways you have used the funds. - Selected Choice - Furniture or appliance purchase,if has kids &amp; received CTC,1,11,False
CTC,ctc_used_grocery,used ctc for grocery,"0. No,
1. Yes",How have you used these funds provided by the Child Tax Credit (CTC)? Please select up to three (3) main ways you have used the funds. - Selected Choice - Shopping/Groceries,if has kids &amp; received CTC,1,11,False
CTC,ctc_used_kids,used ctc for kids,"0. No,
1. Yes",How have you used these funds provided by the Child Tax Credit (CTC)? Please select up to three (3) main ways you have used the funds. - Selected Choice - Purchases for kids,if has kids &amp; received CTC,1,11,False
CTC,ctc_used_otherfam,used ctc for other family members,"0. No,
1. Yes",How have you used these funds provided by the Child Tax Credit (CTC)? Please select up to three (3) main ways you have used the funds. - Selected Choice - Help other family,if has kids &amp; received CTC,1,11,False
CTC,ctc_used_treat,used ctc for special treat,"0. No,
1. Yes",How have you used these funds provided by the Child Tax Credit (CTC)? Please select up to three (3) main ways you have used the funds. - Selected Choice - Special treat/vacation,if has kids &amp; received CTC,1,11,False
CTC,ctc_used_emergencysave,used ctc for emergency savings,"0. No,
1. Yes",How have you used these funds provided by the Child Tax Credit (CTC)? Please select up to three (3) main ways you have used the funds. - Selected Choice - Emergency savings,if has kids &amp; received CTC,1,11,False
CTC,ctc_used_retiresave,used ctc for retirement savings,"0. No,
1. Yes",How have you used these funds provided by the Child Tax Credit (CTC)? Please select up to three (3) main ways you have used the funds. - Selected Choice - Retirement savings,if has kids &amp; received CTC,1,11,False
CTC,ctc_used_kidseduc,used ctc for kids' education savings,"0. No,
1. Yes",How have you used these funds provided by the Child Tax Credit (CTC)? Please select up to three (3) main ways you have used the funds. - Selected Choice - Savings for children's education,if has kids &amp; received CTC,1,11,False
CTC,ctc_used_othersave,used ctc for other savings,"0. No,
1. Yes",How have you used these funds provided by the Child Tax Credit (CTC)? Please select up to three (3) main ways you have used the funds. - Selected Choice - Other savings,if has kids &amp; received CTC,1,11,False
CTC,ctc_used_other,used ctc for other,"0. No,
1. Yes",How have you used these funds provided by the Child Tax Credit (CTC)? Please select up to three (3) main ways you have used the funds. - Selected Choice - Other,if has kids &amp; received CTC,1,11,False
CTC,ctc_used_other_text,used ctc for other – text,,How have you used these funds provided by the Child Tax Credit (CTC)? Please select up to three (3) main ways you have used the funds. - Other - Text,if has kids &amp; received CTC,1,11,False
CTC,ctc_used_disp_bills,position in randomly ordered list - used ctc for bills,,System variable - list position of this item in randomly ordered list,if has kids &amp; received CTC,1,11,False
CTC,ctc_used_disp_ccdebt,position in randomly ordered list - used ctc for credit card debt,,System variable - list position of this item in randomly ordered list,if has kids &amp; received CTC,1,11,False
CTC,ctc_used_disp_otherdebt,position in randomly ordered list - used ctc for other debt,,System variable - list position of this item in randomly ordered list,if has kids &amp; received CTC,1,11,False
CTC,ctc_used_disp_housing,position in randomly ordered list - used ctc for housing,,System variable - list position of this item in randomly ordered list,if has kids &amp; received CTC,1,11,False
CTC,ctc_used_disp_car,position in randomly ordered list - used ctc for car,,System variable - list position of this item in randomly ordered list,if has kids &amp; received CTC,1,11,False
CTC,ctc_used_disp_furniture,position in randomly ordered list - used ctc for furniture,,System variable - list position of this item in randomly ordered list,if has kids &amp; received CTC,1,11,False
CTC,ctc_used_disp_grocery,position in randomly ordered list - used ctc for grocery,,System variable - list position of this item in randomly ordered list,if has kids &amp; received CTC,1,11,False
CTC,ctc_used_disp_kids,position in randomly ordered list - used ctc for kids,,System variable - list position of this item in randomly ordered list,if has kids &amp; received CTC,1,11,False
CTC,ctc_used_disp_otherfam,position in randomly ordered list - used ctc for other family members,,System variable - list position of this item in randomly ordered list,if has kids &amp; received CTC,1,11,False
CTC,ctc_used_disp_treat,position in randomly ordered list - used ctc for special treat,,System variable - list position of this item in randomly ordered list,if has kids &amp; received CTC,1,11,False
CTC,ctc_used_disp_emergencysave,position in randomly ordered list - used ctc for emergency savings,,System variable - list position of this item in randomly ordered list,if has kids &amp; received CTC,1,11,False
CTC,ctc_used_disp_retiresave,position in randomly ordered list - used ctc for retirement savings,,System variable - list position of this item in randomly ordered list,if has kids &amp; received CTC,1,11,False
CTC,ctc_used_disp_kidseduc,position in randomly ordered list - used ctc for kids' education savings,,System variable - list position of this item in randomly ordered list,if has kids &amp; received CTC,1,11,False
CTC,ctc_used_disp_othersave,position in randomly ordered list - used ctc for other savings,,System variable - list position of this item in randomly ordered list,if has kids &amp; received CTC,1,11,False
CTC,ctc_used_disp_other,position in randomly ordered list - used ctc for other,,System variable - list position of this item in randomly ordered list,if has kids &amp; received CTC,1,"11, 11",False
CTC,ctc_how_perceive,how perceive CTC funds - type of monies,"1. Like regular earnings from a job,
2. Like my tax refund check that comes in the spring,
3. Like public benefits or welfare,
4. Like a prize or lottery winnings,
5. Like a gift,
6. Like something else,
7. I'm not sure",How do you think about the Child Tax Credit funds you've received so far?,if has kids &amp; received CTC,1,11,False
CTC,ctc_how_perceive2,how perceive CTC funds - onetime/regular,"1. A one-time windfall/bonus,
2. A regular source of income",Do you think of the Child Tax Credit as...,if has kids &amp; received CTC,1,11,False
CTC,ctc_howlong_last,how perceive CTC - years it will last,"1. Just for this year,
2. For the next couple of years,
3. For the forseaeable future",How long do you think the Child Tax Credit will last?,if has kids &amp; received CTC,1,11,False
CTC,ctc_try_receive,method used to try to get ctc,"1. I did not do anything to receive the Child Tax Credit,
2. Used the IRS website tool for non-filers,
3. I did something else","What, if anything, did you do to try to receive the Child Tax Credit? - Selected Choice",if has kids &amp; not get CTC,1,11,False
CTC,ctc_try_receive_other_text,method used to try to get ctc - other text,,"What, if anything, did you do to try to receive the Child Tax Credit? - I did something else - Text",if has kids &amp; not get CTC,1,11,False
CTC,ctc_whynot_try_ineligible,why not try to get ctc - ineligible,"0. No,
1. Yes",Why didn't you try to receive the Child Tax Credit? Mark all that apply. - Selected Choice - I didn't think I would be eligible,if has kids &amp; not get CTC &amp; not try to get it,1,11,False
CTC,ctc_whynot_try_dkneeded,why not try to get ctc - didn't know needed to do anything,"0. No,
1. Yes",Why didn't you try to receive the Child Tax Credit? Mark all that apply. - Selected Choice - I didn't think I needed to do anything,if has kids &amp; not get CTC &amp; not try to get it,1,11,False
CTC,ctc_whynot_try_notime,why not try to get ctc - no time,"0. No,
1. Yes",Why didn't you try to receive the Child Tax Credit? Mark all that apply. - Selected Choice - I didn't have time to find out what to do,if has kids &amp; not get CTC &amp; not try to get it,1,11,False
CTC,ctc_whynot_try_dkhow,why not try to get ctc - didn't know how,"0. No,
1. Yes",Why didn't you try to receive the Child Tax Credit? Mark all that apply. - Selected Choice - I did not know how,if has kids &amp; not get CTC &amp; not try to get it,1,11,False
CTC,ctc_whynot_try_internet,why not try to get ctc - no internet,"0. No,
1. Yes",Why didn't you try to receive the Child Tax Credit? Mark all that apply. - Selected Choice - I did not have an internet connection,if has kids &amp; not get CTC &amp; not try to get it,1,11,False
CTC,ctc_whynot_try_langbarrier,why not try to get ctc - language barrier,"0. No,
1. Yes",Why didn't you try to receive the Child Tax Credit? Mark all that apply. - Selected Choice - I had language barriers,if has kids &amp; not get CTC &amp; not try to get it,1,11,False
CTC,ctc_whynot_try_losebenefits,why not try to get ctc - lose other benefits,"0. No,
1. Yes","Why didn't you try to receive the Child Tax Credit? Mark all that apply. - Selected Choice - I was worried I would lose other benefits (SNAP, WIC, TANF, CHIP, Medicaid)",if has kids &amp; not get CTC &amp; not try to get it,1,11,False
CTC,ctc_whynot_try_govtrouble,why not try to get ctc - trouble with gov,"0. No,
1. Yes",Why didn't you try to receive the Child Tax Credit? Mark all that apply. - Selected Choice - I was worried I would get in trouble with other government authorities,if has kids &amp; not get CTC &amp; not try to get it,1,11,False
CTC,ctc_whynot_try_other,why not try to get ctc - other,"0. No,
1. Yes",Why didn't you try to receive the Child Tax Credit? Mark all that apply. - Selected Choice - Other,if has kids &amp; not get CTC &amp; not try to get it,1,11,False
CTC,ctc_whynot_try_other_text,why not try to get ctc - other text,,Why didn't you try to receive the Child Tax Credit? Mark all that apply. - Other - Text,if has kids &amp; not get CTC &amp; not try to get it,1,11,False
CTC,ctc_whynot_disp_ineligible,position in randomly ordered list - didn't try for ctc - ineligible,,System variable - list position of this item in randomly ordered list,if has kids &amp; not get CTC &amp; not try to get it,1,11,False
CTC,ctc_whynot_disp_dkneeded,position in randomly ordered list - didn't try for ctc - unaware do anything,,System variable - list position of this item in randomly ordered list,if has kids &amp; not get CTC &amp; not try to get it,1,11,False
CTC,ctc_whynot_disp_notime,position in randomly ordered list - didn't try for ctc - no time,,System variable - list position of this item in randomly ordered list,if has kids &amp; not get CTC &amp; not try to get it,1,11,False
CTC,ctc_whynot_disp_dkhow,position in randomly ordered list - didn't try for ctc - didn't know how,,System variable - list position of this item in randomly ordered list,if has kids &amp; not get CTC &amp; not try to get it,1,11,False
CTC,ctc_whynot_disp_internet,position in randomly ordered list - didn't try for ctc - no internet,,System variable - list position of this item in randomly ordered list,if has kids &amp; not get CTC &amp; not try to get it,1,11,False
CTC,ctc_whynot_disp_langbarrier,position in randomly ordered list - didn't try for ctc - language barrier,,System variable - list position of this item in randomly ordered list,if has kids &amp; not get CTC &amp; not try to get it,1,11,False
CTC,ctc_whynot_disp_loseben,position in randomly ordered list - didn't try for ctc - lose other benefits,,System variable - list position of this item in randomly ordered list,if has kids &amp; not get CTC &amp; not try to get it,1,11,False
CTC,ctc_whynot_disp_govtrouble,position in randomly ordered list - didn't try for ctc - trouble with gov,,System variable - list position of this item in randomly ordered list,if has kids &amp; not get CTC &amp; not try to get it,1,11,False
CTC,ctc_whynot_disp_other,position in randomly ordered list - didn't try for ctc - other,,System variable - list position of this item in randomly ordered list,if has kids &amp; not get CTC &amp; not try to get it,1,"11, 11",False
CTC,ctc_actions_taxes,activity in 2021 - filed taxes,"0. No,
1. Yes",Did you do any of the following in 2021? Check all that apply. - Filed my taxes,if has kids &amp; not get CTC,1,11,False
CTC,ctc_actions_stimulus,activity in 2021 - received a stimulus,"0. No,
1. Yes",Did you do any of the following in 2021? Check all that apply. - Received a stimulus payment,if has kids &amp; not get CTC,1,11,False
CTC,ctc_actions_bank,activity in 2021 - closed or changed bank account,"0. No,
1. Yes",Did you do any of the following in 2021? Check all that apply. - Closed my bank account or changed banks,if has kids &amp; not get CTC,1,11,False
CTC,ctc_actions_firstkid,activity in 2021 - had first kid,"0. No,
1. Yes",Did you do any of the following in 2021? Check all that apply. - Welcomed a new first child to my family,if has kids &amp; not get CTC,1,11,False
CTC,ctc_actions_moved,activity in 2021 - moved,"0. No,
1. Yes",Did you do any of the following in 2021? Check all that apply. - Moved and changed my mailing address,if has kids &amp; not get CTC,1,11,False
CTC,ctc_actions_married,activity in 2021 - got married,"0. No,
1. Yes",Did you do any of the following in 2021? Check all that apply. - Got married,if has kids &amp; not get CTC,1,11,False
CTC,ctc_actions_divorce,activity in 2021 - got divorced,"0. No,
1. Yes",Did you do any of the following in 2021? Check all that apply. - Separated or divorced,if has kids &amp; not get CTC,1,11,False
CTC,ctc_actions_immigrated,activity in 2021 - immigrated to US,"0. No,
1. Yes",Did you do any of the following in 2021? Check all that apply. - Immigrated to the United States,if has kids &amp; not get CTC,1,11,False
CTC,ctc_actions_none,activity in 2021 - noneof these,"0. No,
1. Yes",Did you do any of the following in 2021? Check all that apply. - None of the above,if has kids &amp; not get CTC,1,11,False
CTC,ctc_used_disp_other,How use CTC funds? - Other,,How have you used these funds provided by the Child Tax Credit (CTC)? Please select up to three (3) main ways you have used the funds. - Other,If got CTC,1,"11, 11",False
CTC,ctc_whynot_disp_other,Why not try to get CTC?,,Why didn't you try to receive the Child Tax Credit? Mark all that apply. - Other,If did not get CTC and did not try to get CTC,1,"11, 11",False
Union,union_firm_indicator,works at a firm targeted with union questions,,Processing variable,,2,"12, 13",False
Union,hypothetical_union_vote,would vote for union - union firms respondents,"1. I would vote for the union,
2. I would vote against the union,
3. Don't Know/Refuse","If an election were held today at your [EMPLOYERNAME] workplace to decide whether employees like you should be represented by a union at [EMPLOYERNAME], would you vote for the union or against the union?",if works at union firm &amp; employed &amp; workplace has not held a union vote,1,13,False
Union,union_firms_amazon,amazon workers - which firms have recently unionized,"1. Costco,
2. Amazon,
3. Target,
4. Walmart,
5. Don't know/refuse","To the best of your knowledge, at which of the following firms have workers recently voted to form a union?",If amazon &amp; employed,1,12,False
Union,union_firms_starbucks,starbucks workers - which firms have recently unionized,"1. Target,
2. Starbucks,
3. Dunkin Donuts,
4. Chipotle,
5. McDonalds,
6. Don't know/refuse","To the best of your knowledge, at which of the following firms have workers recently voted to form a union?",if starbucks &amp; employed,1,12,False
Union,union_firms_display_costco,response list position - amazon - costco,,System variable - list position of this item in randomly ordered list,If amazon &amp; employed,1,12,False
Union,union_firms_display_amazon,response list position - amazon - amazon,,System variable - list position of this item in randomly ordered list,If amazon &amp; employed,1,12,False
Union,union_firms_display_walmart,response list position - amazon - walmart,,System variable - list position of this item in randomly ordered list,If amazon &amp; employed,1,12,False
Union,union_firms_display_target,response list position - starbucks/amazon - target,,System variable - list position of this item in randomly ordered list,if (amazon or starbucks) &amp; employed,1,12,False
Union,union_firms_display_dkr,response list position - starbucks/amazon- dkr,,System variable - list position of this item in randomly ordered list,if (amazon or starbucks) &amp; employed,2,"12, 13",False
Union,union_firms_disp_starbucks,response list position - starbucks - starbucks,,System variable - list position of this item in randomly ordered list,if starbucks &amp; employed,1,12,False
Union,union_firms_display_dunkin,response list position - starbucks - dunkin,,System variable - list position of this item in randomly ordered list,if starbucks &amp; employed,1,12,False
Union,union_firms_disp_chipotle,response list position - starbucks - chipolte,,System variable - list position of this item in randomly ordered list,if starbucks &amp; employed,1,12,False
Union,union_firms_disp_mcdonalds,response list position - starbucks - mcdonalds,,System variable - list position of this item in randomly ordered list,if starbucks &amp; employed,1,12,False
Union,union_firms_correct,correctly answered which companies have recently held union votes,"0. No,
1. Yes",indicator variable - correctly answered union question,if starbucks &amp; employed,1,12,False
Union,jfk8,works at Staten Island Amazon JFK8 fulfillment,"0. No,
1. Yes",Do you work at the Amazon JFK8 fulfillment center on Staten Island?,If amazon &amp; employed &amp; in NY,1,12,False
Union,recent_union_vote,recent union vote,"1. Yes, we have voted,
2. There is a vote scheduled, but it has not happened yet,
3. We have not voted and no vote is scheduled,
4. Don't know",Have you and your co-workers recently taken a vote about whether to form a union at the [UNION FIRM] where you work?,if union firm &amp; employed (&amp; not at jfk8 if at amazon),2,"12, 13",False
Union,recent_union_vote_result,recent union vote result,"1. A majority voted to form a union,
2. A majority voted against forming a union,
3. Don't know/refuse",What was the outcome of the vote at your [UNION FIRM] store?,if workplace recently voted on forming a union,2,"12, 13",False
Union,percent_cowork_vote_union,expected percent of coworkers vote for union,,What percentage of your coworkers do you think would vote for the union? [Slider from 0% to 100%],if works at union firm &amp; employed &amp; not at unionized location,2,"12, 13",False
Union,union_jobcond_pay,if unionized - affect pay,"1. Improve a lot,
2. Improve a little,
3. Remain the same,
4. Worsen a little,
5. Worsen a lot","Thinking about your personal situation, if your [UNION FIRM] workplace became unionized, would you expect the following things to improve a lot, improve a little, remain the same, worsen a little, or worsen a lot? - Pay",if works at union firm &amp; employed &amp; not at unionized location,2,"12, 13",False
Union,union_jobcond_security,if unionized - affect job security,"1. Improve a lot,
2. Improve a little,
3. Remain the same,
4. Worsen a little,
5. Worsen a lot","Thinking about your personal situation, if your [UNION FIRM] workplace became unionized, would you expect the following things to improve a lot, improve a little, remain the same, worsen a little, or worsen a lot? - Job Security",if works at union firm &amp; employed &amp; not at unionized location,2,"12, 13",False
Union,union_jobcond_benefits,if unionized - affect benefits,"1. Improve a lot,
2. Improve a little,
3. Remain the same,
4. Worsen a little,
5. Worsen a lot","Thinking about your personal situation, if your [UNION FIRM] workplace became unionized, would you expect the following things to improve a lot, improve a little, remain the same, worsen a little, or worsen a lot? - Benefits",if works at union firm &amp; employed &amp; not at unionized location,2,"12, 13",False
Union,union_jobcond_training,if unionized - affect training/advancement,"1. Improve a lot,
2. Improve a little,
3. Remain the same,
4. Worsen a little,
5. Worsen a lot","Thinking about your personal situation, if your [UNION FIRM] workplace became unionized, would you expect the following things to improve a lot, improve a little, remain the same, worsen a little, or worsen a lot? - Training or Promotion Opportunities",if works at union firm &amp; employed &amp; not at unionized location,2,"12, 13",False
Union,union_jobcond_suffhours,if unionized - affect hours,"1. Improve a lot,
2. Improve a little,
3. Remain the same,
4. Worsen a little,
5. Worsen a lot","Thinking about your personal situation, if your [UNION FIRM] workplace became unionized, would you expect the following things to improve a lot, improve a little, remain the same, worsen a little, or worsen a lot? - Getting sufficient hours",if works at union firm &amp; employed &amp; not at unionized location,2,"12, 13",False
Union,union_jobcond_overtime,if unionized - affect overtime,"1. Improve a lot,
2. Improve a little,
3. Remain the same,
4. Worsen a little,
5. Worsen a lot","Thinking about your personal situation, if your [UNION FIRM] workplace became unionized, would you expect the following things to improve a lot, improve a little, remain the same, worsen a little, or worsen a lot? - Overtime",if works at union firm &amp; employed &amp; not at unionized location,2,"12, 13",False
Union,union_jobcond_sched,if unionized - affect scheduling,"1. Improve a lot,
2. Improve a little,
3. Remain the same,
4. Worsen a little,
5. Worsen a lot","Thinking about your personal situation, if your [UNION FIRM] workplace became unionized, would you expect the following things to improve a lot, improve a little, remain the same, worsen a little, or worsen a lot? - Scheduling/shifts",if works at union firm &amp; employed &amp; not at unionized location,2,"12, 13",False
Union,union_jobcond_health,if unionized - affect workplace health,"1. Improve a lot,
2. Improve a little,
3. Remain the same,
4. Worsen a little,
5. Worsen a lot","Thinking about your personal situation, if your [UNION FIRM] workplace became unionized, would you expect the following things to improve a lot, improve a little, remain the same, worsen a little, or worsen a lot? - Workplace health and safety",if works at union firm &amp; employed &amp; not at unionized location,2,"12, 13",False
Union,union_jobcond_rltn_cowork,if unionized - affect coworker relations,"1. Improve a lot,
2. Improve a little,
3. Remain the same,
4. Worsen a little,
5. Worsen a lot","Thinking about your personal situation, if your [UNION FIRM] workplace became unionized, would you expect the following things to improve a lot, improve a little, remain the same, worsen a little, or worsen a lot? - Relationship with coworkers",if works at union firm &amp; employed &amp; not at unionized location,2,"12, 13",False
Union,union_jobcond_rltn_managers,if unionized - affect manager relations,"1. Improve a lot,
2. Improve a little,
3. Remain the same,
4. Worsen a little,
5. Worsen a lot","Thinking about your personal situation, if your [UNION FIRM] workplace became unionized, would you expect the following things to improve a lot, improve a little, remain the same, worsen a little, or worsen a lot? - Relationship with managers",if works at union firm &amp; employed &amp; not at unionized location,2,"12, 13",False
Union,union_jobcond_productivity,if unionized - affect productivity,"1. Improve a lot,
2. Improve a little,
3. Remain the same,
4. Worsen a little,
5. Worsen a lot","Thinking about your personal situation, if your [UNION FIRM] workplace became unionized, would you expect the following things to improve a lot, improve a little, remain the same, worsen a little, or worsen a lot? - Worker productivity",if works at union firm &amp; employed &amp; not at unionized location,2,"12, 13",False
Union,antiunion_posters,antiunion at workplace - posters,"0. No,
1. Yes",Have you noticed any of the following at your [UNION FIRM] workplace? - Posters,if works at union firm &amp; employed,2,"12, 13",False
Union,antiunion_videos,antiunion at workplace - videos,"0. No,
1. Yes",Have you noticed any of the following at your [UNION FIRM] workplace? - Videos,if works at union firm &amp; employed,2,"12, 13",False
Union,antiunion_committees,antiunion at workplace - employee committees,"0. No,
1. Yes",Have you noticed any of the following at your [UNION FIRM] workplace? - Committees,if works at union firm &amp; employed,2,"12, 13",False
Union,antiunion_meetings,antiunion at workplace - required meetings,"0. No,
1. Yes",Have you noticed any of the following at your [UNION FIRM] workplace? - Meetings,if works at union firm &amp; employed,2,"12, 13",False
Union,antiunion_block_comms,antiunion at workplace - block union communication in apps,"0. No,
1. Yes",Have you noticed any of the following at your [UNION FIRM] workplace? - Block Communication,if works at union firm &amp; employed,2,"12, 13",False
Union,antiunion_change_cond,antiunion at workplace - management promise to improve working conditions,"0. No,
1. Yes",Have you noticed any of the following at your [UNION FIRM] workplace? - Change working conditions,if works at union firm &amp; employed,2,"12, 13",False
Union,antiunion_sup_pressure,antiunion at workplace - pressure from supervisor to vote against unions,"0. No,
1. Yes",Have you noticed any of the following at your [UNION FIRM] workplace? - Supervisor pressure,if works at union firm &amp; employed,2,"12, 13",False
Union,antiunion_retaliation,antiunion at workplace - retaliation against union advocates,"0. No,
1. Yes",Have you noticed any of the following at your [UNION FIRM] workplace? - Retaliation,if works at union firm &amp; employed,2,"12, 13",False
Union,antiunion_none,antiunion at workplace - none of the above,"0. No,
1. Yes",Have you noticed any of the following at your [UNION FIRM] workplace? - None of the above,if works at union firm &amp; employed,2,"12, 13",False
Union,retaliation_type_text,union retaliation,,What kind of retaliation have you noticed?,if works at union firm &amp; employed,2,"12, 13",False
Union,org_union_distrib_info,union organizing efforts  - distribute info,"0. No,
1. Yes",Have you done any of the following as part of efforts to organize for a union at your [UNION FIRM] workplace? - distribute info,if works at union firm &amp; employed,2,"12, 13",False
Union,org_union_talk_organizer,union organizing efforts  - talk with labor organizer,"0. No,
1. Yes",Have you done any of the following as part of efforts to organize for a union at your [UNION FIRM] workplace? - talk with labor organizer,if works at union firm &amp; employed,2,"12, 13",False
Union,org_union_talk_coworkers,union organizing efforts  - talk with coworkers,"0. No,
1. Yes",Have you done any of the following as part of efforts to organize for a union at your [UNION FIRM] workplace? - talk with coworkers,if works at union firm &amp; employed,2,"12, 13",False
Union,org_union_talk_online,union organizing efforts  -  talk with (other) workers online,"0. No,
1. Yes",Have you done any of the following as part of efforts to organize for a union at your [UNION FIRM] workplace? - talk with workers online,if works at union firm &amp; employed,2,"12, 13",False
Union,org_union_attend_events,union organizing efforts  - attend unionizing events,"0. No,
1. Yes",Have you done any of the following as part of efforts to organize for a union at your [UNION FIRM] workplace? - attend union events,if works at union firm &amp; employed,2,"12, 13",False
Union,org_union_share_news,union organizing efforts  -  share union news with coworkers,"0. No,
1. Yes",Have you done any of the following as part of efforts to organize for a union at your [UNION FIRM] workplace? - share union news with coworkers,if works at union firm &amp; employed,2,"12, 13",False
Union,org_union_fundraise,union organizing efforts  -  fundraise,"0. No,
1. Yes",Have you done any of the following as part of efforts to organize for a union at your [UNION FIRM] workplace? - fundraise,if works at union firm &amp; employed,2,"12, 13",False
Union,org_union_join_committee,union organizing efforts  - join union organizing committee,"0. No,
1. Yes",Have you done any of the following as part of efforts to organize for a union at your [UNION FIRM] workplace? - join union organizing committee,if works at union firm &amp; employed,2,"12, 13",False
Union,org_union_sign_card,union organizing efforts  - sign card,"0. No,
1. Yes",Have you done any of the following as part of efforts to organize for a union at your [UNION FIRM] workplace? - sign authorization card,if works at union firm &amp; employed,2,"12, 13",False
Union,org_union_other,union organizing efforts  -  other,"0. No,
1. Yes",Have you done any of the following as part of efforts to organize for a union at your [UNION FIRM] workplace? - other,if works at union firm &amp; employed,2,"12, 13",False
Union,org_union_none,union organizing efforts  -  none of the above,"0. No,
1. Yes",Have you done any of the following as part of efforts to organize for a union at your [UNION FIRM] workplace? - none of the above,if works at union firm &amp; employed,2,"12, 13",False
Union,org_union_other_text,union organizing efforts  -  other,,Have you done any of the following as part of efforts to organize for a union at your [UNION FIRM] workplace? - none of the above,if works at union firm &amp; employed,2,"12, 13",False
Union,unions_reduction,reduction in union representation impact on working people,"1. Mostly good for working people,
2. Mostly bad for working people,
3. Mixed,
4. Don't know/refuse","As you may know, over the past twenty years there has been a large reduction in the percentage of workers who are represented by unions. Do you think this reduction in union representation has been mostly good for working people or mostly bad for working people?",if (amazon or starbucks) &amp; employed,1,12,False
Union,unions_future,future of unions,"1. Stronger,
2. Same,
3. Weaker,
4. Don't know/refuse","Thinking about the future, do you think labor unions in this country will become stronger than they are today, stay the same, or become weaker than they are today?",if (amazon or starbucks) &amp; employed,1,12,False
Union,emp_loc_working_cond,union impact working conditions - for other workers who unionized (harmonized),"1. Improve a lot,
2. Improve a little,
3. Remain the same,
4. Worsen a little,
5. Worsen a lot,
6. Don't know/Not sure",Harmonized version of jfk8_working_cond and starbucks_loc_working_cond,if works at union firm &amp; not at unionized location,2,"12, 13",False
Union,likeyou_working_cond,union impact working conditions - for workers like you,"1. Improve a lot,
2. Improve a little,
3. Remain the same,
4. Worsen a little,
5. Worsen a lot,
6. Don't know/not sure","Recently, workers at your [UNION FIRM] location voted to unionize with the [UNION FIRM'S UNION]. How do you think that decision will affect policies/working conditions for like you?",if works at union firm &amp; at unionized location,2,"12, 13",False
Union,others_working_cond,union impact working conditions - for other company workes in US,"1. Improve a lot,
2. Improve a little,
3. Remain the same,
4. Worsen a little,
5. Worsen a lot,
6. Don't know/not sure",How do you think the decision to unionize at your [UNION FIRM]  will affect policies/working conditions for other [UNION FIRM] workers around the country?,if works at union firm &amp; not at unionized location,2,"12, 13",False
Union,emp_loc_oth_working_cond,works at unionized location - impact other company workers (harmonized),"1. Improve a lot,
2. Improve a little,
3. Remain the same,
4. Worsen a little,
5. Worsen a lot,
6. Don't know/Not sure",Harmonized version of jfk8_others_working_cond and starbucks_loc_oth_work_cond,if works at union firm &amp; at unionized location,2,"12, 13",False
Union,learn_more_unions,learn more about forming a union at starbucks/amazon,"0. No,
1. Yes",Would you like to learn more about efforts to form a union at Starbucks/Amazon?,if (starbucks or amazon) &amp; not at unionized location,1,12,False
Union,union_firms,firms respondents believed workers recently voted to unionize,"1. EMPLOYERNAME,
2. EMPLOYERNAME1,
3. EMPLOYERNAME2,
4. EMPLOYERNAME3,
5. Don't Know/Refuse,
6. EMPLOYERNAME4","To the best of your knowledge, at which of the following firms have workers recently voted to form a union?",,1,13,False
Union,union_firms_display_emp,list position - respondent's employer - which firms recently tried to unionize,,System variable - list position of this item in randomly ordered list,,1,13,False
Union,union_firms_display_emp1,list position - employer option 1 - which firms recently tried to unionize,,System variable - list position of this item in randomly ordered list,,1,13,False
Union,union_firms_display_emp2,list position - employer option 2 - which firms recently tried to unionize,,System variable - list position of this item in randomly ordered list,,1,13,False
Union,union_firms_display_emp3,list position - employer option 3 - which firms recently tried to unionize,,System variable - list position of this item in randomly ordered list,,1,13,False
Union,union_firms_display_emp4,list position - employer option 4 - which firms recently tried to unionize,,System variable - list position of this item in randomly ordered list,,1,13,False
Labor Violations,exp_work_off_clock,"in past 12 months, required to perform tasks before clocking in or after clocking out","0. No,
1. Yes","In the past 12 months, have you  been required to perform tasks before clocking in, or after clocking out?",If working at employer for greater than 1 year,3,"15, 16, 17",False
Labor Violations,exp_not_paid_all_hours,"in past 12 months, not paid for all hours worked on the clock","0. No,
1. Yes","In the past 12 months, have you not been paid for all hours that you worked on the clock?",If working at employer for greater than 1 year,3,"15, 16, 17",False
Labor Violations,exp_auto_clock_out,"in past 12 months, timekeeping system automatically clocks out, not paid afer that","0. No,
1. Yes","In the past 12 months, has a timekeeping system automatically clocked you out and not paid you for time worked after that?",If working at employer for greater than 1 year,3,"15, 16, 17",False
Labor Violations,exp_manager_changes_time,"in past 12 months, manager changes time records to shave time from paycheck","0. No,
1. Yes","In the past 12 months, has a manager changed your time records to shave time off your paycheck?",If working at employer for greater than 1 year,3,"15, 16, 17",False
Labor Violations,exp_not_recv_full_tips,"in past 12 months, not received full and correct amount of money from tips","0. No,
1. Yes","In the past 12 months, have you ever not received the full and correct amount of money for tips?",If working at employer for greater than 1 year,3,"15, 16, 17",False
Labor Violations,exp_not_paid_commission,"in past 12 months, not been paid comissions or bonuses owed","0. No,
1. Yes","In the past 12 months, have you not been paid commisions or bonuses you were owed?",If working at employer for greater than 1 year,3,"15, 16, 17",False
Labor Violations,exp_not_recv_pto_pay,"in past 12 months, not received pay for paid time off","0. No,
1. Yes","In the past 12 months, have you not received pay for time off?",If working at employer for greater than 1 year,3,"15, 16, 17",False
Labor Violations,exp_none1,"In past 12 months, none","0. No,
1. Yes",None of these,If working at employer for greater than 1 year,3,"15, 16, 17",False
Labor Violations,exp_req_buy_uniform,"in past 12 months, required to buy uniform, special shoes or equipment","0. No,
1. Yes","In the past 12 months, have you been required to buy uniform, special shoes or equipment without reimbursement",If working at employer for greater than 1 year,3,"15, 16, 17",False
Labor Violations,exp_unpaid_training_time,"in past 12 months, have not been paid for training","0. No,
1. Yes","In the past 12 months, have you not been paid for time spent completing employer-required training",If working at employer for greater than 1 year,3,"15, 16, 17",False
Labor Violations,exp_meals_deducted,"in past 12 months, meals not eaten deducted from paycheck","0. No,
1. Yes","In the past 12 months, have you had meals that you did not eat deducted from your paycheck",If working at employer for greater than 1 year,3,"15, 16, 17",False
Labor Violations,exp_unpaid_car_insurance,"in past 12 months, not reimbursed for gas or insurance","0. No,
1. Yes","In the past 12 months, have you not been reimbursed for gas or insurance while making deliveries",If working at employer for greater than 1 year,3,"15, 16, 17",False
Labor Violations,exp_paid_register_shortage,"in past 12 months, pay deducted because of register shortages, walk-outs, or theft","0. No,
1. Yes","In the past 12 months, have you had to pay or had pay deducted because of register shortages, walk-outs, or theft?",If working at employer for greater than 1 year,3,"15, 16, 17",False
Labor Violations,exp_none2,"in past 12 months, none","0. No,
1. Yes",None of these,,3,"15, 16, 17",False
Labor Violations,exp_paid_late,"in past 12 months, paid late","0. No,
1. Yes","In the past 12 months, have you been paid late by your employer?",If working at employer for greater than 1 year,3,"15, 16, 17",False
Labor Violations,exp_paid_voucher,"in past 12 months, paid by voucher or required to go to check cashing company","0. No,
1. Yes","In the past 12 months, have you been paid by voucher/required to go to check cashing company named by your employer?",If working at employer for greater than 1 year,3,"15, 16, 17",False
Labor Violations,exp_wait_cash_check,"in past 12 months, asked to wait to cash paycheck","0. No,
1. Yes","In the past 12 months, have you been asked by your employer to wait to cash your paycheck?",If working at employer for greater than 1 year,3,"15, 16, 17",False
Labor Violations,exp_paid_cash,"in past 12 months, paid by cash with no record","0. No,
1. Yes","In the past 12 months, have you been paid by cash with no record or pay stub?",If working at employer for greater than 1 year,3,"15, 16, 17",False
Labor Violations,exp_underage_workers,"in past 12 months, children under 16 in workplace","0. No,
1. Yes","In the past 12 months, have there been children under 16 working at your worksite?",If working at employer for greater than 1 year,3,"15, 16, 17",False
Labor Violations,exp_none3,"in past 12 months, none","0. No,
1. Yes",None of these,,3,"15, 16, 17",False
Labor Violations,worked_ot_no_otpay,"in past 12 months, not paid time and a half for overtime","0. No,
1. Yes,
2. No,
3. Don't know/refuse","In the past 12 months at your job at [EMPLOYERNAME], has there been a week when you worked more than 40 hours and were not paid time-and-a-half for the hours you worked beyond 40 hours?",If working at employer for greater than 1 year,3,"15, 16, 17",False
Labor Violations,make_complaint,make report or complaint about lack of overtime,"0. No,
1. Yes,
2. No,
3. Don't know/refuse","Did you make a report or complaint (or attempt to do so) about this/any of these problems to your manager, supervisor, employer, or to a government agency?",,3,"15, 16, 17",False
Labor Violations,retaliation_worse_sched,reporting labor violation consequence - assigned worse schedule,"0. No,
1. Yes",Did you experience any form of retaliation from your manager/supervisor/employer because you made a report or complaint? Mark all that apply. - I was assigned to a worse work schedule,"Worker experienced one or more labor violations, made a report or complaint about a labor violation (F2.5==1)",3,"15, 16, 17",False
Labor Violations,retaliation_worse_duties,reporting labor violation consequence - assigned worse job duties,"0. No,
1. Yes",Did you experience any form of retaliation from your manager/supervisor/employer because you made a report or complaint? Mark all that apply. - I was assigned to worse work duties,"Worker experienced one or more labor violations, made a report or complaint about a labor violation (F2.5==1)",1,15,False
Labor Violations,retaliation_hours_reduc,reporting labor violation consequence - received reduced hrs,"0. No,
1. Yes",Did you experience any form of retaliation from your manager/supervisor/employer because you made a report or complaint? Mark all that apply. - My hours or pay were reduced,"Worker experienced one or more labor violations, made a report or complaint about a labor violation (F2.5==1)",3,"15, 16, 17",False
Labor Violations,retaliation_disciplined,reporting labor violation consequence - disciplined/warned,"0. No,
1. Yes",Did you experience any form of retaliation from your manager/supervisor/employer because you made a report or complaint? Mark all that apply. - I was disciplined or given a warning,"Worker experienced one or more labor violations, made a report or complaint about a labor violation (F2.5==1)",3,"15, 16, 17",False
Labor Violations,retaliation_demoted,reporting labor violation consequence - demoted,"0. No,
1. Yes",Did you experience any form of retaliation from your manager/supervisor/employer because you made a report or complaint? Mark all that apply. - I was demoted,"Worker experienced one or more labor violations, made a report or complaint about a labor violation (F2.5==1)",3,"15, 16, 17",False
Labor Violations,retaliation_report_imgrtn,reporting labor violation consequence - reported to immigration authority,"0. No,
1. Yes",Did you experience any form of retaliation from your manager/supervisor/employer because you made a report or complaint? Mark all that apply. - My manager/supervisor reported me to an immigration authority,"Worker experienced one or more labor violations, made a report or complaint about a labor violation (F2.5==1)",3,"15, 16, 17",False
Labor Violations,retaliation_neg_conseq,reporting labor violation consequence - threatened with neg. job consequences,"0. No,
1. Yes",Did you experience any form of retaliation from your manager/supervisor/employer because you made a report or complaint? Mark all that apply. - My manager/supervisor threatened me with negative job consequences,"Worker experienced one or more labor violations, made a report or complaint about a labor violation (F2.5==1)",3,"15, 16, 17",False
Labor Violations,retaliation_threat_imgrtn,reporting labor violation consequence - threatened about immigration status,"0. No,
1. Yes",Did you experience any form of retaliation from your manager/supervisor/employer because you made a report or complaint? Mark all that apply. -My manager/supervisor threatened me about my immigration status,"Worker experienced one or more labor violations, made a report or complaint about a labor violation (F2.5==1)",3,"15, 16, 17",False
Labor Violations,retaliation_denied_promo,reporting labor violation consequence - denied promotion or raise,"0. No,
1. Yes",Did you experience any form of retaliation from your manager/supervisor/employer because you made a report or complaint? Mark all that apply. - I was denied a promotion or raise,"Worker experienced one or more labor violations, made a report or complaint about a labor violation (F2.5==1)",3,"15, 16, 17",False
Labor Violations,retaliation_other,reporting labor violation consequence - other,"0. No,
1. Yes",Did you experience any form of retaliation from your manager/supervisor/employer because you made a report or complaint? Mark all that apply. - Other (specify): [Text Box],"Worker experienced one or more labor violations, made a report or complaint about a labor violation (F2.5==1)",3,"15, 16, 17",False
Labor Violations,retaliation_none,reporting labor violation consequence - none of these,"0. No,
1. Yes",Did you experience any form of retaliation from your manager/supervisor/employer because you made a report or complaint? Mark all that apply. - None of these,"Worker experienced one or more labor violations, made a report or complaint about a labor violation (F2.5==1)",3,"15, 16, 17",False
Labor Violations,retaliation_oth_text,"reporting labor violation consequence - other, text",,Did you experience any form of retaliation from your manager/supervisor/employer because you made a report or complaint? Mark all that apply. - Other (specify): [Text Box] text entry,"Worker experienced one or more labor violations, made a report or complaint about a labor violation (F2.5==1)",3,"15, 16, 17",False
Labor Violations,whynot_report_dkhow,did not report labor violation - didn't know how,"0. No,
1. Yes","Why didn’t you make a report or complaint?
(Please check the top three reasons that apply to you). - I did not know how to make a report or complaint","Worker experienced one or more labor violations, did NOT make a report or complaint about a labor violation (F2.5==2)",3,"15, 16, 17",False
Labor Violations,whynot_report_ineffective,did not report labor violation - didn't think it would be worthwhile,"0. No,
1. Yes","Why didn’t you make a report or complaint?
(Please check the top three reasons that apply to you). - I didn’t think that making a report or complaint would be effective/worth the trouble","Worker experienced one or more labor violations, did NOT make a report or complaint about a labor violation (F2.5==2)",3,"15, 16, 17",False
Labor Violations,whynot_report_dkillegal,did not report labor violation - didn’t know it was illegal,"0. No,
1. Yes","Why didn’t you make a report or complaint?
(Please check the top three reasons that apply to you). -At the time, I didn’t know that my employer’s actions were illegal","Worker experienced one or more labor violations, did NOT make a report or complaint about a labor violation (F2.5==2)",3,"15, 16, 17",False
Labor Violations,whynot_report_worse_sched,did not report labor violation - worried would get a worse schedule,"0. No,
1. Yes","Why didn’t you make a report or complaint?
(Please check the top three reasons that apply to you). -I was worried that I would be assigned to a worse work schedule","Worker experienced one or more labor violations, did NOT make a report or complaint about a labor violation (F2.5==2)",3,"15, 16, 17",False
Labor Violations,whynot_report_worse_duties,did not report labor violation - worried would get worse job duties,"0. No,
1. Yes","Why didn’t you make a report or complaint?
(Please check the top three reasons that apply to you). - I was worried that I would be assigned to worse work duties","Worker experienced one or more labor violations, did NOT make a report or complaint about a labor violation (F2.5==2)",1,15,False
Labor Violations,whynot_report_hours_reduc,did not report labor violation - worried would get reduced hrs,"0. No,
1. Yes","Why didn’t you make a report or complaint?
(Please check the top three reasons that apply to you). - I was worried I my hours or pay would be reduced","Worker experienced one or more labor violations, did NOT make a report or complaint about a labor violation (F2.5==2)",3,"15, 16, 17",False
Labor Violations,whynot_report_disciplined,did not report labor violation - worried would get disciplined,"0. No,
1. Yes","Why didn’t you make a report or complaint?
(Please check the top three reasons that apply to you). - I was worried that I would be disciplined or given a warning","Worker experienced one or more labor violations, did NOT make a report or complaint about a labor violation (F2.5==2)",3,"15, 16, 17",False
Labor Violations,whynot_report_demoted,did not report labor violation - worried would get demoted,"0. No,
1. Yes","Why didn’t you make a report or complaint?
(Please check the top three reasons that apply to you). - I was worried that I would be demoted","Worker experienced one or more labor violations, did NOT make a report or complaint about a labor violation (F2.5==2)",3,"15, 16, 17",False
Labor Violations,whynot_report_fired,did not report labor violation - worried would get fired,"0. No,
1. Yes","Why didn’t you make a report or complaint?
(Please check the top three reasons that apply to you). - I was worried that I would be fired","Worker experienced one or more labor violations, did NOT make a report or complaint about a labor violation (F2.5==2)",3,"15, 16, 17",False
Labor Violations,whynot_report_immigration,did not report labor violation - worried would get reported to immigration,"0. No,
1. Yes","Why didn’t you make a report or complaint?
(Please check the top three reasons that apply to you). - I was worried my employer would report me to an immigration authority","Worker experienced one or more labor violations, did NOT make a report or complaint about a labor violation (F2.5==2)",3,"15, 16, 17",False
Labor Violations,whynot_report_denied_promo,did not report labor violation - worried would get denied promotion,"0. No,
1. Yes","Why didn’t you make a report or complaint?
(Please check the top three reasons that apply to you). I was worried I would be denied a promotion or raise","Worker experienced one or more labor violations, did NOT make a report or complaint about a labor violation (F2.5==2)",3,"15, 16, 17",False
Labor Violations,whynot_report_other,did not report labor violation - other,"0. No,
1. Yes","Why didn’t you make a report or complaint?
(Please check the top three reasons that apply to you). - Other (specify): [Text Box]","Worker experienced one or more labor violations, did NOT make a report or complaint about a labor violation (F2.5==2)",3,"15, 16, 17",False
Labor Violations,whynot_report_none,did not report labor violation - none of these,"0. No,
1. Yes","Why didn’t you make a report or complaint?
(Please check the top three reasons that apply to you). - None of these","Worker experienced one or more labor violations, did NOT make a report or complaint about a labor violation (F2.5==2)",3,"15, 16, 17",False
Labor Violations,whynot_report_oth_text,"did not report labor violation - other, text",,"Why didn’t you make a report or complaint?
(Please check the top three reasons that apply to you). - Other (specify): [Text Box] text entry","Worker experienced one or more labor violations,  did NOT make a report or complaint about a labor violation (F2.5==2)",3,"15, 16, 17",False
Labor Violations,noncompete,signed a noncompete agreement as condition of current job,"0. No,
1. Yes,
2. No,
3. Don't know/refuse","As a condition of your current employment at your main job, did you sign a non- competition or “non-compete” agreement? In other words, does any part of your job contract restrict you from working for a competitor for a certain length of time or within a certain geographic area?",Worker experienced one or more labor violations,2,"15, 16",False
Labor Violations,complain_coworker,complained - coworker,"0. No,
1. Yes","When you made a report or complaint about this/any of these problems, who did you make it to? Mark all that apply - Selected choice - Coworker(s)",,2,"16, 17",False
Labor Violations,complain_supervisor,complained - supervisor,"0. No,
1. Yes","When you made a report or complaint about this/any of these problems, who did you make it to? Mark all that apply - Selected choice - Supervisor",,2,"16, 17",False
Labor Violations,complain_manager,complained - manager above supervisor,"0. No,
1. Yes","When you made a report or complaint about this/any of these problems, who did you make it to? Mark all that apply - Selected choice - A manager above my supervisor",,2,"16, 17",False
Labor Violations,complain_company_grievance,complained - company grievance procedure,"0. No,
1. Yes","When you made a report or complaint about this/any of these problems, who did you make it to? Mark all that apply - Selected choice - Company grievance procedure",,2,"16, 17",False
Labor Violations,complain_union,complained - union representative,"0. No,
1. Yes","When you made a report or complaint about this/any of these problems, who did you make it to? Mark all that apply - Selected choice - Union rep or union organizer",,2,"16, 17",False
Labor Violations,complain_hr,complained - HR,"0. No,
1. Yes","When you made a report or complaint about this/any of these problems, who did you make it to? Mark all that apply - Selected choice - HR (Human Resources)",,2,"16, 17",False
Labor Violations,complain_nonprofit,"complained - nonprofit, community org, worker center","0. No,
1. Yes","When you made a report or complaint about this/any of these problems, who did you make it to? Mark all that apply - Selected choice - Someone at a nonprofit, community organization, or worker center",,2,"16, 17",False
Labor Violations,complain_citycounty,complained - city or county labor regulator,"0. No,
1. Yes","When you made a report or complaint about this/any of these problems, who did you make it to? Mark all that apply - Selected choice - City or County Labor Regulator such as an Office of Labor Standards",,2,"16, 17",False
Labor Violations,complain_state,complained - state labor regulator,"0. No,
1. Yes","When you made a report or complaint about this/any of these problems, who did you make it to? Mark all that apply - Selected choice - State Labor Regulator",,2,"16, 17",False
Labor Violations,complain_federal,complained - federal labor regulator,"0. No,
1. Yes","When you made a report or complaint about this/any of these problems, who did you make it to? Mark all that apply - Selected choice - Federal labor regulator such as OSHA or the Department of Labor",,2,"16, 17",False
Labor Violations,complain_other,complained - other,"0. No,
1. Yes","When you made a report or complaint about this/any of these problems, who did you make it to? Mark all that apply - Selected choice - Other (specify):",,2,"16, 17",False
Labor Violations,complain_oth_text,complained - other (text),,"When you made a report or complaint about this/any of these problems, who did you make it to? Mark all that apply - Selected choice - Other (text)",,2,"16, 17",False
ACEs,ace_neglect,experienced neglect,"0. No,
1. Yes","Please tell us whether you have had any of the experiences listed below prior to your 18th birthday. Did you feel that you didn’t have enough to eat, had to wear dirty clothes, or had no one to protect or take care of you?",,2,"16, 17",False
ACEs,ace_lost_parent,lost a parent,"0. No,
1. Yes","Please tell us whether you have had any of the experiences listed below prior to your 18th birthday. Did you lose a parent through abandonment, death, or another reason?",,2,"16, 17",False
ACEs,ace_hshld_depression,"lived with someone who was depressed, mentally ill, or attempted suicide","0. No,
1. Yes","Please tell us whether you have had any of the experiences listed below prior to your 18th birthday. Did you live with anyone who was depressed, mentally ill, or attempted suicide?",,2,"16, 17",False
ACEs,ace_hshld_substance_abuse,lived with someone with drinking problem or drug abuse,"0. No,
1. Yes","Please tell us whether you have had any of the experiences listed below prior to your 18th birthday. Did you live with anyone who had a problem with drinking or using drugs,
including prescription drugs?",,2,"16, 17",False
ACEs,ace_hshld_conflicts,parents or adults in home had major physical or verbal conflicts,"0. No,
1. Yes",Please tell us whether you have had any of the experiences listed below prior to your 18th birthday. Did your parents or adults in your home have major physical or verbal conflicts?,,2,"16, 17",False
ACEs,ace_incarceration,lived with someone who went to jail or prison,"0. No,
1. Yes",Please tell us whether you have had any of the experiences listed below prior to your 18th birthday. Did you live with anyone who went to jail or prison?,,2,"16, 17",False
ACEs,ace_hshld_phys_emot_abuse,parent or adult in home caused physical or mental harm,"0. No,
1. Yes",Please tell us whether you have had any of the experiences listed below prior to your 18th birthday. Did a parent or adult in your home ever cause you physical or mental harm?,,2,"16, 17",False
ACEs,ace_lack_love,felt that no one in family loved you or thought you were special,"0. No,
1. Yes",Please tell us whether you have had any of the experiences listed below prior to your 18th birthday. Did you feel that no one in your family loved you or thought you were special?,,2,"16, 17",False
ACEs,ace_none,none of these,"0. No,
1. Yes",Please tell us whether you have had any of the experiences listed below prior to your 18th birthday. ø None of these,,2,"16, 17",False
ACEs,ace_prefer_not,prefer not to answer,"0. No,
1. Yes",Please tell us whether you have had any of the experiences listed below prior to your 18th birthday.  ø Prefer not to answer,,2,"16, 17",False
ACEs,hardship_shelter_u18,"ever stayed in shelter, car, or other unregular housing, age &lt;18","1. Yes,
2. No,
3. Donâ€™t know/refuse","Prior to your 18th birthday, did you ever stay in a shelter, in an abandoned building, an automobile, or any other place not meant for regular housing, even for one night?",,1,17,False
Systems Involvement,juvenile_arrest,arrested for alleged crime before age 18,"1. Yes,
2. No,
3. Prefer not to answer","Before your 18th birthday, were you ever arrested for an alleged crime?",,2,"16, 17",False
Systems Involvement,juvenile_fclty_jail,alleged crime before age 18 - jail,"0. No,
1. Yes","Before your 18th birthday, were you ever confined in any of the following facilities in connection to an alleged crime? Mark all that apply. - Jail",,2,"16, 17",False
Systems Involvement,juvenile_fclty_prison,alleged crime before age 18 - Prison,"0. No,
1. Yes","Before your 18th birthday, were you ever confined in any of the following facilities in connection to an alleged crime? Mark all that apply. - prison",,1,17,False
Systems Involvement,juvenile_fclty_group_home,alleged crime before age 18 - Residential facility or group home,"0. No,
1. Yes","Before your 18th birthday, were you ever confined in any of the following facilities in connection to an alleged crime? Mark all that apply - Residential facility or group home",,2,"16, 17",False
Systems Involvement,juvenile_fclty_detention,alleged crime before age 18 -Juvenile detention center or correctional facility,"0. No,
1. Yes","Before your 18th birthday, were you ever confined in any of the following facilities in connection to an alleged crime? Mark all that apply - Juvenile detention center or correctional facility",,2,"16, 17",False
Systems Involvement,juvenile_fclty_other,alleged crime before age 18 - Other court-ordered placement,"0. No,
1. Yes","Before your 18th birthday, were you ever confined in any of the following facilities in connection to an alleged crime? Mark all that apply - Other court-ordered placement",,2,"16, 17",False
Systems Involvement,juvenile_fclty_none,alleged crime before age 18 -none of these,"0. No,
1. Yes","Before your 18th birthday, were you ever confined in any of the following facilities in connection to an alleged crime? Mark all that apply - none of these",,2,"16, 17",False
Systems Involvement,juvenile_fclty_prefer_not,alleged crime before age 18 - Prefer not to answer,"0. No,
1. Yes","Before your 18th birthday, were you ever confined in any of the following facilities in connection to an alleged crime? Mark all that apply - Prefer not to answer",,2,"16, 17",False
Systems Involvement,juvenile_fclty_other_txt,alleged crime before age 18 - other text entry,,"Before your 18th birthday, were you ever confined in any of the following facilities in connection to an alleged crime? Mark all that apply.",,2,"16, 17",False
Systems Involvement,juvenile_probation,"probation, detention alternative, parole, aftercare, other","1. Yes,
2. No,
3. Prefer not to answer","Before your 18th birthday, were you ever on probation, alternative to detention, parole, aftercare or any other form of court-ordered supervision for an alleged crime?",,1,16,False
Systems Involvement,adult_arrest,"ever arrested, age 18+","1. Yes,
2. No,
3. Prefer not to answer","After your 18th birthday, were you ever arrested for an alleged crime?",,1,17,False
Systems Involvement,adult_conviction,"ever convicted of crime, age 18+","1. Yes,
2. No,
3. Prefer not to answer","After your 18th birthday, were you ever been convicted of a crime?",,1,17,False
Systems Involvement,adult_fclty_jail,"ever confined in facility, age 18+ - jail","0. No,
1. Yes","After your 18th birthday, were you ever confined in any of the following facilities in connection to an alleged crime? Mark all that apply. - Selected Choice - Jail",,1,17,False
Systems Involvement,adult_fclty_prison,"ever confined in facility, age 18+ - prison","0. No,
1. Yes","After your 18th birthday, were you ever confined in any of the following facilities in connection to an alleged crime? Mark all that apply. - Selected Choice - Prison",,1,17,False
Systems Involvement,adult_fclty_other,"ever confined in facility, age 18+ - other court-ordered placement","0. No,
1. Yes","After your 18th birthday, were you ever confined in any of the following facilities in connection to an alleged crime? Mark all that apply. - Selected Choice - Other court-ordered placement (specify)",,1,17,False
Systems Involvement,adult_fclty_none,"ever confined in facility, age 18+ - none","0. No,
1. Yes","After your 18th birthday, were you ever confined in any of the following facilities in connection to an alleged crime? Mark all that apply. - Selected Choice - None of these",,1,17,False
Systems Involvement,adult_fclty_prefer_not,"ever confined in facility, age 18+ - prefer not to say","0. No,
1. Yes","After your 18th birthday, were you ever confined in any of the following facilities in connection to an alleged crime? Mark all that apply. - Selected Choice - Prefer not to answer",,1,17,False
Systems Involvement,adult_fclty_other_txt,"ever confined in facility, age 18+ - other court-ordered placement, text",,"After your 18th birthday, were you ever confined in any of the following facilities in connection to an alleged crime? Mark all that apply. - Selected Choice - Other court-ordered placement (specify)",,1,17,False
Systems Involvement,adult_probation,"ever on probation or parole, age 18+","1. Yes,
2. No,
3. Prefer not to answer","After your 18th birthday, were you ever on probation, alternative to detention, parole, aftercare or any other form of court-ordered supervision for an alleged crime?",,1,17,False
Child Welfare System,child_welfare_rel_plcmnt,foster home with relatives,"0. No,
1. Yes","Before your 18th birthday, were you ever placed in any type of foster care (under the legal responsibility of the child welfare agency)? Mark all that apply. - Foster home with relatives (e.g., kinship care)",,2,"16, 17",False
Child Welfare System,child_welfare_foster,Foster home without relatives,"0. No,
1. Yes","Before your 18th birthday, were you ever placed in any type of foster care (under the legal responsibility of the child welfare agency)? Mark all that apply. - Foster home without relatives",,2,"16, 17",False
Child Welfare System,child_welfare_group_home,Group care or residential treatment facility,"0. No,
1. Yes","Before your 18th birthday, were you ever placed in any type of foster care (under the legal responsibility of the child welfare agency)? Mark all that apply - Group care or residential treatment facility",,2,"16, 17",False
Child Welfare System,child_welfare_none,None of these,"0. No,
1. Yes","Before your 18th birthday, were you ever placed in any type of foster care (under the legal responsibility of the child welfare agency)? Mark all that apply. - None of these",,2,"16, 17",False
Child Welfare System,child_welfare_prefer_not,Prefer not to answer,"0. No,
1. Yes","Before your 18th birthday, were you ever placed in any type of foster care (under the legal responsibility of the child welfare agency)? Mark all that apply. -  Prefer not to answer",,2,"16, 17",False
Child Welfare System,foster_care_departure,last foster care departure method,"1. Reunified with my parent(s),
2. Living with other relative(s),
3. Guardianship,
4. Adoption,
5. Aged out,
6. Emancipated,
7. Prefer not to answer,
8. None of these",How did you leave foster care for the last time?,If placed in foster care at least once before age 18,2,"16, 17",False
Training,training_job_duties,training - job duties,"0. No,
1. Yes",Below is a list of items you might have received training or instructions on when you began working at {Employer name}. Please mark all items that you received training on: - Selected choice - Your job duties,If employed,1,17,False
Training,training_call_sick,training - how to call out sick,"0. No,
1. Yes",Below is a list of items you might have received training or instructions on when you began working at {Employer name}. Please mark all items that you received training on: - Selected choice - How to call in sick,If employed,1,17,False
Training,training_running_late,training - how to report running late,"0. No,
1. Yes",Below is a list of items you might have received training or instructions on when you began working at {Employer name}. Please mark all items that you received training on: - Selected choice - How to let people know you are running late,If employed,1,17,False
Training,training_change_shift,training - how to request shift change or cover,"0. No,
1. Yes",Below is a list of items you might have received training or instructions on when you began working at {Employer name}. Please mark all items that you received training on: - Selected choice - How to ask about changing your shift or getting coverage for your shift,If employed,1,17,False
Training,training_time_off,training - how to request time off,"0. No,
1. Yes",Below is a list of items you might have received training or instructions on when you began working at {Employer name}. Please mark all items that you received training on: - Selected choice - How to ask for time off,If employed,1,17,False
Training,training_work_problem,training - who to talk to about problem,"0. No,
1. Yes",Below is a list of items you might have received training or instructions on when you began working at {Employer name}. Please mark all items that you received training on: - Selected choice - Who to talk to if you encounter a problem with a customer or co-worker,If employed,1,17,False
Training,training_work_uniform,training - work outfit expectations,"0. No,
1. Yes",Below is a list of items you might have received training or instructions on when you began working at {Employer name}. Please mark all items that you received training on: - Selected choice - Expectations for what you wear to work,If employed,1,17,False
Training,training_interactions,training - how to interact with customers and co-workers,"0. No,
1. Yes",Below is a list of items you might have received training or instructions on when you began working at {Employer name}. Please mark all items that you received training on: - Selected choice - Expectations for how you interact with customers and co-workers,If employed,1,17,False
Training,training_phone_use,training - expectations about phone use,"0. No,
1. Yes",Below is a list of items you might have received training or instructions on when you began working at {Employer name}. Please mark all items that you received training on: - Selected choice - Expectations about phone use at work,If employed,1,17,False
Training,training_none,training - none,"0. No,
1. Yes",Below is a list of items you might have received training or instructions on when you began working at {Employer name}. Please mark all items that you received training on: - Selected choice - None of the above,If employed,1,17,False
Training,onboarding_welcome,onboarding - made feel welcome,"1. Strongly agree,
2. Agree,
4. Disagree,
5. Strongly disagree,
6. Not applicable (I did not receive any onboarding),
7. Neither agree nor disagree",Please indicate the degree to which you agree or disagree with the following statements about your onboarding experience at {Employer name} - The onboaring process made me feel welcome in my new job,If employed,1,17,False
Training,onboarding_stressed,onboarding - made feel stressed,"1. Strongly agree,
2. Agree,
4. Disagree,
5. Strongly disagree,
6. Not applicable (I did not receive any onboarding),
7. Neither agree nor disagree",Please indicate the degree to which you agree or disagree with the following statements about your onboarding experience at {Employer name} - The onboaring process made me feel stressed  in my new job,If employed,1,17,False
Commute,travel_personal_vehicle,travels in personal vehicle,"1. Always,
2. Often,
3. Sometimes,
4. Rarely,
5. Never","How often do you use each of the following mode(s) of transportation to get from place to place? - Your own personal vehicle (e.g., car, truck, SUV)",,1,16,False
Commute,travel_borrow_vehicle,"borrows vehicle of friend, family, or someone else","1. Always,
2. Often,
3. Sometimes,
4. Rarely,
5. Never","How often do you use each of the following mode(s) of transportation to get from place to place? - Borrowing the personal vehicle of a friend, family member, or someone else you know",,1,16,False
Commute,travel_get_ride,"gets a ride from or carpools with friend, family, or someone else","1. Always,
2. Often,
3. Sometimes,
4. Rarely,
5. Never","How often do you use each of the following mode(s) of transportation to get from place to place? - Your own personal vehicle (e.g., car, truck, SUV)",,1,16,False
Commute,travel_rideshare,taxi or rideshare,"1. Always,
2. Often,
3. Sometimes,
4. Rarely,
5. Never","How often do you use each of the following mode(s) of transportation to get from place to place? - Your own personal vehicle (e.g., car, truck, SUV)",,1,16,False
Commute,travel_public_transit,public transportation,"1. Always,
2. Often,
3. Sometimes,
4. Rarely,
5. Never","How often do you use each of the following mode(s) of transportation to get from place to place? - Public Transit (e.g. bus, train, subway)",,1,16,False
Commute,travel_walk_bike,walk or bike,"1. Always,
2. Often,
3. Sometimes,
4. Rarely,
5. Never",How often do you use each of the following mode(s) of transportation to get from place to place? - Walk or bike,,1,16,False
Commute,travel_other,travels some other way,"1. Always,
2. Often,
3. Sometimes,
4. Rarely,
5. Never",How often do you use each of the following mode(s) of transportation to get from place to place? - Other (specify),,1,16,False
Commute,travel_other_txt,travels some other way - text entry,,How often do you use each of the following mode(s) of transportation to get from place to place?,,1,16,False
Commute,job_search_commute_impact,how much did the commute or access to transportation affect jobs applied to,"1. Not at all,
4. A little,
5. Somewhat,
6. A great deal","Thinking back to your job search process that led you to work at [EMPLOYER NAME], how much did the potential commute or access to transportation affect the jobs you applied to?",,1,16,False
Commute,commute_time_min,how many minutes does commute from home to work usually take,,How many minutes does it usually take to get from home to work?,If Employed (Employed = 1),1,16,False
Commute,former_commute_time_min,how many minutes did commute from home to work usually take,,"When you were working at [EMPLOYER NAME], how many minutes did it usually take to get from home to work?",If Employed = 0 (unemployed),1,16,False
Commute,travel_issue_resched,travel issue - reschedule appointment because of transportation issue,"1. Often,
2. Sometimes,
3. Never","To get to the places they need to go, people might walk, bike, take a bus, train or taxi, drive a car, or get a ride. In the past 30 days, how often did you - Have to reschedule an appointment because of a problem with transportation?",,1,16,False
Commute,travel_issue_skip,travel issue - skip going somewhere because of transportation problem,"1. Often,
2. Sometimes,
3. Never","To get to the places they need to go, people might walk, bike, take a bus, train or taxi, drive a car, or get a ride. In the past 30 days, how often did you - Skip going somewhere because of a problem with transportation?",,1,16,False
Commute,travel_issue_stay_home,travel issue - not able to leave house because of transportation issue,"1. Often,
2. Sometimes,
3. Never","To get to the places they need to go, people might walk, bike, take a bus, train or taxi, drive a car, or get a ride. In the past 30 days, how often did you - Not able to leave the house when you
wanted to because of a problem with transportation?",,1,16,False
Commute,travel_issue_feel_bad,travel issue - feel bad because did not have needed transportation,"1. Often,
2. Sometimes,
3. Never","To get to the places they need to go, people might walk, bike, take a bus, train or taxi, drive a car, or get a ride. In the past 30 days, how often did you - Feel bad because you did not have the transportation you needed?",,1,16,False
Commute,travel_issue_worry,"worry about inconveniencing friends, family, or neighbors, bc of transport issue","1. Often,
2. Sometimes,
3. Never","To get to the places they need to go, people might walk, bike, take a bus, train or taxi, drive a car, or get a ride. In the past 30 days, how often did you - Worry about inconveniencing your friends,
family, or neighbors because you needed help with transportation?",,1,16,False
Commute,travel_issue_affect_rltn,have problems with transportation affect relationships with others,"1. Often,
2. Sometimes,
3. Never","To get to the places they need to go, people might walk, bike, take a bus, train or taxi, drive a car, or get a ride. In the past 30 days, how often did you - Have problems with transportation affect your relationships with others?",,1,16,False
Heat At Work,keep_home_cool,able to keep home cool in summer,"1. Always,
2. Often,
3. Sometimes,
4. Rarely,
5. Never","Over the summer, how frequently could you keep the place you live comfortably cool?",,1,17,False
Heat At Work,time_indoors_pct,percentage time spent at work indoors,,"Thinking about a typical shift at ${e://Field/EMPLOYERNAME}, about what percent of the time do you spend working: Indoors [type percentage].",,1,17,False
Heat At Work,time_outdoors_pct,percentage time spent at work outdoors,,"Thinking about a typical shift at ${e://Field/EMPLOYERNAME}, about what percent of the time do you spend working: Outdoors [type percentage].",,1,17,False
Heat At Work,time_vehicle_pct,percentage time spent at work in a vehicle,,"Thinking about a typical shift at ${e://Field/EMPLOYERNAME}, about what percent of the time do you spend working: In a vehicle [type percentage].",,1,17,False
Heat At Work,feel_overheated,how often feeling overheated in the summer,"1. Always,
2. Often,
3. Sometimes,
4. Rarely,
5. Never","Over the summer, how often did you feel uncomfortably hot or overheated while working at ${e://Field/EMPLOYERNAME}?",,1,17,False
Heat At Work,indoor_temp_gt80,how often indoor temps beyond 80 degrees at work in summer,"1. Always,
2. Often,
3. Sometimes,
4. Rarely,
5. Never,
7. Don't know/refuse","Over the summer, how often did the indoor temperature exceed 80 degrees while you were working at ${e://Field/EMPLOYERNAME}?",If time at work spent indoors &gt; 0% AND in a vehicle = 0%,1,17,False
Heat At Work,vehicle_temp_gt80,how often temps beyond 80 degrees in work vehicle in summer,"1. Always,
2. Often,
3. Sometimes,
4. Rarely,
5. Never,
7. Don't know/refuse","Over the summer, how often did the temperature in the vehicle exceed 80 degrees while you were working at ${e://Field/EMPLOYERNAME}?",If time at work spent indoors = 0% AND in a vehicle &gt; 0%,1,17,False
Heat At Work,indoor_vehicle_temp_gt80,how often temps beyond 80 degrees indoors at work or in work vehicle in summer,"1. Always,
2. Often,
3. Sometimes,
4. Rarely,
5. Never,
7. Don't know/refuse","Over the summer, how often did the indoor temperature or the temperature in the vehicle exceed 80 degrees while you were working at ${e://Field/EMPLOYERNAME}?",If time at work spent indoors &gt; 0% AND in a vehicle &gt; 0%,1,17,False
Heat At Work,heat_caused_fatigue,"Experienced fatigue, weakness, or dizziness due to heat last year","0. No,
1. Yes","In the last year, have hot temperatures while working at ${e://Field/EMPLOYERNAME} caused you to experience any of the following symptoms? Mark all that apply. Fatigue, weakness, dizziness, or faintness.",,1,17,False
Heat At Work,heat_caused_nausea,Experienced nausea due to heat last year,"0. No,
1. Yes","In the last year, have hot temperatures while working at ${e://Field/EMPLOYERNAME} caused you to experience any of the following symptoms? Mark all that apply. Nausea.",,1,17,False
Heat At Work,heat_caused_headache,Experienced headache due to heat last year,"0. No,
1. Yes","In the last year, have hot temperatures while working at ${e://Field/EMPLOYERNAME} caused you to experience any of the following symptoms? Mark all that apply. Headache.",,1,17,False
Heat At Work,heat_caused_rash,Experienced skin rash due to heat last year,"0. No,
1. Yes","In the last year, have hot temperatures while working at ${e://Field/EMPLOYERNAME} caused you to experience any of the following symptoms? Mark all that apply. Skin rash.",,1,17,False
Heat At Work,heat_caused_fainting,Experienced fainting or loss of consciousness due to heat last year,"0. No,
1. Yes","In the last year, have hot temperatures while working at ${e://Field/EMPLOYERNAME} caused you to experience any of the following symptoms? Mark all that apply. Fainting or loss of consciousness.",,1,17,False
Heat At Work,heat_caused_confusion,Experienced confusion due to heat last year,"0. No,
1. Yes","In the last year, have hot temperatures while working at ${e://Field/EMPLOYERNAME} caused you to experience any of the following symptoms? Mark all that apply. Confusion.",,1,17,False
Heat At Work,heat_caused_rapid_pulse,Experienced rapid pulse due to heat last year,"0. No,
1. Yes","In the last year, have hot temperatures while working at ${e://Field/EMPLOYERNAME} caused you to experience any of the following symptoms? Mark all that apply. Rapid pulse.",,1,17,False
Heat At Work,heat_caused_convulsions,Experienced convulsions due to heat last year,"0. No,
1. Yes","In the last year, have hot temperatures while working at ${e://Field/EMPLOYERNAME} caused you to experience any of the following symptoms? Mark all that apply. Convulsions.",,1,17,False
Heat At Work,heat_caused_other,Experienced other symptom due to heat last year,"0. No,
1. Yes","In the last year, have hot temperatures while working at ${e://Field/EMPLOYERNAME} caused you to experience any of the following symptoms? Mark all that apply. Other (specify).",,1,17,False
Heat At Work,heat_caused_none,Experienced none of these due to heat last year,"0. No,
1. Yes","In the last year, have hot temperatures while working at ${e://Field/EMPLOYERNAME} caused you to experience any of the following symptoms? Mark all that apply. None of these.",,1,17,False
Heat At Work,heat_caused_other_text,"Experienced other symptom due to heat last year, text",,"In the last year, have hot temperatures while working at ${e://Field/EMPLOYERNAME} caused you to experience any of the following symptoms? Mark all that apply. Other (specify).",,1,17,False
Heat At Work,able_increase_ac,Able to turn up the air conditioning when overheated at work,"0. No,
1. Yes","When I feel uncomfortably hot or overheated while working at ${e://Field/EMPLOYERNAME}, I am able to... Turn up the air conditioning (A/C).",,1,17,False
Heat At Work,able_manager_increase_ac,Able to have manager turn up the air conditioning when overheated at work,"0. No,
1. Yes","When I feel uncomfortably hot or overheated while working at ${e://Field/EMPLOYERNAME}, I am able to... Have my manager turn up the air conditioning (A/C).",,1,17,False
Heat At Work,able_use_fan,Able to use a fan when overheated at work,"0. No,
1. Yes","When I feel uncomfortably hot or overheated while working at ${e://Field/EMPLOYERNAME}, I am able to... Use a fan or other machine that circulates air.",,1,17,False
Heat At Work,able_drink_water,Able to get water when overheated at work,"0. No,
1. Yes","When I feel uncomfortably hot or overheated while working at ${e://Field/EMPLOYERNAME}, I am able to... Get a drink of water.",,1,17,False
Heat At Work,able_cooler_location,Able to move to cooler location when overheated at work,"0. No,
1. Yes","When I feel uncomfortably hot or overheated while working at ${e://Field/EMPLOYERNAME}, I am able to... Move to a cooler location.",,1,17,False
Heat At Work,able_paid_rest,Able to take paid rest break when overheated at work,"0. No,
1. Yes","When I feel uncomfortably hot or overheated while working at ${e://Field/EMPLOYERNAME}, I am able to... Take a paid rest break.",,1,17,False
Heat At Work,able_unpaid_rest,Able to take unpaid rest break when overheated at work,"0. No,
1. Yes","When I feel uncomfortably hot or overheated while working at ${e://Field/EMPLOYERNAME}, I am able to... Take an unpaid rest break.",,1,17,False
Heat At Work,able_unpaid_end_shift,Able to end my shift early without pay when overheated at work,"0. No,
1. Yes","When I feel uncomfortably hot or overheated while working at ${e://Field/EMPLOYERNAME}, I am able to... End my shift early (without being paid).",,1,17,False
Heat At Work,able_paid_end_shift,Able to end my shift early with pay when overheated at work,"0. No,
1. Yes","When I feel uncomfortably hot or overheated while working at ${e://Field/EMPLOYERNAME}, I am able to... End my shift early (with full pay for my scheduled hours).",,1,17,False
Heat At Work,able_other,Able to do other when overheated at work,"0. No,
1. Yes","When I feel uncomfortably hot or overheated while working at ${e://Field/EMPLOYERNAME}, I am able to... Other (specify).",,1,17,False
Heat At Work,able_none,Not able to do any of these when overheated at work,"0. No,
1. Yes","When I feel uncomfortably hot or overheated while working at ${e://Field/EMPLOYERNAME}, I am able to... None of these.",,1,17,False
Heat At Work,able_not_applicable,mitigation strategies for heat at work not applicable,"0. No,
1. Yes","When I feel uncomfortably hot or overheated while working at ${e://Field/EMPLOYERNAME}, I am able to... Not applicable.",,1,17,False
Heat At Work,able_other_text,"Able to do other when overheated at work, text",,"When I feel uncomfortably hot or overheated while working at ${e://Field/EMPLOYERNAME}, I am able to... Other (specify).",,1,17,False
Heat At Work,heat_policy,Does employer have heat policy,"1. Yes,
2. No,
3. I don't know",Does ${e://Field/EMPLOYERNAME} have a policy or guidelines about work during periods of extreme heat?,,1,17,False
Heat At Work,policy_explanation,Description of heat policy,,Please tell us about the ${e://Field/EMPLOYERNAME} policy or guidelines about work during periods of extreme heat.,If respondent reports employer having heat policy,1,17,False
Manager Misclassification,task_interview_m,manager duties include - interview/select employees,"0.  No,
1.  Yes",Please select all of the following tasks you regularly perform in your job at [EMPLOYER NAME]. Mark all that apply - Interviewing and selecting employees or job applicants,if paid hourly &amp; paid overtime,2,"5, 6",False
Manager Misclassification,task_train_m,manager duties include - train employees,"0.  No,
1.  Yes",Please select all of the following tasks you regularly perform in your job at [EMPLOYER NAME]. Mark all that apply - Training employees,if paid hourly &amp; paid overtime,2,"5, 6",False
Manager Misclassification,task_sethour_m,manager duties include - setting hours,"0.  No,
1.  Yes",Please select all of the following tasks you regularly perform in your job at [EMPLOYER NAME]. Mark all that apply - Setting and adjusting hours of work,if paid hourly &amp; paid overtime,2,"5, 6",False
Manager Misclassification,task_setpay_m,manager duties include - setting pay,"0.  No,
1.  Yes",Please select all of the following tasks you regularly perform in your job at [EMPLOYER NAME]. Mark all that apply - Setting and adjusting rates of pay,if paid hourly &amp; paid overtime,2,"5, 6",False
Manager Misclassification,task_direct_m,manager duties include - directing employees' work,"0.  No,
1.  Yes",Please select all of the following tasks you regularly perform in your job at [EMPLOYER NAME]. Mark all that apply - Directing the work of employees,if paid hourly &amp; paid overtime,2,"5, 6",False
Manager Misclassification,task_record_m,manager duties include - maintain records,"0.  No,
1.  Yes",Please select all of the following tasks you regularly perform in your job at [EMPLOYER NAME]. Mark all that apply - Maintaining production or sales records for use in supervision or control of workers,if paid hourly &amp; paid overtime,2,"5, 6",False
Manager Misclassification,task_evaluate_m,manager duties include - evaluate employees,"0.  No,
1.  Yes","Please select all of the following tasks you regularly perform in your job at [EMPLOYER NAME]. Mark all that apply - Appraising employee performance for the purpose of recommending hiring,
firing, promotions or other changes in status or pay",if paid hourly &amp; paid overtime,2,"5, 6",False
Manager Misclassification,task_grievance_m,manager duties include - handle employee grievances,"0.  No,
1.  Yes",Please select all of the following tasks you regularly perform in your job at [EMPLOYER NAME]. Mark all that apply - Handling employee complaints and grievances,if paid hourly &amp; paid overtime,2,"5, 6",False
Manager Misclassification,task_discipline_m,manager duties include - discipline employees,"0.  No,
1.  Yes",Please select all of the following tasks you regularly perform in your job at [EMPLOYER NAME]. Mark all that apply - Disciplining employees,if paid hourly &amp; paid overtime,2,"5, 6",False
Manager Misclassification,task_dividework_m,manager duties include - divide work,"0.  No,
1.  Yes",Please select all of the following tasks you regularly perform in your job at [EMPLOYER NAME]. Mark all that apply - Dividing up the work among the employees,if paid hourly &amp; paid overtime,2,"5, 6",False
Manager Misclassification,task_stock_m,manager duties include - decide merch in stock,"0.  No,
1.  Yes","Please select all of the following tasks you regularly perform in your job at [EMPLOYER NAME]. Mark all that apply - Deciding on the merchandise to be bought, stocked and sold",if paid hourly &amp; paid overtime,2,"5, 6",False
Manager Misclassification,task_distribute_m,manager duties include - control flow of material,"0.  No,
1.  Yes",Please select all of the following tasks you regularly perform in your job at [EMPLOYER NAME]. Mark all that apply - Controlling the flow and distribution of materials or merchandise and supplies,if paid hourly &amp; paid overtime,2,"5, 6",False
Manager Misclassification,task_safety_m,manager duties include - ensure safety of employees or property,"0.  No,
1.  Yes",Please select all of the following tasks you regularly perform in your job at [EMPLOYER NAME]. Mark all that apply - Providing for the safety and security of the employees or the property,if paid hourly &amp; paid overtime,2,"5, 6",False
Manager Misclassification,task_budget_m,manager duties include - plan or control budget,"0.  No,
1.  Yes",Please select all of the following tasks you regularly perform in your job at [EMPLOYER NAME]. Mark all that apply - Planning and controlling the budget,if paid hourly &amp; paid overtime,2,"5, 6",False
Manager Misclassification,task_paybill_m,manager duties include - bill payments,"0.  No,
1.  Yes",Please select all of the following tasks you regularly perform in your job at [EMPLOYER NAME]. Mark all that apply - Authorizing payment of bills,if paid hourly &amp; paid overtime,2,"5, 6",False
Manager Misclassification,task_comply_m,manager duties include - ensure legal compliance,"0.  No,
1.  Yes",Please select all of the following tasks you regularly perform in your job at [EMPLOYER NAME]. Mark all that apply - Monitoring or implementing measures to comply with the law,if paid hourly &amp; paid overtime,2,"5, 6",False
Manager Misclassification,task_plan_m,manager duties include - plan work,"0.  No,
1.  Yes",Please select all of the following tasks you regularly perform in your job at [EMPLOYER NAME]. Mark all that apply - Planning the work,if paid hourly &amp; paid overtime,2,"5, 6",False
Manager Misclassification,task_technique_m,manager duties include - decide techniques employees use,"0.  No,
1.  Yes",Please select all of the following tasks you regularly perform in your job at [EMPLOYER NAME]. Mark all that apply - Determining the techniques to be used to complete a work-related task,if paid hourly &amp; paid overtime,2,"5, 6",False
Manager Misclassification,task_tool_m,manager duties include - decide tools to use,"0.  No,
1.  Yes","Please select all of the following tasks you regularly perform in your job at [EMPLOYER NAME]. Mark all that apply - Deciding on the type of materials, supplies, machinery, equipment or tools to be used",if paid hourly &amp; paid overtime,2,"5, 6",False
Manager Misclassification,tasksum_m,processing variable - sum of manager duties,,Processing variable,,2,"5, 6",False
Manager Misclassification,hirefire,able to hire and fire,"0. No,
1. Yes,
2.  No",Do you have the authority to hire and fire other employees?,if paid hourly &amp; paid overtime &amp; directs work of employees,2,"5, 6",False
Manager Misclassification,hirefiresuggest,suggestions about personnel taken seriously,"0. No,
1. Yes,
2.  No","Are your suggestions and recommendations about the hiring, firing, advancement, promotion and similar changes for other employees usually taken seriously?",if paid hourly &amp; paid overtime &amp; directs work of employees &amp; hirefire == no,2,"5, 6",False
Manager Misclassification,directemp,directs 2+ employees,"0. No,
1. Yes,
2.  No","Do you customarily and regularly direct the work of two or more employees at [EMPLOYER NAME]? (Do not count any volunteers, trainees, or interns whose work you direct.)",if paid hourly &amp; paid overtime &amp; directs work of employees &amp; (hirefire == yes | hirefiresuggest == yes),2,"5, 6",False
Manager Misclassification,directnum,number of employees directed,,You’ve said that you customarily and regularly direct the work of two or more employees at [EMPLOYER NAME]. How many employees do you direct? (M6),if paid hourly &amp; paid overtime &amp; directs work of employees &amp; (hirefire == yes | hirefiresuggest == yes) &amp; direct work of 2+ employees,2,"5, 6",False
Manager Misclassification,direct40hr,number of full time employees directed,,"Considering each employee separately, how many of the employees that you direct typically work at least 40 hours per week? (M7)",if paid hourly &amp; paid overtime &amp; directs work of employees &amp; (hirefire == yes | hirefiresuggest == yes) &amp; direct work of 2+ employees,2,"5, 6",False
Manager Misclassification,directremhr,part time employees' directed hours,,Now consider only the [M6 - M7] employee(s) you direct who typically work(s) part-time (fewer than 40 hours per week). Are the hours they work in total (all those part-time workers combined) typically at least [80 - (40 * M7)] hours per week?,if paid hourly &amp; paid overtime &amp; directs work of employees &amp; (hirefire == yes | hirefiresuggest == yes) &amp; direct work of 2+ employees,2,"5, 6",False
Manager Misclassification,directwage,wage of employees directed,,How much is the typical weekly pay of the hourly-wage employees you supervise? Please enter a dollar amount.,if paid hourly &amp; paid overtime &amp; directs work of employees &amp; (hirefire == yes | hirefiresuggest == yes) &amp; direct work of 2+ employees,2,"5, 6",False
Manager Misclassification,tasktime_other,pct of manager week spent on - other,,"Still thinking about your job at [EMPLOYER NAME], in a typical week, what percent of your time do you spend on each of the following - Other work tasks",if paid hourly &amp; paid overtime &amp; regularly performs 2+ tasks,2,"5, 6",False
Manager Misclassification,tasktime_interview,pct of manager week spent on - interview/select employees,,"Still thinking about your job at [EMPLOYER NAME], in a typical week, what percent of your time do you spend on each of the following - Interviewing and selecting employees or job applicants",if paid hourly &amp; paid overtime &amp; regularly performs 2+ tasks,2,"5, 6",False
Manager Misclassification,tasktime_train,pct of manager week spent on - train employees,,"Still thinking about your job at [EMPLOYER NAME], in a typical week, what percent of your time do you spend on each of the following - Training employees",if paid hourly &amp; paid overtime &amp; regularly performs 2+ tasks,2,"5, 6",False
Manager Misclassification,tasktime_sethour,pct of manager week spent on - setting hours,,"Still thinking about your job at [EMPLOYER NAME], in a typical week, what percent of your time do you spend on each of the following - Setting and adjusting hours of work",if paid hourly &amp; paid overtime &amp; regularly performs 2+ tasks,2,"5, 6",False
Manager Misclassification,tasktime_setpay,pct of manager week spent on - setting pay,,"Still thinking about your job at [EMPLOYER NAME], in a typical week, what percent of your time do you spend on each of the following - Setting and adjusting rates of pay",if paid hourly &amp; paid overtime &amp; regularly performs 2+ tasks,2,"5, 6",False
Manager Misclassification,tasktime_direct,pct of manager week spent on - directing employees' work,,"Still thinking about your job at [EMPLOYER NAME], in a typical week, what percent of your time do you spend on each of the following - Directing the work of two or more employees",if paid hourly &amp; paid overtime &amp; regularly performs 2+ tasks,2,"5, 6",False
Manager Misclassification,tasktime_record,pct of manager week spent on - maintain records,,"Still thinking about your job at [EMPLOYER NAME], in a typical week, what percent of your time do you spend on each of the following - Maintaining production or sales records for use in supervision or control of workers",if paid hourly &amp; paid overtime &amp; regularly performs 2+ tasks,2,"5, 6",False
Manager Misclassification,tasktime_evaluate,pct of manager week spent on - evaluate employees,,"Still thinking about your job at [EMPLOYER NAME], in a typical week, what percent of your time do you spend on each of the following - Appraising employee performance for the purpose of recommending hiring, firing, promotions or other changes in status or pay",if paid hourly &amp; paid overtime &amp; regularly performs 2+ tasks,2,"5, 6",False
Manager Misclassification,tasktime_grievance,pct of manager week spent on - handle employee grievances,,"Still thinking about your job at [EMPLOYER NAME], in a typical week, what percent of your time do you spend on each of the following - Handling employee complaints and grievances",if paid hourly &amp; paid overtime &amp; regularly performs 2+ tasks,2,"5, 6",False
Manager Misclassification,tasktime_discipline,pct of manager week spent on - discipline employees,,"Still thinking about your job at [EMPLOYER NAME], in a typical week, what percent of your time do you spend on each of the following - Disciplining employees",if paid hourly &amp; paid overtime &amp; regularly performs 2+ tasks,2,"5, 6",False
Manager Misclassification,tasktime_dividework,pct of manager week spent on - divide work,,"Still thinking about your job at [EMPLOYER NAME], in a typical week, what percent of your time do you spend on each of the following - Dividing up the work among the employees",if paid hourly &amp; paid overtime &amp; regularly performs 2+ tasks,2,"5, 6",False
Manager Misclassification,tasktime_stock,pct of manager week spent on - decide merch in stock,,"Still thinking about your job at [EMPLOYER NAME], in a typical week, what percent of your time do you spend on each of the following - Deciding on the merchandise to be bought, stocked and sold",if paid hourly &amp; paid overtime &amp; regularly performs 2+ tasks,2,"5, 6",False
Manager Misclassification,tasktime_distribute,pct of manager week spent on - control flow of material,,"Still thinking about your job at [EMPLOYER NAME], in a typical week, what percent of your time do you spend on each of the following - Controlling the flow and distribution of materials or merchandise and supplies",if paid hourly &amp; paid overtime &amp; regularly performs 2+ tasks,2,"5, 6",False
Manager Misclassification,tasktime_safety,pct of manager week spent on - ensure safety of employees or property,,"Still thinking about your job at [EMPLOYER NAME], in a typical week, what percent of your time do you spend on each of the following - Providing for the safety and security of the employees or the property",if paid hourly &amp; paid overtime &amp; regularly performs 2+ tasks,2,"5, 6",False
Manager Misclassification,tasktime_budget,pct of manager week spent on - plan or control budget,,"Still thinking about your job at [EMPLOYER NAME], in a typical week, what percent of your time do you spend on each of the following - Planning and controlling the budget",if paid hourly &amp; paid overtime &amp; regularly performs 2+ tasks,2,"5, 6",False
Manager Misclassification,tasktime_paybill,pct of manager week spent on - bill payments,,"Still thinking about your job at [EMPLOYER NAME], in a typical week, what percent of your time do you spend on each of the following - Authorizing payment of bills",if paid hourly &amp; paid overtime &amp; regularly performs 2+ tasks,2,"5, 6",False
Manager Misclassification,tasktime_comply,pct of manager week spent on - ensure legal compliance,,"Still thinking about your job at [EMPLOYER NAME], in a typical week, what percent of your time do you spend on each of the following - Monitoring or implementing measures to comply with the law",if paid hourly &amp; paid overtime &amp; regularly performs 2+ tasks,2,"5, 6",False
Manager Misclassification,tasktime_plan,pct of manager week spent on - plan work,,"Still thinking about your job at [EMPLOYER NAME], in a typical week, what percent of your time do you spend on each of the following - Planning the work",if paid hourly &amp; paid overtime &amp; regularly performs 2+ tasks,2,"5, 6",False
Manager Misclassification,tasktime_technique,pct of manager week spent on - decide techniques employees use,,"Still thinking about your job at [EMPLOYER NAME], in a typical week, what percent of your time do you spend on each of the following - Determining the techniques to be used to complete a work-related task",if paid hourly &amp; paid overtime &amp; regularly performs 2+ tasks,2,"5, 6",False
Manager Misclassification,tasktime_tool,pct of manager week spent on - decide tools to use,,"Still thinking about your job at [EMPLOYER NAME], in a typical week, what percent of your time do you spend on each of the following - Deciding on the type of materials, supplies, machinery, equipment, or tools to be used",if paid hourly &amp; paid overtime &amp; regularly performs 2+ tasks,2,"5, 6",False
Manager Misclassification,othertaskpay,non-managers wage for misc. tasks managers do,,"Of the “other work tasks” you perform in a typical week, how much do other employees usually get in wages in that week just for doing those same kinds of tasks? Please enter a dollar amount.",if paid hourly &amp; paid overtime,2,"5, 6",False
Manager Misclassification,taskrank_interview,rate importance of task to managing - interview/select employees,,"Below is a list of typical job duties. Please rank each job duty by how important it is to your job, where a top rank (1) is the most important and a bottom rank (18) is not at all important or not very important - Interviewing and selecting employees or job applicants",if paid hourly &amp; paid overtime &amp; regularly performs 2+ tasks,2,"5, 6",False
Manager Misclassification,taskrank_train,rate importance of task to managing - train employees,,"Below is a list of typical job duties. Please rank each job duty by how important it is to your job, where a top rank (1) is the most important and a bottom rank (18) is not at all important or not very important - Training employees",if paid hourly &amp; paid overtime &amp; regularly performs 2+ tasks,2,"5, 6",False
Manager Misclassification,taskrank_sethour,rate importance of task to managing - setting hours,,"Below is a list of typical job duties. Please rank each job duty by how important it is to your job, where a top rank (1) is the most important and a bottom rank (18) is not at all important or not very important - Setting and adjusting hours of work",if paid hourly &amp; paid overtime &amp; regularly performs 2+ tasks,2,"5, 6",False
Manager Misclassification,taskrank_setpay,rate importance of task to managing - setting pay,,"Below is a list of typical job duties. Please rank each job duty by how important it is to your job, where a top rank (1) is the most important and a bottom rank (18) is not at all important or not very important - Setting and adjusting rates of pay",if paid hourly &amp; paid overtime &amp; regularly performs 2+ tasks,2,"5, 6",False
Manager Misclassification,taskrank_direct,rate importance of task to managing - directing employees' work,,"Below is a list of typical job duties. Please rank each job duty by how important it is to your job, where a top rank (1) is the most important and a bottom rank (18) is not at all important or not very important - Directing the work of two or more employees",if paid hourly &amp; paid overtime &amp; regularly performs 2+ tasks,2,"5, 6",False
Manager Misclassification,taskrank_record,rate importance of task to managing - maintain records,,"Below is a list of typical job duties. Please rank each job duty by how important it is to your job, where a top rank (1) is the most important and a bottom rank (18) is not at all important or not very important - Maintaining production or sales records for use in supervision or control of workers",if paid hourly &amp; paid overtime &amp; regularly performs 2+ tasks,2,"5, 6",False
Manager Misclassification,taskrank_evaluate,rate importance of task to managing - evaluate employees,,"Below is a list of typical job duties. Please rank each job duty by how important it is to your job, where a top rank (1) is the most important and a bottom rank (18) is not at all important or not very important - Appraising employee performance for the purpose of recommending hiring, firing, promotions or other changes in status or pay",if paid hourly &amp; paid overtime &amp; regularly performs 2+ tasks,2,"5, 6",False
Manager Misclassification,taskrank_grievance,rate importance of task to managing - handle employee grievances,,"Below is a list of typical job duties. Please rank each job duty by how important it is to your job, where a top rank (1) is the most important and a bottom rank (18) is not at all important or not very important - Handling employee complaints and grievances",if paid hourly &amp; paid overtime &amp; regularly performs 2+ tasks,2,"5, 6",False
Manager Misclassification,taskrank_discipline,rate importance of task to managing - discipline employees,,"Below is a list of typical job duties. Please rank each job duty by how important it is to your job, where a top rank (1) is the most important and a bottom rank (18) is not at all important or not very important - Disciplining employees",if paid hourly &amp; paid overtime &amp; regularly performs 2+ tasks,2,"5, 6",False
Manager Misclassification,taskrank_dividework,rate importance of task to managing - divide work,,"Below is a list of typical job duties. Please rank each job duty by how important it is to your job, where a top rank (1) is the most important and a bottom rank (18) is not at all important or not very important - Dividing up the work among the employees",if paid hourly &amp; paid overtime &amp; regularly performs 2+ tasks,2,"5, 6",False
Manager Misclassification,taskrank_stock,rate importance of task to managing - decide merch in stock,,"Below is a list of typical job duties. Please rank each job duty by how important it is to your job, where a top rank (1) is the most important and a bottom rank (18) is not at all important or not very important - Deciding on the merchandise to be bought, stocked and sold",if paid hourly &amp; paid overtime &amp; regularly performs 2+ tasks,2,"5, 6",False
Manager Misclassification,taskrank_distribute,rate importance of task to managing - control flow of material,,"Below is a list of typical job duties. Please rank each job duty by how important it is to your job, where a top rank (1) is the most important and a bottom rank (18) is not at all important or not very important - Controlling the flow and distribution of materials or merchandise and supplies",if paid hourly &amp; paid overtime &amp; regularly performs 2+ tasks,2,"5, 6",False
Manager Misclassification,taskrank_safety,rate importance of task to managing - ensure safety of employees or property,,"Below is a list of typical job duties. Please rank each job duty by how important it is to your job, where a top rank (1) is the most important and a bottom rank (18) is not at all important or not very important - Providing for the safety and security of the employees or the property",if paid hourly &amp; paid overtime &amp; regularly performs 2+ tasks,2,"5, 6",False
Manager Misclassification,taskrank_budget,rate importance of task to managing - plan or control budget,,"Below is a list of typical job duties. Please rank each job duty by how important it is to your job, where a top rank (1) is the most important and a bottom rank (18) is not at all important or not very important - Planning and controlling the budget",if paid hourly &amp; paid overtime &amp; regularly performs 2+ tasks,2,"5, 6",False
Manager Misclassification,taskrank_paybill,rate importance of task to managing - bill payments,,"Below is a list of typical job duties. Please rank each job duty by how important it is to your job, where a top rank (1) is the most important and a bottom rank (18) is not at all important or not very important - Authorizing payment of bills",if paid hourly &amp; paid overtime &amp; regularly performs 2+ tasks,1,6,False
Manager Misclassification,taskrank_comply,rate importance of task to managing - ensure legal compliance,,"Below is a list of typical job duties. Please rank each job duty by how important it is to your job, where a top rank (1) is the most important and a bottom rank (18) is not at all important or not very important - Monitoring or implementing measures to comply with the law",if paid hourly &amp; paid overtime &amp; regularly performs 2+ tasks,2,"5, 6",False
Manager Misclassification,taskrank_plan,rate importance of task to managing - plan work,,"Below is a list of typical job duties. Please rank each job duty by how important it is to your job, where a top rank (1) is the most important and a bottom rank (18) is not at all important or not very important - Planning the work",if paid hourly &amp; paid overtime &amp; regularly performs 2+ tasks,2,"5, 6",False
Manager Misclassification,taskrank_technique,rate importance of task to managing - decide techniques employees use,,"Below is a list of typical job duties. Please rank each job duty by how important it is to your job, where a top rank (1) is the most important and a bottom rank (18) is not at all important or not very important - Determining the techniques to be used to complete a work-related task",if paid hourly &amp; paid overtime &amp; regularly performs 2+ tasks,2,"5, 6",False
Manager Misclassification,taskrank_tool,rate importance of task to managing - decide tools to use,,"Below is a list of typical job duties. Please rank each job duty by how important it is to your job, where a top rank (1) is the most important and a bottom rank (18) is not at all important or not very important - Deciding on the type of materials, supplies, machinery, equipment, or tools to be used",if paid hourly &amp; paid overtime &amp; regularly performs 2+ tasks,2,"5, 6",False
Manager Misclassification,nosuper,usually free from direct supervision,"1.  Strongly agree,
2.  Somewhat agree,
3.  Somewhat disagree,
4.  Strongly disagree","How much do you agree or disagree with this statement about your job?: “In deciding which job tasks to do and when to do them, I am usually free from direct supervision.”",if paid hourly &amp; paid overtime,2,"5, 6",False
Manager Misclassification,misclass_elig,eligible for manager misclassifcation module,,Processing variable,,2,"5, 6",False
Manager Misclassification,misclass_begin,answered manager misclassifcation module,,Processing variable,,2,"5, 6",False
Manager Main,task_interview,manager duties include - interview/select employees,"0.  No,
1.  Yes",Please select all of the following tasks you regularly perform in your job at [EMPLOYER NAME]. Mark all that apply - Interviewing and selecting employees or job applicants,if manager,2,"5, 6",False
Manager Main,task_train,manager duties include - train employees,"0.  No,
1.  Yes",Please select all of the following tasks you regularly perform in your job at [EMPLOYER NAME]. Mark all that apply - Training employees,if manager,2,"5, 6",False
Manager Main,task_sethour,manager duties include - setting hours,"0.  No,
1.  Yes",Please select all of the following tasks you regularly perform in your job at [EMPLOYER NAME]. Mark all that apply - Setting and adjusting hours of work,if manager,2,"5, 6",False
Manager Main,task_direct,manager duties include - directing employees' work,"0.  No,
1.  Yes",Please select all of the following tasks you regularly perform in your job at [EMPLOYER NAME]. Mark all that apply - Directing the work of employees,if manager,2,"5, 6",False
Manager Main,task_record,manager duties include - maintain records,"0.  No,
1.  Yes",Please select all of the following tasks you regularly perform in your job at [EMPLOYER NAME]. Mark all that apply - Maintaining production or sales records for use in supervision or control of workers,if manager,2,"5, 6",False
Manager Main,task_evaluate,manager duties include - evaluate employees,"0.  No,
1.  Yes","Please select all of the following tasks you regularly perform in your job at [EMPLOYER NAME]. Mark all that apply - Appraising employee performance for the purpose of recommending hiring,
firing, promotions or other changes in status or pay",if manager,2,"5, 6",False
Manager Main,task_grievance,manager duties include - handle employee grievances,"0.  No,
1.  Yes",Please select all of the following tasks you regularly perform in your job at [EMPLOYER NAME]. Mark all that apply - Handling employee complaints and grievances,if manager,2,"5, 6",False
Manager Main,task_discipline,manager duties include - discipline employees,"0.  No,
1.  Yes",Please select all of the following tasks you regularly perform in your job at [EMPLOYER NAME]. Mark all that apply - Disciplining employees,if manager,2,"5, 6",False
Manager Main,task_dividework,manager duties include - divide work,"0.  No,
1.  Yes",Please select all of the following tasks you regularly perform in your job at [EMPLOYER NAME]. Mark all that apply - Dividing up the work among the employees,if manager,2,"5, 6",False
Manager Main,task_stock,manager duties include - decide merch in stock,"0.  No,
1.  Yes","Please select all of the following tasks you regularly perform in your job at [EMPLOYER NAME]. Mark all that apply - Deciding on the merchandise to be bought, stocked and sold",if manager,2,"5, 6",False
Manager Main,task_distribute,manager duties include - control flow of material,"0.  No,
1.  Yes",Please select all of the following tasks you regularly perform in your job at [EMPLOYER NAME]. Mark all that apply - Controlling the flow and distribution of materials or merchandise and supplies,if manager,2,"5, 6",False
Manager Main,task_safety,manager duties include - ensure safety of employees or property,"0.  No,
1.  Yes",Please select all of the following tasks you regularly perform in your job at [EMPLOYER NAME]. Mark all that apply - Providing for the safety and security of the employees or the property,if manager,2,"5, 6",False
Manager Main,task_budget,manager duties include - plan or control budget,"0.  No,
1.  Yes",Please select all of the following tasks you regularly perform in your job at [EMPLOYER NAME]. Mark all that apply - Planning and controlling the budget,if manager,2,"5, 6",False
Manager Main,task_paybill,manager duties include - bill payments,"0.  No,
1.  Yes",Please select all of the following tasks you regularly perform in your job at [EMPLOYER NAME]. Mark all that apply - Authorizing payment of bills,if manager,2,"5, 6",False
Manager Main,task_comply,manager duties include - ensure legal compliance,"0.  No,
1.  Yes",Please select all of the following tasks you regularly perform in your job at [EMPLOYER NAME]. Mark all that apply - Monitoring or implementing measures to comply with the law,if manager,2,"5, 6",False
Manager Main,setsched_resp,sets employee schedules - respondent,"0.  No,
1.  Yes",Who determines the hours individual employees at your store work on a day-to-day basis? Mark all that apply. - I set employee schedules,if manager,2,"5, 6",False
Manager Main,setsched_mgr,sets employee schedules - other manager,"0.  No,
1.  Yes",Who determines the hours individual employees at your store work on a day-to-day basis? Mark all that apply. - Another manager who works at my store sets employee schedules,if manager,2,"5, 6",False
Manager Main,setsched_remotemgr,sets employee schedules - remote manager,"0.  No,
1.  Yes",Who determines the hours individual employees at your store work on a day-to-day basis? Mark all that apply. - A manager who does not work at my store sets employee schedules,if manager,2,"5, 6",False
Manager Main,setsched_ees,sets employee schedules - employees,"0.  No,
1.  Yes",Who determines the hours individual employees at your store work on a day-to-day basis? Mark all that apply. - Employees set their own schedules,if manager,2,"5, 6",False
Manager Main,setsched_other,sets employee schedules - other,"0.  No,
1.  Yes",Who determines the hours individual employees at your store work on a day-to-day basis? Mark all that apply. - Other,if manager,2,"5, 6",False
Manager Main,setsched_other_text,sets employee schedules - other text,,Who determines the hours individual employees at your store work on a day-to-day basis? Mark all that apply. - Other [text field],if manager,2,"5, 6",False
Manager Main,mgr_oncall,scheduling practices used - on call,"0.  No,
1.  Yes",Meeting your establishment’s scheduling needs can be difficult. Which of the following practices do you use when setting work schedules? Mark all that apply. - I keep employees on call,if manager &amp; sets employees schedules,2,"5, 6",False
Manager Main,mgr_changeweek,scheduling practices used - change scheduled shifts during week,"0.  No,
1.  Yes",Meeting your establishment’s scheduling needs can be difficult. Which of the following practices do you use when setting work schedules? Mark all that apply. - I change scheduled shifts throughout the week,if manager &amp; sets employees schedules,2,"5, 6",False
Manager Main,mgr_shortday,scheduling practices used - shorten shifts,"0.  No,
1.  Yes",Meeting your establishment’s scheduling needs can be difficult. Which of the following practices do you use when setting work schedules? Mark all that apply. - I ask employees to come in late or leave early from a scheduled shift,if manager &amp; sets employees schedules,2,"5, 6",False
Manager Main,mgr_longday,scheduling practices used - lengthen shift,"0.  No,
1.  Yes",Meeting your establishment’s scheduling needs can be difficult. Which of the following practices do you use when setting work schedules? Mark all that apply. - I ask employees to come in early or leave late from a scheduled shift,if manager &amp; sets employees schedules,2,"5, 6",False
Manager Main,mgr_points,scheduling practices used - points system,"0.  No,
1.  Yes","Meeting your establishment’s scheduling needs can be difficult. Which of the following practices do you use when setting work schedules? Mark all that apply. - I use a points-based system to reward and discipline employees (e.g. issuing demerits for being late or missing a shift, rewarding employees with points for working overtime, etc.)",if manager &amp; sets employees schedules,2,"5, 6",False
Manager Main,mgr_input,scheduling practices used - employee input,"0.  No,
1.  Yes",Meeting your establishment’s scheduling needs can be difficult. Which of the following practices do you use when setting work schedules? Mark all that apply. - I let employees have input when making their schedules,if manager &amp; sets employees schedules,2,"5, 6",False
Manager Main,mgr_parttime,scheduling practices used - many part-time few full-time workers,"0.  No,
1.  Yes",Meeting your establishment’s scheduling needs can be difficult. Which of the following practices do you use when setting work schedules? Mark all that apply. - I hire many part-time employees and few full-time employees,if manager &amp; sets employees schedules,2,"5, 6",False
Manager Main,mgr_clopen,scheduling practices used - clopen,"0.  No,
1.  Yes","Meeting your establishment’s scheduling needs can be difficult. Which of the following practices do you use when setting work schedules? Mark all that apply. - I schedule employees for back-to-back closing and opening shifts, also known as “clopening”",if manager &amp; sets employees schedules,2,"5, 6",False
Manager Main,mgr_notice,length of notice for employees' schedules,"0.  No,
1.  Yes",How far in advance do you post your employees’ schedules?,if manager &amp; sets employees schedules,2,"5, 6",False
Manager Main,post_paper,post schedules via - paper,"0.  No,
1.  Yes",How do you post employees’ schedules and communicate changes to their schedules? Mark all that apply. - Post in paper form in the workplace,if manager &amp; sets employees schedules,2,"5, 6",False
Manager Main,post_app,post schedules via - app,"0.  No,
1.  Yes",How do you post employees’ schedules and communicate changes to their schedules? Mark all that apply. - Use an app,if manager &amp; sets employees schedules,2,"5, 6",False
Manager Main,post_ph,post schedules via - phone call,"0.  No,
1.  Yes",How do you post employees’ schedules and communicate changes to their schedules? Mark all that apply. - Phone call,if manager &amp; sets employees schedules,2,"5, 6",False
Manager Main,post_txt,post schedules via - text,"0.  No,
1.  Yes",How do you post employees’ schedules and communicate changes to their schedules? Mark all that apply. - By text message,if manager &amp; sets employees schedules,2,"5, 6",False
Manager Main,post_email,post schedules via - email,"0.  No,
1.  Yes",How do you post employees’ schedules and communicate changes to their schedules? Mark all that apply. - Email,if manager &amp; sets employees schedules,2,"5, 6",False
Manager Main,post_verbal,post schedules via - in person verbally,"0.  No,
1.  Yes","How do you post employees’ schedules and communicate changes to their schedules? Mark all that apply. - In person, verbally",if manager &amp; sets employees schedules,2,"5, 6",False
Manager Main,post_other,post schedules via - other,"0.  No,
1.  Yes",How do you post employees’ schedules and communicate changes to their schedules? Mark all that apply. - Other,if manager &amp; sets employees schedules,2,"5, 6",False
Manager Main,comm_paper,communicate schedules by - paper,"0.  No,
1.  Yes",How do you post employees’ schedules and communicate changes to their schedules? Mark all that apply. - Post in paper form in the workplace,if manager &amp; sets employees schedules,2,"5, 6",False
Manager Main,comm_app,communicate schedules by - app,"0.  No,
1.  Yes",How do you post employees’ schedules and communicate changes to their schedules? Mark all that apply. - Use an app,if manager &amp; sets employees schedules,2,"5, 6",False
Manager Main,comm_ph,communicate schedules by - phone call,"0.  No,
1.  Yes",How do you post employees’ schedules and communicate changes to their schedules? Mark all that apply. - Phone call,if manager &amp; sets employees schedules,2,"5, 6",False
Manager Main,comm_txt,communicate schedules by - text,"0.  No,
1.  Yes",How do you post employees’ schedules and communicate changes to their schedules? Mark all that apply. - By text message,if manager &amp; sets employees schedules,2,"5, 6",False
Manager Main,comm_email,communicate schedules by - email,"0.  No,
1.  Yes",How do you post employees’ schedules and communicate changes to their schedules? Mark all that apply. - Email,if manager &amp; sets employees schedules,2,"5, 6",False
Manager Main,comm_verbal,communicate schedules by - in person verbally,"0.  No,
1.  Yes","How do you post employees’ schedules and communicate changes to their schedules? Mark all that apply. - In person, verbally",if manager &amp; sets employees schedules,2,"5, 6",False
Manager Main,comm_other,communicate schedules by - other,"0.  No,
1.  Yes",How do you post employees’ schedules and communicate changes to their schedules? Mark all that apply. - Other,if manager &amp; sets employees schedules,2,"5, 6",False
Manager Main,ranksched_peak,scheduling priorities - cover peak times,,"Please rank the following in order of importance when setting schedules, where a top rank (1) is the most important and a bottom rank (6) is not at all important or not very important. -",if manager &amp; sets employees schedules,2,"5, 6",False
Manager Main,ranksched_limit,scheduling priorities - stay within company hour limits,,"Please rank the following in order of importance when setting schedules, where a top rank (1) is the most important and a bottom rank (6) is not at all important or not very important. -",if manager &amp; sets employees schedules,2,"5, 6",False
Manager Main,ranksched_desire,scheduling priorities - meet employees' desires,,"Please rank the following in order of importance when setting schedules, where a top rank (1) is the most important and a bottom rank (6) is not at all important or not very important. -",if manager &amp; sets employees schedules,2,"5, 6",False
Manager Main,ranksched_fast,scheduling priorities - make schedules quickly,,"Please rank the following in order of importance when setting schedules, where a top rank (1) is the most important and a bottom rank (6) is not at all important or not very important. -",if manager &amp; sets employees schedules,2,"5, 6",False
Manager Main,ranksched_sales,scheduling priorities - meet sale goals,,"Please rank the following in order of importance when setting schedules, where a top rank (1) is the most important and a bottom rank (6) is not at all important or not very important. -",if manager &amp; sets employees schedules,2,"5, 6",False
Manager Main,ranksched_svc,scheduling priorities - ensure good customer service,,"Please rank the following in order of importance when setting schedules, where a top rank (1) is the most important and a bottom rank (6) is not at all important or not very important. -",if manager &amp; sets employees schedules,2,"5, 6",False
Manager Main,policy_oncall,company policy permits - on call,"0.  No,
1.  Yes","Still thinking about your job at [EMPLOYER NAME], please select all of the following scheduling practices that official company policy permits. (Headquarters has policies that you can usually follow, but also policies you usually cannot because of on-the-ground job realities.) Mark all that apply. - Still thinking about your job at [EMPLOYER NAME], please select all of the following scheduling practices that official company policy permits. (Headquarters has policies that you can usually follow,",if manager &amp; sets employees schedules,2,"5, 6",False
Manager Main,policy_notice2wk,company policy permits - less than 2 week schedule notice,"0.  No,
1.  Yes","Still thinking about your job at [EMPLOYER NAME], please select all of the following scheduling practices that official company policy permits. (Headquarters has policies that you can usually follow, but also policies you usually cannot because of on-the-ground job realities.) Mark all that apply. - Notifying employees of schedule changes less than two week in advance",if manager &amp; sets employees schedules,2,"5, 6",False
Manager Main,policy_shortday,company policy permits - shorten shift,"0.  No,
1.  Yes","Still thinking about your job at [EMPLOYER NAME], please select all of the following scheduling practices that official company policy permits. (Headquarters has policies that you can usually follow, but also policies you usually cannot because of on-the-ground job realities.) Mark all that apply. - Asking employees to come in late or leave early from a scheduled shift",if manager &amp; sets employees schedules,2,"5, 6",False
Manager Main,policy_lateday,company policy permits - lengthen shift,"0.  No,
1.  Yes","Still thinking about your job at [EMPLOYER NAME], please select all of the following scheduling practices that official company policy permits. (Headquarters has policies that you can usually follow, but also policies you usually cannot because of on-the-ground job realities.) Mark all that apply. - Asking employees to come in early or leave late from a scheduled shift",if manager &amp; sets employees schedules,2,"5, 6",False
Manager Main,policy_clopen,company policy permits - clopen,"0.  No,
1.  Yes","Still thinking about your job at [EMPLOYER NAME], please select all of the following scheduling practices that official company policy permits. (Headquarters has policies that you can usually follow, but also policies you usually cannot because of on-the-ground job realities.) Mark all that apply. - Scheduling employees for back-to-back closing and opening shifts, also known as “clopening”",if manager &amp; sets employees schedules,2,"5, 6",False
Manager Main,policy_0hr,company policy permits - scheduling an employee a 0 hr week,"0.  No,
1.  Yes","Still thinking about your job at [EMPLOYER NAME], please select all of the following scheduling practices that official company policy permits. (Headquarters has policies that you can usually follow, but also policies you usually cannot because of on-the-ground job realities.) Mark all that apply. - Scheduling an employee for a 0 hour week",if manager &amp; sets employees schedules,2,"5, 6",False
Manager Main,policy_points,company policy permits - points based system,"0.  No,
1.  Yes","Still thinking about your job at [EMPLOYER NAME], please select all of the following scheduling practices that official company policy permits. (Headquarters has policies that you can usually follow, but also policies you usually cannot because of on-the-ground job realities.) Mark all that apply. - Using a points-based system to reward or discipline employees (e.g. issuing demerits for being late or missing a shift, rewarding employees with points for working overtime, etc.)",if manager &amp; sets employees schedules,2,"5, 6",False
Manager Main,setlimit_resp,sets workplace hour limits - respondent,"0.  No,
1.  Yes",Who sets limits or guidelines on the total hours employees work at your store in a given week or month? Mark all that apply. - I determine the total number of hours worked at my store,if manager,2,"5, 6",False
Manager Main,setlimit_mgr,sets workplace hour limits - other manager,"0.  No,
1.  Yes",Who sets limits or guidelines on the total hours employees work at your store in a given week or month? Mark all that apply. - Another manager who works at my store determines total hours,if manager,2,"5, 6",False
Manager Main,setlimit_remotemgr,sets workplace hour limits - remote manager,"0.  No,
1.  Yes",Who sets limits or guidelines on the total hours employees work at your store in a given week or month? Mark all that apply. - A manager who does not work at my store determines total hours,if manager,2,"5, 6",False
Manager Main,setlimit_nobody,sets workplace hour limits - no one,"0.  No,
1.  Yes",Who sets limits or guidelines on the total hours employees work at your store in a given week or month? Mark all that apply. - Nobody limits total hours,if manager,2,"5, 6",False
Manager Main,setlimit_other,sets workplace hour limits - other,"0.  No,
1.  Yes",Who sets limits or guidelines on the total hours employees work at your store in a given week or month? Mark all that apply. - Other,if manager,2,"5, 6",False
Manager Main,setlimit_nobody_text,sets workplace hour limits - text,,Who sets limits or guidelines on the total hours employees work at your store in a given week or month? Mark all that apply. -,if manager,2,"5, 6",False
Manager Main,hourpress,pressure to stay within workplace hour limits,"1.  Very pressured,
2.  Somewhat pressured,
3.  Not so pressured,
4.  Not at all pressured",How pressured do you feel to set schedules that stay within the total hours allotted for employees at your store?,if manager &amp; sets employees schedules &amp; no workplace hour limits,2,"5, 6",False
Manager Main,super,respondent's direct supervisor at work,"1.  A manager who works at my store,
2.  Someone who oversees my store and other stores,
3.  Our corporate office,
4.  Nobody,
5.  Other",Who is your direct supervisor at [EMPLOYER NAME]?,if manager,2,"5, 6",False
Manager Main,super_text,respondent's direct supervisor at work - text option,,Who is your direct supervisor at [EMPLOYER NAME]?,if manager,2,"5, 6",False
Manager Main,supercomm,communicates with supervisor,"1.  Every day,
2.  Every week,
3.  A few times per month,
4.  Once a month or less",How often do you communicate with your supervisor?,if manager &amp; has supervisor,2,"5, 6",False
Manager Main,bonus,receives bonus pay,"0. No,
1. Yes,
2.  No","In addition to your base pay, do you receive any bonus compensation from your job at [EMPLOYER NAME]?",if manager,2,"5, 6",False
Manager Main,bonus_count,number of factors considered in bonus,,variable created in processing,if manager &amp; workplace gives bonuses,2,"5, 6",False
Manager Main,bonus_sales,factor considered in bonus - sales,"0.  No,
1.  Yes","Below is a list of factors commonly used to determine employee bonuses. To the best of your knowledge, which of these factors are considered to determine your bonus? Mark all that apply. - The total value of sales made at my store",if manager &amp; workplace gives bonuses,2,"5, 6",False
Manager Main,bonus_net,factor considered in bonus - net profits,"0.  No,
1.  Yes","Below is a list of factors commonly used to determine employee bonuses. To the best of your knowledge, which of these factors are considered to determine your bonus? Mark all that apply. - Net profits at my store",if manager &amp; workplace gives bonuses,2,"5, 6",False
Manager Main,bonus_other,factor considered in bonus - other,"0.  No,
1.  Yes","Below is a list of factors commonly used to determine employee bonuses. To the best of your knowledge, which of these factors are considered to determine your bonus? Mark all that apply. - Other",if manager &amp; workplace gives bonuses,2,"5, 6",False
Manager Main,bonus_other_text,factor considered in bonus - other text,,"Below is a list of factors commonly used to determine employee bonuses. To the best of your knowledge, which of these factors are considered to determine your bonus? Mark all that apply. - Other",if manager &amp; workplace gives bonuses,2,"5, 6",False
Manager Main,bonus_shrink,factor considered in bonus - control shrinkage,"0.  No,
1.  Yes","Below is a list of factors commonly used to determine employee bonuses. To the best of your knowledge, which of these factors are considered to determine your bonus? Mark all that apply. - How well I control shrinkage at my store",if manager &amp; workplace gives bonuses,2,"5, 6",False
Manager Main,bonus_labor,factor considered in bonus - labor costs,"0.  No,
1.  Yes","Below is a list of factors commonly used to determine employee bonuses. To the best of your knowledge, which of these factors are considered to determine your bonus? Mark all that apply. - How well I manage labor costs or budget",if manager &amp; workplace gives bonuses,2,"5, 6",False
Manager Main,bonus_workcomp,factor considered in bonus - manage employee expenses,"0.  No,
1.  Yes","Below is a list of factors commonly used to determine employee bonuses. To the best of your knowledge, which of these factors are considered to determine your bonus? Mark all that apply. - How well I manage other employee expenses (such as worker’s comp)",if manager &amp; workplace gives bonuses,2,"5, 6",False
Manager Main,bonusrank_shrink,rank factor considered in bonus - control shrinkage,,"To the best of your knowledge, please rank the factors used to determine your bonus in order of importance - How well I control shrinkage at my store",if manager &amp; workplace gives bonuses,2,"5, 6",False
Manager Main,bonusrank_labor,rank factor considered in bonus - labor costs,,"To the best of your knowledge, please rank the factors used to determine your bonus in order of importance - How well I manage labor costs or budget",if manager &amp; workplace gives bonuses,2,"5, 6",False
Manager Main,bonusrank_workcomp,rank factor considered in bonus - manage employee expenses,,"To the best of your knowledge, please rank the factors used to determine your bonus in order of importance - How well I manage other employee expenses (such as worker’s comp)",if manager &amp; workplace gives bonuses,2,"5, 6",False
Manager Main,bonusrank_net,rank factor considered in bonus - net profits,,"To the best of your knowledge, please rank the factors used to determine your bonus in order of importance - Net profits at my store",if manager &amp; workplace gives bonuses,2,"5, 6",False
Manager Main,bonusrank_sales,rank factor considered in bonus - sales,,"To the best of your knowledge, please rank the factors used to determine your bonus in order of importance - The total value of sales made at my store",if manager &amp; workplace gives bonuses,2,"5, 6",False
Manager Main,bonusrank_other,rank factor considered in bonus - other,,"To the best of your knowledge, please rank the factors used to determine your bonus in order of importance - Other",if manager &amp; workplace gives bonuses,2,"5, 6",False
Manager Main,bonusrank_other_text,rank factor considered in bonus - other text,,"To the best of your knowledge, please rank the factors used to determine your bonus in order of importance - Other",if manager &amp; workplace gives bonuses,2,"5, 6",False
Manager Main,hireopensched,importance of applicant availability when hiring,"1.  I only hire employees with open availability,
2.  Very important,
3.  Somewhat important,
4.  A little important,
5.  Not at all important","When you are hiring, how important to you is an applicant’s open availability to work all hours?",if manager &amp; hires employees,2,"5, 6",False
Manager Main,parttimepct,estimation of part-time workers,,"To the best of your knowledge, about what percentage of employees at your establishment work part-time (less than 40 hours per week)? Please provide your best estimate.",if manager,2,"5, 6",False
Manager Main,task_interview_allms,manager duties include - interview/select employees (harmonized),,Please select all of the following tasks you regularly perform in your job at [EMPLOYER NAME]. Mark all that apply - Interviewing and selecting employees or job applicants,,2,"5, 6",False
Manager Main,task_train_allms,manager duties include - train employees (harmonized),,Please select all of the following tasks you regularly perform in your job at [EMPLOYER NAME]. Mark all that apply - Training employees,,2,"5, 6",False
Manager Main,task_sethour_allms,manager duties include - setting hours (harmonized),,Please select all of the following tasks you regularly perform in your job at [EMPLOYER NAME]. Mark all that apply - Setting and adjusting hours of work,,2,"5, 6",False
Manager Main,task_direct_allms,manager duties include - directing employees' work (harmonized),,Please select all of the following tasks you regularly perform in your job at [EMPLOYER NAME]. Mark all that apply - Directing the work of employees,,2,"5, 6",False
Manager Main,task_record_allms,manager duties include - maintain records (harmonized),,Please select all of the following tasks you regularly perform in your job at [EMPLOYER NAME]. Mark all that apply - Maintaining production or sales records for use in supervision or control of workers,,2,"5, 6",False
Manager Main,task_evaluate_allms,manager duties include - evaluate employees (harmonized),,"Please select all of the following tasks you regularly perform in your job at [EMPLOYER NAME]. Mark all that apply - Appraising employee performance for the purpose of recommending hiring,
firing, promotions or other changes in status or pay",,2,"5, 6",False
Manager Main,task_grievance_allms,manager duties include - handle employee grievances (harmonized),,Please select all of the following tasks you regularly perform in your job at [EMPLOYER NAME]. Mark all that apply - Handling employee complaints and grievances,,2,"5, 6",False
Manager Main,task_discipline_allms,manager duties include - discipline employees (harmonized),,Please select all of the following tasks you regularly perform in your job at [EMPLOYER NAME]. Mark all that apply - Disciplining employees,,2,"5, 6",False
Manager Main,task_dividework_allms,manager duties include - divide work (harmonized),,Please select all of the following tasks you regularly perform in your job at [EMPLOYER NAME]. Mark all that apply - Dividing up the work among the employees,,2,"5, 6",False
Manager Main,task_stock_allms,manager duties include - decide merch in stock (harmonized),,"Please select all of the following tasks you regularly perform in your job at [EMPLOYER NAME]. Mark all that apply - Deciding on the merchandise to be bought, stocked and sold",,2,"5, 6",False
Manager Main,task_distribute_allms,manager duties include - control flow of material (harmonized),,Please select all of the following tasks you regularly perform in your job at [EMPLOYER NAME]. Mark all that apply - Controlling the flow and distribution of materials or merchandise and supplies,,2,"5, 6",False
Manager Main,task_safety_allms,manager duties include - ensure safety of employees or property (harmonized),,Please select all of the following tasks you regularly perform in your job at [EMPLOYER NAME]. Mark all that apply - Providing for the safety and security of the employees or the property,,2,"5, 6",False
Manager Main,task_budget_allms,manager duties include - plan or control budget (harmonized),,Please select all of the following tasks you regularly perform in your job at [EMPLOYER NAME]. Mark all that apply - Planning and controlling the budget,,2,"5, 6",False
Manager Main,task_paybill_allms,manager duties include - bill payments (harmonized),,Please select all of the following tasks you regularly perform in your job at [EMPLOYER NAME]. Mark all that apply - Authorizing payment of bills,,2,"5, 6",False
Manager Main,task_comply_allms,manager duties include - ensure legal compliance (harmonized),,Please select all of the following tasks you regularly perform in your job at [EMPLOYER NAME]. Mark all that apply - Monitoring or implementing measures to comply with the law,,2,"5, 6",False
Manager Vingettes,vign1,vignette 1 - respond to employee's request to change shift tomorrow,"1.  I make the change without negative consequences for the employee,
2.  I make the change with negative consequences for the employee,
3.  I do not make the change",[EMPLOYEE NAME] has worked for you at [EMPLOYER NAME] for [TENURE]. They have requested you change their shift tomorrow because [REASON]. How do you respond?,if manager,2,"5, 6",False
Manager Vingettes,vign_name1,vignette 1 - employee name,,[EMPLOYEE NAME] has worked for you at [EMPLOYER NAME] for [TENURE]. They have requested you change their shift tomorrow because [REASON]. How do you respond?,if manager,2,"5, 6",False
Manager Vingettes,vign_tenure1,vignette 1 - employee's job tenure,,[EMPLOYEE NAME] has worked for you at [EMPLOYER NAME] for [TENURE]. They have requested you change their shift tomorrow because [REASON]. How do you respond?,if manager,2,"5, 6",False
Manager Vingettes,vign_reason1,vignette 1 - employee's reason for shift change,,[EMPLOYEE NAME] has worked for you at [EMPLOYER NAME] for [TENURE]. They have requested you change their shift tomorrow because [REASON]. How do you respond?,if manager,2,"5, 6",False
Manager Vingettes,vign2,vignette 2 - respond to employee's reason for missing work yesterday,"1.  Fire them,
2.  Verbally reprimand them,
3.  Issue a formal demerit,
4.  Penalize them with a worse schedule or fewer hours,
5.  Do nothing and move on","[EMPLOYEE NAME] has work for you at [EMPLOYER NAME] for [TENURE]. They missed work yesterday. When they came to work today, they said they missed their last shift because [REASON]. How do you respond?",if manager,2,"5, 6",False
Manager Vingettes,vign_name2,vignette 2 - employee name,,"[EMPLOYEE NAME] has work for you at [EMPLOYER NAME] for [TENURE]. They missed work yesterday. When they came to work today, they said they missed their last shift because [REASON]. How do you respond?",if manager,2,"5, 6",False
Manager Vingettes,vign_tenure2,vignette 2 - employee's job tenure,,"[EMPLOYEE NAME] has work for you at [EMPLOYER NAME] for [TENURE]. They missed work yesterday. When they came to work today, they said they missed their last shift because [REASON]. How do you respond?",if manager,2,"5, 6",False
Manager Vingettes,vign_reason2,vignette 2 - employee's reason for missing work,,"[EMPLOYEE NAME] has work for you at [EMPLOYER NAME] for [TENURE]. They missed work yesterday. When they came to work today, they said they missed their last shift because [REASON]. How do you respond?",if manager,2,"5, 6",False
